key,player,owner,pos,market,sleeper,ratio,rel,median
jalen hurts,Jalen Hurts,Regulators,QB,194.01,206.44,0.9398,1.0424,0.9016
kenny walker,Kenneth Walker,Regulators,RB,71.50,64.37,1.1107,1.2320,0.9016
breece hall,Breece Hall,Regulators,RB,64.41,62.88,1.0244,1.1362,0.9016
christian watson,Christian Watson,Regulators,WR,58.17,70.79,0.8217,0.9114,0.9016
alec pierce,Alec Pierce,Regulators,WR,43.52,57.87,0.7520,0.8341,0.9016
jeremiyah love,Jeremiyah Love,Regulators,RB,36.74,44.14,0.8324,0.9233,0.9016
dan jones,Daniel Jones,Regulators,QB,203.61,216.33,0.9412,1.0440,0.9016
kaelon black,Kaelon Black,Regulators,RB,40.31,31.19,1.2924,1.4335,0.9016
dalton kincaid,Dalton Kincaid,Regulators,TE,52.21,45.94,1.1365,1.2606,0.9016
justin herbert,Justin Herbert,65 SOUTH,QB,201.12,233.48,0.8614,0.9554,0.9016
jaylen warren,Jaylen Warren,65 SOUTH,RB,39.71,52.73,0.7532,0.8354,0.9016
parker washington,Parker Washington,65 SOUTH,WR,52.37,51.80,1.0110,1.1213,0.9016
amon ra st brown,Amon-Ra St. Brown,65 SOUTH,WR,80.14,76.34,1.0498,1.1644,0.9016
jaylen waddle,Jaylen Waddle,65 SOUTH,WR,50.89,61.93,0.8217,0.9114,0.9016
tyler warren,Tyler Warren,65 SOUTH,TE,42.05,45.76,0.9189,1.0193,0.9016
rashee rice,Rashee Rice,65 SOUTH,WR,52.52,68.68,0.7647,0.8482,0.9016
jk dobbins,J.K. Dobbins,65 SOUTH,RB,57.30,42.74,1.3406,1.4870,0.9016
trevor lawrence,Trevor Lawrence,65 SOUTH,QB,214.31,231.46,0.9259,1.0270,0.9016
keenan allen,Keenan Allen,65 SOUTH,WR,31.16,32.94,0.9461,1.0494,0.9016
javonte williams,Javonte Williams,Ain't No Waller-Back Girl,RB,67.73,82.79,0.8181,0.9074,0.9016
justin jefferson,Justin Jefferson,Ain't No Waller-Back Girl,WR,73.70,87.14,0.8458,0.9381,0.9016
harold fannin,Harold Fannin,Ain't No Waller-Back Girl,TE,24.52,44.11,0.5558,0.6165,0.9016
jordan love,Jordan Love,Ain't No Waller-Back Girl,QB,246.74,249.97,0.9871,1.0949,0.9016
denzel boston,Denzel Boston,Ain't No Waller-Back Girl,WR,24.10,38.24,0.6303,0.6991,0.9016
khalil shakir,Khalil Shakir,Ain't No Waller-Back Girl,WR,47.01,47.52,0.9893,1.0974,0.9016
derrick henry,Derrick Henry,Phish Phanatics,RB,81.42,79.80,1.0203,1.1317,0.9016
dandre swift,D'Andre Swift,Phish Phanatics,RB,57.84,53.35,1.0842,1.2026,0.9016
garrett wilson,Garrett Wilson,Phish Phanatics,WR,59.50,60.23,0.9879,1.0957,0.9016
jameson williams,Jameson Williams,Phish Phanatics,WR,61.78,61.48,1.0049,1.1146,0.9016
jake ferguson,Jake Ferguson,Phish Phanatics,TE,28.60,43.67,0.6548,0.7263,0.9016
mike evans,Mike Evans,Phish Phanatics,WR,47.96,59.78,0.8023,0.8899,0.9016
baker mayfield,Baker Mayfield,Phish Phanatics,QB,189.68,216.74,0.8752,0.9707,0.9016
bhayshul tuten,Bhayshul Tuten,Phish Phanatics,RB,48.38,36.84,1.3133,1.4567,0.9016
kyle monangai,Kyle Monangai,Phish Phanatics,RB,37.62,36.35,1.0349,1.1479,0.9016
josh allen,Josh Allen,Short Bus,QB,233.86,234.25,0.9984,1.1074,0.9016
ashton jeanty,Ashton Jeanty,Short Bus,RB,62.84,61.74,1.0178,1.1290,0.9016
carnell tate,Carnell Tate,Short Bus,WR,41.33,42.15,0.9805,1.0876,0.9016
devaughn vele,Devaughn Vele,Short Bus,WR,41.90,45.86,0.9137,1.0135,0.9016
jared goff,Jared Goff,Short Bus,QB,248.73,250.55,0.9927,1.1011,0.9016
caleb williams,Caleb Williams,Sycawhores,QB,215.24,231.43,0.9301,1.0316,0.9016
jadarian price,Jadarian Price,Sycawhores,RB,53.96,61.46,0.8780,0.9739,0.9016
rhamondre stevenson,Rhamondre Stevenson,Sycawhores,RB,47.78,46.88,1.0192,1.1305,0.9016
nico collins,Nico Collins,Sycawhores,WR,65.43,87.17,0.7506,0.8325,0.9016
george pickens,George Pickens,Sycawhores,WR,61.08,90.21,0.6771,0.7510,0.9016
courtland sutton,Courtland Sutton,Sycawhores,WR,42.09,46.66,0.9020,1.0005,0.9016
hunter henry,Hunter Henry,Sycawhores,TE,38.11,43.52,0.8756,0.9712,0.9016
stefon diggs,Stefon Diggs,Sycawhores,WR,45.71,58.22,0.7852,0.8709,0.9016
rico dowdle,Rico Dowdle,Sycawhores,RB,37.84,50.89,0.7435,0.8247,0.9016
josh downs,Josh Downs,Sycawhores,WR,36.18,43.91,0.8241,0.9140,0.9016
mike wilson,Michael Wilson,Sycawhores,WR,38.34,49.78,0.7703,0.8544,0.9016
jacory croskey merritt,Jacory Croskey-Merritt,Sycawhores,RB,54.31,46.90,1.1580,1.2845,0.9016
cj stroud,C.J. Stroud,Sycawhores,QB,224.81,237.59,0.9462,1.0495,0.9016
lamar jackson,Lamar Jackson,WINdianapolis,QB,216.70,215.39,1.0061,1.1159,0.9016
jon taylor,Jonathan Taylor,WINdianapolis,RB,81.36,87.92,0.9254,1.0265,0.9016
devonta smith,DeVonta Smith,WINdianapolis,WR,59.21,74.47,0.7951,0.8819,0.9016
terry mclaurin,Terry McLaurin,WINdianapolis,WR,53.77,72.40,0.7427,0.8237,0.9016
dk metcalf,DK Metcalf,WINdianapolis,WR,60.42,53.17,1.1363,1.2603,0.9016
deebo samuel,Deebo Samuel,WINdianapolis,WR,31.70,46.58,0.6806,0.7550,0.9016
tony pollard,Tony Pollard,WINdianapolis,RB,42.59,48.77,0.8732,0.9686,0.9016
jordan addison,Jordan Addison,WINdianapolis,WR,36.96,48.56,0.7612,0.8443,0.9016
pat mahomes,Patrick Mahomes,Deadites,QB,196.88,249.25,0.7899,0.8761,0.9016
chase brown,Chase Brown,Deadites,RB,55.32,55.32,1.0000,1.1092,0.9016
david montgomery,David Montgomery,Deadites,RB,62.77,75.75,0.8286,0.9190,0.9016
ceedee lamb,CeeDee Lamb,Deadites,WR,70.03,95.70,0.7318,0.8117,0.9016
dj moore,DJ Moore,Deadites,WR,62.90,54.73,1.1493,1.2748,0.9016
tee higgins,Tee Higgins,Deadites,WR,50.13,60.93,0.8227,0.9125,0.9016
george kittle,George Kittle,Deadites,TE,39.09,49.29,0.7930,0.8796,0.9016
wandale robinson,Wan'Dale Robinson,Deadites,WR,37.65,35.31,1.0664,1.1828,0.9016
joe burrow,Joe Burrow,Deadites,QB,232.51,246.51,0.9432,1.0462,0.9016
tj hockenson,T.J. Hockenson,Deadites,TE,33.32,37.50,0.8885,0.9856,0.9016
dak prescott,Dak Prescott,FWU,QB,246.14,268.88,0.9154,1.0154,0.9016
jahmyr gibbs,Jahmyr Gibbs,FWU,RB,89.88,107.39,0.8370,0.9284,0.9016
saquon barkley,Saquon Barkley,FWU,RB,72.62,73.27,0.9912,1.0994,0.9016
chris olave,Chris Olave,FWU,WR,67.77,76.51,0.8858,0.9825,0.9016
caleb douglas,Caleb Douglas,FWU,WR,37.98,36.81,1.0318,1.1445,0.9016
trey mcbride,Trey McBride,FWU,TE,55.27,61.30,0.9016,1.0000,0.9016
dalton schultz,Dalton Schultz,FWU,TE,36.78,41.05,0.8960,0.9938,0.9016
xavier worthy,Xavier Worthy,FWU,WR,42.32,47.37,0.8935,0.9910,0.9016
bryce young,Bryce Young,FWU,QB,204.21,199.45,1.0238,1.1356,0.9016
marcus robinson,Demarcus Robinson,FWU,WR,28.32,30.05,0.9425,1.0454,0.9016
omarion hampton,Omarion Hampton,Ex-Presidents,RB,60.44,57.66,1.0483,1.1627,0.9016
bucky irving,Bucky Irving,Ex-Presidents,RB,35.82,48.39,0.7402,0.8210,0.9016
luther burden,Luther Burden,Ex-Presidents,WR,49.25,58.90,0.8362,0.9275,0.9016
tetairoa mcmillan,Tetairoa McMillan,Ex-Presidents,WR,56.47,67.65,0.8348,0.9259,0.9016
marvin harrison,Marvin Harrison,Ex-Presidents,WR,34.57,48.31,0.7156,0.7937,0.9016
colston loveland,Colston Loveland,Ex-Presidents,TE,44.98,55.22,0.8145,0.9034,0.9016
bo nix,Bo Nix,Ex-Presidents,QB,218.89,219.42,0.9976,1.1065,0.9016
treveyon henderson,TreVeyon Henderson,Ex-Presidents,RB,36.78,41.01,0.8968,0.9947,0.9016
romeo doubs,Romeo Doubs,Ex-Presidents,WR,38.09,42.62,0.8937,0.9913,0.9016
mack hollins,Mack Hollins,Ex-Presidents,WR,37.06,41.90,0.8845,0.9810,0.9016
james cook,James Cook,OVERKILL,RB,77.75,79.75,0.9749,1.0814,0.9016
jaxon smith njigba,Jaxon Smith-Njigba,OVERKILL,WR,74.70,101.37,0.7369,0.8173,0.9016
malik washington,Malik Washington,OVERKILL,WR,28.94,32.01,0.9040,1.0027,0.9016
sam laporta,Sam LaPorta,OVERKILL,TE,47.08,44.50,1.0579,1.1734,0.9016
isaiah likely,Isaiah Likely,OVERKILL,TE,34.84,35.49,0.9816,1.0888,0.9016
ryan flournoy,Ryan Flournoy,OVERKILL,WR,32.50,39.07,0.8319,0.9227,0.9016
demario douglas,DeMario Douglas,OVERKILL,WR,36.02,39.11,0.9209,1.0214,0.9016
tyler shough,Tyler Shough,Rayland,QB,226.44,236.19,0.9587,1.0634,0.9016
devon achane,De'Von Achane,Rayland,RB,53.12,74.73,0.7109,0.7885,0.9016
quinshon judkins,Quinshon Judkins,Rayland,RB,31.78,57.96,0.5483,0.6081,0.9016
jamarr chase,Ja'Marr Chase,Rayland,WR,76.72,74.58,1.0287,1.1410,0.9016
rome odunze,Rome Odunze,Rayland,WR,42.56,48.42,0.8789,0.9749,0.9016
malik nabers,Malik Nabers,Rayland,WR,65.07,58.18,1.1184,1.2405,0.9016
tucker kraft,Tucker Kraft,Rayland,TE,45.32,56.74,0.7987,0.8859,0.9016
travis kelce,Travis Kelce,Rayland,TE,47.65,51.31,0.9287,1.0301,0.9016
jayden daniels,Jayden Daniels,Rayland,QB,195.04,217.93,0.8950,0.9927,0.9016
jerry jeudy,Jerry Jeudy,Rayland,WR,24.20,39.43,0.6137,0.6807,0.9016
