player,tm,pos,pts
Marcus Mariota,WAS,QB,21.09
Kenneth Walker III,KC,RB,18.49
Jeremiyah Love,ARI,RB,16.23
Christian Watson,GB,WR,15.58
Dontayvion Wicks,PHI,WR,12.05
Zay Flowers,BAL,WR,16.20
Dalton Kincaid,BUF,TE,11.77
Woody Marks,HOU,RB,8.69
Jalen Hurts,PHI,QB,20.18
Breece Hall,NYJ,RB,0.00
Alec Pierce,IND,WR,0.00
Dallas Goedert,PHI,TE,0.00
A.J. Brown,NE,WR,0.00
Kaelon Black,SF,RB,4.86
Tank Bigsby,PHI,RB,3.11
Chris Bell,MIA,WR,7.82
Spencer Shrader,IND,K,9.27
Ravens,BAL,DEF,8.03
Trevor Lawrence,JAX,QB,24.91
Cam Skattebo,NYG,RB,15.64
Jaylen Warren,PIT,RB,18.06
Parker Washington,JAX,WR,15.90
Matthew Golden,GB,WR,13.06
Jaylen Waddle,DEN,WR,14.41
Tyler Warren,IND,TE,14.35
Amon-Ra St. Brown,DET,WR,19.72
J.K. Dobbins,DEN,RB,8.45
Justin Herbert,LAC,QB,19.41
Rashee Rice,KC,WR,15.17
Mike Washington Jr.,LV,RB,4.94
Kenny Gainwell,TB,RB,7.62
Kimani Vidal,LAC,RB,2.21
Keenan Allen,IND,WR,0.00
Darius Slayton,IND,WR,2.86
Cam Little,JAX,K,9.23
Patriots,NE,DEF,3.95
Jordan Love,GB,QB,23.37
Javonte Williams,DAL,RB,13.89
Kyren Williams,LAR,RB,13.43
Justin Jefferson,MIN,WR,0.00
Ladd McConkey,LAC,WR,12.28
Emeka Egbuka,TB,WR,11.23
Harold Fannin Jr.,CLE,TE,11.89
Khalil Shakir,BUF,WR,9.12
Drake Maye,NE,QB,22.95
Brian Thomas Jr.,JAX,WR,8.04
RJ Harvey,DEN,RB,10.76
Tyjae Spears,TEN,RB,6.91
Denzel Boston,CLE,WR,10.57
Isaac TeSlaa,DET,WR,4.89
Xavier Legette,CAR,WR,0.00
Chig Okonkwo,WAS,TE,8.88
Ka'imi Fairbairn,HOU,K,9.76
Broncos,DEN,DEF,5.08
Joe Burrow,CIN,QB,26.47
Chase Brown,CIN,RB,17.51
David Montgomery,HOU,RB,13.42
CeeDee Lamb,DAL,WR,17.40
DJ Moore,BUF,WR,13.35
Tee Higgins,CIN,WR,16.02
George Kittle,SF,TE,12.38
Chuba Hubbard,CAR,RB,16.11
Patrick Mahomes,KC,QB,25.67
Wan'Dale Robinson,TEN,WR,10.14
Jordan Mason,MIN,RB,0.00
Juwan Johnson,NO,TE,10.61
Mark Andrews,BAL,TE,10.05
Keaton Mitchell,LAC,RB,6.45
T.J. Hockenson,MIN,TE,10.59
Trey Smack,GB,K,8.50
Bears,CHI,DEF,7.26
Texans,HOU,DEF,6.05
Bo Nix,DEN,QB,23.44
Omarion Hampton,LAC,RB,11.37
Bucky Irving,TB,RB,13.22
Luther Burden III,CHI,WR,12.61
Tetairoa McMillan,CAR,WR,15.04
Quentin Johnston,LAC,WR,9.87
Colston Loveland,CHI,TE,10.46
TreVeyon Henderson,NE,RB,10.07
Travis Etienne Jr.,NO,RB,0.00
Marvin Harrison Jr.,ARI,WR,7.80
Jonathon Brooks,CAR,RB,0.00
Tyler Allgeier,ARI,RB,7.41
Ja'Kobi Lane,BAL,WR,0.00
Romeo Doubs,NE,WR,9.41
Jameis Winston,NYG,QB,19.46
Emanuel Wilson,SEA,RB,9.16
Evan McPherson,CIN,K,9.45
Rams,LAR,DEF,6.85
Dak Prescott,DAL,QB,24.23
Jahmyr Gibbs,DET,RB,24.40
Saquon Barkley,PHI,RB,15.58
Chris Olave,NO,WR,18.50
Xavier Worthy,KC,WR,9.77
Mack Hollins,NE,WR,8.48
Trey McBride,ARI,TE,16.56
Dalton Schultz,HOU,TE,10.03
Jaylen Wright,MIA,RB,5.28
Jordyn Tyson,NO,WR,0.00
Tank Dell,HOU,WR,0.00
Kayshon Boutte,HOU,WR,7.85
Caleb Douglas,MIA,WR,0.00
Kyler Murray,MIN,QB,23.94
Bryce Young,CAR,QB,24.20
Jonah Coleman,DEN,RB,0.00
Tyler Loop,BAL,K,9.55
Bills,BUF,DEF,6.96
Matthew Stafford,LAR,QB,21.80
James Cook III,BUF,RB,16.31
MarShawn Lloyd,GB,RB,7.24
Jaxon Smith-Njigba,SEA,WR,21.76
Drake London,ATL,WR,16.71
Malik Washington,MIA,WR,9.96
Sam LaPorta,DET,TE,11.16
Isaiah Likely,NYG,TE,10.75
Jauan Jennings,MIN,WR,9.88
Josh Jacobs,GB,RB,0.00
Ray Davis,BUF,RB,2.30
Ryan Flournoy,DAL,WR,8.50
DeMario Douglas,NE,WR,7.43
Xavier Hutchinson,HOU,WR,6.77
Makai Lemon,PHI,WR,10.11
Jason Myers,SEA,K,9.84
Vikings,MIN,DEF,9.14
Jets,NYJ,DEF,5.62
Brock Purdy,SF,QB,24.13
Derrick Henry,BAL,RB,17.86
D'Andre Swift,CHI,RB,14.25
Garrett Wilson,NYJ,WR,17.29
Puka Nacua,LAR,WR,16.54
Jameson Williams,DET,WR,11.71
Kenyon Sadiq,NYJ,TE,9.91
Bhayshul Tuten,JAX,RB,11.08
Mike Evans,SF,WR,13.24
Brenton Strange,JAX,TE,9.06
Jake Ferguson,DAL,TE,8.83
Chris Godwin Jr.,TB,WR,8.97
Kyle Monangai,CHI,RB,9.07
Emmett Johnson,KC,RB,5.32
Pat Bryant,DEN,WR,7.34
Sam Darnold,SEA,QB,21.74
Eddy Pineiro,SF,K,9.40
Steelers,PIT,DEF,8.69
Tyler Shough,NO,QB,24.60
Quinshon Judkins,CLE,RB,11.66
Braelon Allen,NYJ,RB,12.61
Ja'Marr Chase,CIN,WR,21.34
Malik Nabers,NYG,WR,13.18
Jakobi Meyers,JAX,WR,9.82
Tucker Kraft,GB,TE,11.00
Travis Kelce,KC,TE,11.87
Rome Odunze,CHI,WR,9.21
Chris Rodriguez Jr.,JAX,RB,5.69
Jayden Daniels,WAS,QB,0.00
Tre Tucker,LV,WR,8.82
Jerry Jeudy,CLE,WR,4.42
Rashod Bateman,BAL,WR,7.34
Justice Hill,BAL,RB,5.74
Ollie Gordon II,MIA,RB,6.60
Harrison Butker,KC,K,9.46
Seahawks,SEA,DEF,8.74
Josh Allen,BUF,QB,28.47
Bijan Robinson,ATL,RB,22.04
Ashton Jeanty,LV,RB,15.35
Davante Adams,LAR,WR,13.96
Devaughn Vele,NO,WR,10.46
Michael Pittman Jr.,PIT,WR,9.21
Brock Bowers,LV,TE,16.98
Carnell Tate,TEN,WR,10.44
Adonai Mitchell,NYJ,WR,0.00
AJ Barner,SEA,TE,8.31
Rachaad White,WAS,RB,0.00
Jared Goff,DET,QB,24.50
Fernando Mendoza,LV,QB,0.16
Brian Robinson,ATL,RB,5.34
George Holani,SEA,RB,7.65
Kalif Raymond,CHI,WR,8.32
Cairo Santos,CHI,K,8.95
Chargers,LAC,DEF,5.50
C.J. Stroud,HOU,QB,25.40
Rhamondre Stevenson,NE,RB,11.31
Jacory Croskey-Merritt,WAS,RB,12.31
George Pickens,DAL,WR,15.05
Josh Downs,IND,WR,15.48
Nico Collins,HOU,WR,18.03
Hunter Henry,NE,TE,9.79
Michael Wilson,ARI,WR,12.79
Stefon Diggs,WAS,WR,13.32
Jadarian Price,SEA,RB,0.00
Courtland Sutton,DEN,WR,11.14
Rico Dowdle,PIT,RB,0.00
Caleb Williams,CHI,QB,0.00
Zach Charbonnet,SEA,RB,0.00
Oronde Gadsden,LAC,TE,6.97
Kendre Miller,NO,RB,5.69
Tyler Bass,BUF,K,9.31
Browns,CLE,DEF,6.82
Lamar Jackson,BAL,QB,25.93
Jonathan Taylor,IND,RB,20.33
Christian McCaffrey,SF,RB,19.88
Jordan Addison,MIN,WR,14.69
Jalen Coker,CAR,WR,13.13
Deebo Samuel Sr.,SF,WR,10.59
Darren Waller,CAR,TE,8.28
Aaron Jones Sr.,MIN,RB,14.78
Terry McLaurin,WAS,WR,0.11
DeVonta Smith,PHI,WR,0.00
Kyle Pitts Sr.,ATL,TE,8.93
DK Metcalf,PIT,WR,11.01
Blake Corum,LAR,RB,7.74
Tony Pollard,TEN,RB,9.98
Alvin Kamara,NO,RB,10.22
KC Concepcion Jr.,CLE,WR,10.16
Brandon Aubrey,DAL,K,9.54
Packers,GB,DEF,7.95
