ts,team,team_id,player,pid,nfl,pos,status,kind,action,pulled_at
"Oct 4, 10:33 am",Bad News Bears,12,Rashid Shaheed,34659,SEA,WR,,Free Agent,add,2026-10-05T15:52:15+00:00
"Oct 4, 10:33 am",Bad News Bears,12,Kyle Pitts Sr.,33392,ATL,TE,,To Waivers,drop,2026-10-05T15:52:15+00:00
"Oct 3, 8:39 pm",FWU,6,Mack Hollins,30231,NE,WR,Q,Free Agent,add,2026-10-05T15:52:15+00:00
"Oct 3, 8:39 pm",FWU,6,Tre' Harris,41840,LAC,WR,,To Waivers,drop,2026-10-05T15:52:15+00:00
"Oct 2, 6:19 pm",Regulators,1,Marcus Mariota,28390,WAS,QB,D,Free Agent,add,2026-10-05T15:52:15+00:00
"Oct 2, 6:19 pm",Regulators,1,Daniel Jones,31838,IND,QB,,To Waivers,drop,2026-10-05T15:52:15+00:00
"Oct 2, 5:55 pm",Phish Phanatics,8,Sam Darnold,30973,SEA,QB,,Free Agent,add,2026-10-05T15:52:15+00:00
"Oct 2, 5:55 pm",Phish Phanatics,8,Terrance Ferguson,41831,LAR,TE,IR,To Waivers,drop,2026-10-05T15:52:15+00:00
"Oct 1, 9:28 pm",Sycawhores,11,Kendre Miller,40108,NO,RB,,Free Agent,add,2026-10-05T15:52:15+00:00
"Oct 1, 9:28 pm",Sycawhores,11,Rashid Shaheed,34659,SEA,WR,,To Waivers,drop,2026-10-05T15:52:15+00:00
"Oct 1, 1:44 pm",Deadites,4,Joshua Palmer,33465,BUF,WR,,To Waivers,drop,2026-10-05T15:52:15+00:00
"Sep 30, 11:20 am",FWU,6,Jonah Coleman,42730,DEN,RB,IR,Free Agent,add,2026-10-05T15:52:15+00:00
"Sep 30, 11:20 am",FWU,6,Jayden Reed,40063,GB,WR,IR,To Waivers,drop,2026-10-05T15:52:15+00:00
"Sep 30, 6:39 am",Regulators,1,Spencer Shrader,41499,IND,K,,Free Agent,add,2026-10-05T15:52:15+00:00
"Sep 30, 6:39 am",Regulators,1,Chase McLaughlin,32417,TB,K,,To Waivers,drop,2026-10-05T15:52:15+00:00
"Sep 30, 4:12 am",FWU,6,Tre' Harris,41840,LAC,WR,,$11 Waiver,add,2026-10-05T15:52:15+00:00
"Sep 30, 4:12 am",FWU,6,Jalen Nailor,34147,LV,WR,Q,To Waivers,drop,2026-10-05T15:52:15+00:00
"Sep 30, 4:12 am",Regulators,1,Chris Bell,42716,MIA,WR,,$16 Waiver,add,2026-10-05T15:52:15+00:00
"Sep 30, 4:12 am",Regulators,1,LaJohntay Wester,42000,BAL,WR,,To Waivers,drop,2026-10-05T15:52:15+00:00
"Sep 30, 4:12 am",Phish Phanatics,8,Kenyon Sadiq,42638,NYJ,TE,,$17 Waiver,add,2026-10-05T15:52:15+00:00
"Sep 30, 4:12 am",FWU,6,Jaylen Wright,41010,MIA,RB,,$31 Waiver,add,2026-10-05T15:52:15+00:00
"Sep 30, 4:12 am",FWU,6,Jalen McMillan,40954,TB,WR,IR,To Waivers,drop,2026-10-05T15:52:15+00:00
"Sep 30, 4:12 am",Rayland,9,Braelon Allen,40981,NYJ,RB,,$33 Waiver,add,2026-10-05T15:52:15+00:00
"Sep 30, 4:12 am",Rayland,9,Tyrone Tracy Jr.,41048,NYG,RB,,To Waivers,drop,2026-10-05T15:52:15+00:00
"Sep 30, 4:12 am",Rayland,9,Ollie Gordon II,41969,MIA,RB,,$66 Waiver,add,2026-10-05T15:52:15+00:00
"Sep 30, 4:12 am",Rayland,9,De'Von Achane,40118,MIA,RB,IR,To Waivers,drop,2026-10-05T15:52:15+00:00
"Sep 27, 8:16 pm",Phish Phanatics,8,Pat Bryant,41860,DEN,WR,Q,Free Agent,add,2026-10-05T15:52:15+00:00
"Sep 27, 8:16 pm",Phish Phanatics,8,Ted Hurst III,42706,TB,WR,,To Waivers,drop,2026-10-05T15:52:15+00:00
"Sep 27, 12:19 pm",Regulators,1,LaJohntay Wester,42000,BAL,WR,,Free Agent,add,2026-10-05T15:52:15+00:00
"Sep 27, 12:19 pm",Regulators,1,Tre' Harris,41840,LAC,WR,,To Waivers,drop,2026-10-05T15:52:15+00:00
"Sep 27, 10:34 am",Bad News Bears,12,Darren Waller,28592,CAR,TE,,Free Agent,add,2026-10-05T15:52:15+00:00
"Sep 27, 10:34 am",Bad News Bears,12,Braelon Allen,40981,NYJ,RB,,To Waivers,drop,2026-10-05T15:52:15+00:00
"Sep 27, 9:42 am",Deadites,4,Joshua Palmer,33465,BUF,WR,,Free Agent,add,2026-10-05T15:52:15+00:00
"Sep 27, 9:42 am",Deadites,4,Kendrick Bourne,30551,ARI,WR,,To Waivers,drop,2026-10-05T15:52:15+00:00
"Sep 26, 8:36 pm",Phish Phanatics,8,Ted Hurst III,42706,TB,WR,,Free Agent,add,2026-10-05T15:52:15+00:00
"Sep 26, 8:36 pm",Phish Phanatics,8,Jonah Coleman,42730,DEN,RB,IR,To Waivers,drop,2026-10-05T15:52:15+00:00
