team_id,owner,record,rank,slot,player,pid,nfl,pos,status,game,bye,fan_pts,proj_pts,pulled_at
1,My Team is on IR,2-2-0,4,QB,Jordan Love,32696,GB,QB,,Sun 1:00 pm vs Chi ,11,–,35.98,2026-10-07T20:46:36+00:00
1,My Team is on IR,2-2-0,4,RB,Chase Brown,40196,CIN,RB,,Sun 1:00 pm @ Mia ,6,–,16.48,2026-10-07T20:46:36+00:00
1,My Team is on IR,2-2-0,4,WR,Puka Nacua,40168,LAR,WR,,Mon 8:15 pm vs Buf,11,–,22.44,2026-10-07T20:46:36+00:00
1,My Team is on IR,2-2-0,4,TE,Tyler Warren,41799,IND,TE,,Sun 1:00 pm @ Pit ,13,–,10.94,2026-10-07T20:46:36+00:00
1,My Team is on IR,2-2-0,4,W/R,Dontayvion Wicks,40201,PHI,WR,,Sun 9:30 am @ Jax ,10,–,8.74,2026-10-07T20:46:36+00:00
1,My Team is on IR,2-2-0,4,W/R/T,George Pickens,34007,DAL,WR,,Thu 8:15 pm vs TB ,14,–,14.45,2026-10-07T20:46:36+00:00
1,My Team is on IR,2-2-0,4,Q/W/R/T,Deshaun Watson,30125,CLE,QB,,Sun 1:00 pm @ NYJ ,11,–,32.77,2026-10-07T20:46:36+00:00
1,My Team is on IR,2-2-0,4,BN,Bryce Young,40029,CAR,QB,,Bye,5,-,-,2026-10-07T20:46:36+00:00
1,My Team is on IR,2-2-0,4,BN,Chuba Hubbard,33514,CAR,RB,,Bye,5,-,-,2026-10-07T20:46:36+00:00
1,My Team is on IR,2-2-0,4,BN,Josh Jacobs,31856,GB,RB,CEL,Sun 1:00 pm vs Chi ,11,–,0.00,2026-10-07T20:46:36+00:00
1,My Team is on IR,2-2-0,4,BN,Courtland Sutton,31010,DEN,WR,,Sun 4:05 pm @ LAC ,10,–,9.68,2026-10-07T20:46:36+00:00
1,My Team is on IR,2-2-0,4,BN,Breece Hall,33991,NYJ,RB,D,Sun 1:00 pm vs Cle ,13,–,4.73,2026-10-07T20:46:36+00:00
1,My Team is on IR,2-2-0,4,K,Chase McLaughlin,32417,TB,K,,Thu 8:15 pm @ Dal ,10,–,9.79,2026-10-07T20:46:36+00:00
1,My Team is on IR,2-2-0,4,DEF,Raiders,100013,LV,DEF,,Sun 1:00 pm @ NE ,13,–,20.76,2026-10-07T20:46:36+00:00
1,My Team is on IR,2-2-0,4,BN,Packers,100009,GB,DEF,,Sun 1:00 pm vs Chi ,11,–,22.76,2026-10-07T20:46:36+00:00
1,My Team is on IR,2-2-0,4,D,Nakobe Dean,34039,LV,LB,,Sun 1:00 pm @ NE ,13,–,22.47,2026-10-07T20:46:36+00:00
1,My Team is on IR,2-2-0,4,DB,Quentin Lake,34167,LAR,"DB,S",,Mon 8:15 pm vs Buf,11,–,16.97,2026-10-07T20:46:36+00:00
1,My Team is on IR,2-2-0,4,DL,Andrew Van Ginkel,31983,MIN,"LB,DE",,Sun 1:00 pm @ NO ,6,–,15.43,2026-10-07T20:46:36+00:00
1,My Team is on IR,2-2-0,4,LB,Ernest Jones IV,33491,SEA,LB,,Sun 4:25 pm vs SF ,11,–,19.51,2026-10-07T20:46:36+00:00
1,My Team is on IR,2-2-0,4,CB,Keisean Nixon,32348,GB,CB,,Sun 1:00 pm vs Chi ,11,–,14.22,2026-10-07T20:46:36+00:00
1,My Team is on IR,2-2-0,4,S,Kevin Byard III,29298,NE,S,,Sun 1:00 pm vs LV ,11,–,18.65,2026-10-07T20:46:36+00:00
1,My Team is on IR,2-2-0,4,BN,Donovan Ezeiruaku,41829,DAL,"LB,DE",,Thu 8:15 pm vs TB ,14,–,14.50,2026-10-07T20:46:36+00:00
1,My Team is on IR,2-2-0,4,BN,Quincy Williams,31930,CLE,LB,,Sun 1:00 pm @ NYJ ,11,–,18.07,2026-10-07T20:46:36+00:00
2,JETS,2-2-0,6,QB,Josh Allen,30977,BUF,QB,,Mon 8:15 pm @ LAR,7,–,39.08,2026-10-07T20:46:36+00:00
2,JETS,2-2-0,6,RB,Jonathan Taylor,32711,IND,RB,,Sun 1:00 pm @ Pit ,13,–,16.08,2026-10-07T20:46:36+00:00
2,JETS,2-2-0,6,WR,Jaylen Waddle,33394,DEN,WR,,Sun 4:05 pm @ LAC ,10,–,13.49,2026-10-07T20:46:36+00:00
2,JETS,2-2-0,6,TE,Dalton Schultz,31107,HOU,TE,,Sun 1:00 pm @ Ten ,8,–,7.97,2026-10-07T20:46:36+00:00
2,JETS,2-2-0,6,W/R,Aaron Jones Sr.,30295,MIN,RB,,Sun 1:00 pm @ NO ,6,–,13.57,2026-10-07T20:46:36+00:00
2,JETS,2-2-0,6,W/R/T,DK Metcalf,31896,PIT,WR,,Sun 1:00 pm vs Ind ,9,–,13.53,2026-10-07T20:46:36+00:00
2,JETS,2-2-0,6,Q/W/R/T,Bo Nix,40875,DEN,QB,,Sun 4:05 pm @ LAC ,10,–,35.74,2026-10-07T20:46:36+00:00
2,JETS,2-2-0,6,BN,David Montgomery,31905,HOU,RB,,Sun 1:00 pm @ Ten ,8,–,11.57,2026-10-07T20:46:36+00:00
2,JETS,2-2-0,6,BN,Patrick Mahomes,30123,KC,QB,,Bye,5,-,-,2026-10-07T20:46:36+00:00
2,JETS,2-2-0,6,BN,Omarion Hampton,41807,LAC,RB,,Sun 4:05 pm vs Den ,7,–,9.95,2026-10-07T20:46:36+00:00
2,JETS,2-2-0,6,BN,Kyle Monangai,42025,CHI,RB,Q,Sun 1:00 pm @ GB ,10,–,9.34,2026-10-07T20:46:36+00:00
2,JETS,2-2-0,6,BN,AJ Barner,41001,SEA,TE,,Sun 4:25 pm vs SF ,11,–,7.61,2026-10-07T20:46:36+00:00
2,JETS,2-2-0,6,K,Evan McPherson,33537,CIN,K,,Sun 1:00 pm @ Mia ,6,–,11.01,2026-10-07T20:46:36+00:00
2,JETS,2-2-0,6,BN,Jason Myers,28378,SEA,K,,Sun 4:25 pm vs SF ,11,–,11.10,2026-10-07T20:46:36+00:00
2,JETS,2-2-0,6,DEF,Browns,100005,CLE,DEF,,Sun 1:00 pm @ NYJ ,11,–,29.15,2026-10-07T20:46:36+00:00
2,JETS,2-2-0,6,BN,Bears,100003,CHI,DEF,,Sun 1:00 pm @ GB ,10,–,24.70,2026-10-07T20:46:36+00:00
2,JETS,2-2-0,6,D,Alex Singleton,28716,DEN,LB,,Sun 4:05 pm @ LAC ,10,–,19.41,2026-10-07T20:46:36+00:00
2,JETS,2-2-0,6,DB,Dillon Thieneman,42647,CHI,S,,Sun 1:00 pm @ GB ,10,–,20.72,2026-10-07T20:46:36+00:00
2,JETS,2-2-0,6,DL,Danielle Hunter,28476,HOU,"LB,DE",,Sun 1:00 pm @ Ten ,8,–,12.49,2026-10-07T20:46:36+00:00
2,JETS,2-2-0,6,LB,Jamien Sherwood,33534,NYJ,LB,,Sun 1:00 pm vs Cle ,13,–,19.45,2026-10-07T20:46:36+00:00
2,JETS,2-2-0,6,CB,Dax Hill,33986,CIN,"S,CB",,Sun 1:00 pm @ Mia ,6,–,14.98,2026-10-07T20:46:36+00:00
2,JETS,2-2-0,6,S,Caleb Downs,42633,DAL,S,,Thu 8:15 pm vs TB ,14,–,21.77,2026-10-07T20:46:36+00:00
2,JETS,2-2-0,6,BN,Jaishawn Barham,42714,DAL,"LB,DE",,Thu 8:15 pm vs TB ,14,–,15.42,2026-10-07T20:46:36+00:00
3,Pound the Rock,1-3-0,9,QB,Brock Purdy,34218,SF,QB,,Sun 4:25 pm @ Sea ,8,–,35.39,2026-10-07T20:46:36+00:00
3,Pound the Rock,1-3-0,9,RB,James Cook III,34019,BUF,RB,,Mon 8:15 pm @ LAR,7,–,13.44,2026-10-07T20:46:36+00:00
3,Pound the Rock,1-3-0,9,WR,Malik Nabers,40899,NYG,WR,Q,Sun 1:00 pm @ Was ,8,–,12.30,2026-10-07T20:46:36+00:00
3,Pound the Rock,1-3-0,9,TE,Tucker Kraft,40102,GB,TE,,Sun 1:00 pm vs Chi ,11,–,11.13,2026-10-07T20:46:36+00:00
3,Pound the Rock,1-3-0,9,W/R,Jacory Croskey-Merritt,42010,WAS,RB,Q,Sun 1:00 pm vs NYG ,7,–,8.58,2026-10-07T20:46:36+00:00
3,Pound the Rock,1-3-0,9,W/R/T,Emeka Egbuka,41804,TB,WR,,Thu 8:15 pm @ Dal ,10,–,10.43,2026-10-07T20:46:36+00:00
3,Pound the Rock,1-3-0,9,Q/W/R/T,DeVonta Smith,33398,PHI,WR,Q,Sun 9:30 am @ Jax ,10,–,6.57,2026-10-07T20:46:36+00:00
3,Pound the Rock,1-3-0,9,BN,Ladd McConkey,40908,LAC,WR,Q,Sun 4:05 pm vs Den ,7,–,9.14,2026-10-07T20:46:36+00:00
3,Pound the Rock,1-3-0,9,BN,Saquon Barkley,30972,PHI,RB,Q,Sun 9:30 am @ Jax ,10,–,4.73,2026-10-07T20:46:36+00:00
3,Pound the Rock,1-3-0,9,BN,Brian Thomas Jr.,40883,JAX,WR,,Sun 9:30 am vs Phi ,7,–,7.17,2026-10-07T20:46:36+00:00
3,Pound the Rock,1-3-0,9,BN,Blake Corum,40962,LAR,RB,,Mon 8:15 pm vs Buf,11,–,7.34,2026-10-07T20:46:36+00:00
3,Pound the Rock,1-3-0,9,BN,Mark Andrews,31056,BAL,TE,,Sun 8:20 pm @ Atl ,13,–,8.21,2026-10-07T20:46:36+00:00
3,Pound the Rock,1-3-0,9,BN,Baker Mayfield,30971,TB,QB,O,Thu 8:15 pm @ Dal ,10,–,0.00,2026-10-07T20:46:36+00:00
3,Pound the Rock,1-3-0,9,K,Matt Gay,31977,LV,K,,Sun 1:00 pm @ NE ,13,–,10.03,2026-10-07T20:46:36+00:00
3,Pound the Rock,1-3-0,9,DEF,Patriots,100017,NE,DEF,,Sun 1:00 pm vs LV ,11,–,24.90,2026-10-07T20:46:36+00:00
3,Pound the Rock,1-3-0,9,D,Jaquan Brisker,34003,PIT,"DB,S",,Sun 1:00 pm vs Ind ,9,–,17.12,2026-10-07T20:46:36+00:00
3,Pound the Rock,1-3-0,9,DB,Cole Bishop,40912,BUF,S,,Mon 8:15 pm @ LAR,7,–,17.53,2026-10-07T20:46:36+00:00
3,Pound the Rock,1-3-0,9,DL,Dallas Turner,40904,MIN,"LB,DE",,Sun 1:00 pm @ NO ,6,–,12.94,2026-10-07T20:46:36+00:00
3,Pound the Rock,1-3-0,9,LB,,,,,,,,,,2026-10-07T20:46:36+00:00
3,Pound the Rock,1-3-0,9,CB,Nate Wiggins,40886,BAL,CB,,Sun 8:20 pm @ Atl ,13,–,14.35,2026-10-07T20:46:36+00:00
3,Pound the Rock,1-3-0,9,S,Talanoa Hufanga,33568,DEN,S,,Sun 4:05 pm @ LAC ,10,–,17.92,2026-10-07T20:46:36+00:00
3,Pound the Rock,1-3-0,9,BN,Devin Lloyd,33982,CAR,LB,,Bye,5,-,-,2026-10-07T20:46:36+00:00
3,Pound the Rock,1-3-0,9,BN,Keondre Jackson,42471,BAL,S,,Sun 8:20 pm @ Atl ,13,–,1.72,2026-10-07T20:46:36+00:00
3,Pound the Rock,1-3-0,9,BN,Xavier McKinney,32706,GB,S,,Sun 1:00 pm vs Chi ,11,–,16.28,2026-10-07T20:46:36+00:00
3,Pound the Rock,1-3-0,9,IR,Azeez Al-Shaair,32318,HOU,LB,Q,Sun 1:00 pm @ Ten ,8,–,22.01,2026-10-07T20:46:36+00:00
4,Eatin Pigskins,2-2-0,7,QB,Daniel Jones,31838,IND,QB,,Sun 1:00 pm @ Pit ,13,–,33.49,2026-10-07T20:46:36+00:00
4,Eatin Pigskins,2-2-0,7,RB,Bijan Robinson,40055,ATL,RB,,Sun 8:20 pm vs Bal ,11,–,22.01,2026-10-07T20:46:36+00:00
4,Eatin Pigskins,2-2-0,7,WR,Garrett Wilson,33965,NYJ,WR,,Sun 1:00 pm vs Cle ,13,–,15.04,2026-10-07T20:46:36+00:00
4,Eatin Pigskins,2-2-0,7,TE,Harold Fannin Jr.,41877,CLE,TE,,Sun 1:00 pm @ NYJ ,11,–,10.12,2026-10-07T20:46:36+00:00
4,Eatin Pigskins,2-2-0,7,W/R,De'Von Achane,40118,MIA,RB,IR,Sun 1:00 pm vs Cin ,6,–,0.00,2026-10-07T20:46:36+00:00
4,Eatin Pigskins,2-2-0,7,W/R/T,Ashton Jeanty,41791,LV,RB,,Sun 1:00 pm @ NE ,13,–,14.77,2026-10-07T20:46:36+00:00
4,Eatin Pigskins,2-2-0,7,Q/W/R/T,Javonte Williams,33423,DAL,RB,,Thu 8:15 pm vs TB ,14,–,15.24,2026-10-07T20:46:36+00:00
4,Eatin Pigskins,2-2-0,7,BN,Caleb Williams,40900,CHI,QB,O,Sun 1:00 pm @ GB ,10,–,0.00,2026-10-07T20:46:36+00:00
4,Eatin Pigskins,2-2-0,7,BN,Quinshon Judkins,41821,CLE,RB,,Sun 1:00 pm @ NYJ ,11,–,12.10,2026-10-07T20:46:36+00:00
4,Eatin Pigskins,2-2-0,7,BN,Mike Evans,27535,SF,WR,Q,Sun 4:25 pm @ Sea ,8,–,12.11,2026-10-07T20:46:36+00:00
4,Eatin Pigskins,2-2-0,7,BN,Tony Pollard,31960,TEN,RB,,Sun 1:00 pm vs Hou ,9,–,9.42,2026-10-07T20:46:36+00:00
4,Eatin Pigskins,2-2-0,7,BN,Rico Dowdle,33100,PIT,RB,Q,Sun 1:00 pm vs Ind ,9,–,8.72,2026-10-07T20:46:36+00:00
4,Eatin Pigskins,2-2-0,7,BN,Jordan Addison,40042,MIN,WR,Q,Sun 1:00 pm @ NO ,6,–,8.90,2026-10-07T20:46:36+00:00
4,Eatin Pigskins,2-2-0,7,BN,Isaiah Likely,34095,NYG,TE,Q,Sun 1:00 pm @ Was ,8,–,10.40,2026-10-07T20:46:36+00:00
4,Eatin Pigskins,2-2-0,7,K,Cam Little,41062,JAX,K,,Sun 9:30 am vs Phi ,7,–,11.41,2026-10-07T20:46:36+00:00
4,Eatin Pigskins,2-2-0,7,DEF,Steelers,100023,PIT,DEF,,Sun 1:00 pm vs Ind ,9,–,24.64,2026-10-07T20:46:36+00:00
4,Eatin Pigskins,2-2-0,7,D,Drue Tranquill,31962,KC,LB,,Bye,5,-,-,2026-10-07T20:46:36+00:00
4,Eatin Pigskins,2-2-0,7,DB,Malik Mustapha,40997,SF,"DB,S",,Sun 4:25 pm @ Sea ,8,–,16.18,2026-10-07T20:46:36+00:00
4,Eatin Pigskins,2-2-0,7,DL,Will Anderson Jr.,40031,HOU,DE,,Sun 1:00 pm @ Ten ,8,–,12.04,2026-10-07T20:46:36+00:00
4,Eatin Pigskins,2-2-0,7,LB,Divine Deablo,33468,ATL,LB,,Sun 8:20 pm vs Bal ,11,–,16.07,2026-10-07T20:46:36+00:00
4,Eatin Pigskins,2-2-0,7,CB,Kamari Lassiter,40918,HOU,"DB,CB",,Sun 1:00 pm @ Ten ,8,–,15.23,2026-10-07T20:46:36+00:00
4,Eatin Pigskins,2-2-0,7,S,Julian Love,31940,SEA,S,,Sun 4:25 pm vs SF ,11,–,17.05,2026-10-07T20:46:36+00:00
4,Eatin Pigskins,2-2-0,7,BN,Jonas Sanker,41879,NO,S,,Sun 1:00 pm vs Min ,8,–,12.58,2026-10-07T20:46:36+00:00
5,Grey Poop On Bijan Mustard,2-2-0,5,QB,Trevor Lawrence,33389,JAX,QB,,Sun 9:30 am vs Phi ,7,–,34.31,2026-10-07T20:46:36+00:00
5,Grey Poop On Bijan Mustard,2-2-0,5,RB,Christian McCaffrey,30121,SF,RB,,Sun 4:25 pm @ Sea ,8,–,17.48,2026-10-07T20:46:36+00:00
5,Grey Poop On Bijan Mustard,2-2-0,5,WR,Josh Downs,40126,IND,WR,,Sun 1:00 pm @ Pit ,13,–,11.16,2026-10-07T20:46:36+00:00
5,Grey Poop On Bijan Mustard,2-2-0,5,TE,Sam LaPorta,40064,DET,TE,,Sun 4:25 pm @ Ari ,6,–,12.85,2026-10-07T20:46:36+00:00
5,Grey Poop On Bijan Mustard,2-2-0,5,W/R,Justin Jefferson,32692,MIN,WR,Q,Sun 1:00 pm @ NO ,6,–,16.65,2026-10-07T20:46:36+00:00
5,Grey Poop On Bijan Mustard,2-2-0,5,W/R/T,Jeremiyah Love,42625,ARI,RB,Q,Sun 4:25 pm vs Det ,14,–,13.46,2026-10-07T20:46:36+00:00
5,Grey Poop On Bijan Mustard,2-2-0,5,Q/W/R/T,Kyler Murray,31833,MIN,QB,,Sun 1:00 pm @ NO ,6,–,35.25,2026-10-07T20:46:36+00:00
5,Grey Poop On Bijan Mustard,2-2-0,5,BN,Tetairoa McMillan,41793,CAR,WR,,Bye,5,-,-,2026-10-07T20:46:36+00:00
5,Grey Poop On Bijan Mustard,2-2-0,5,BN,Rhamondre Stevenson,33508,NE,RB,Q,Sun 1:00 pm vs LV ,11,–,11.26,2026-10-07T20:46:36+00:00
5,Grey Poop On Bijan Mustard,2-2-0,5,BN,Deebo Samuel Sr.,31868,SF,WR,,Sun 4:25 pm @ Sea ,8,–,10.57,2026-10-07T20:46:36+00:00
5,Grey Poop On Bijan Mustard,2-2-0,5,BN,Jake Ferguson,34085,DAL,TE,,Thu 8:15 pm vs TB ,14,–,8.11,2026-10-07T20:46:36+00:00
5,Grey Poop On Bijan Mustard,2-2-0,5,BN,Devaughn Vele,41097,NO,WR,,Sun 1:00 pm vs Min ,8,–,9.37,2026-10-07T20:46:36+00:00
5,Grey Poop On Bijan Mustard,2-2-0,5,IR,Jonathon Brooks,40926,CAR,RB,IR,Bye,5,-,-,2026-10-07T20:46:36+00:00
5,Grey Poop On Bijan Mustard,2-2-0,5,IR,A.J. Brown,31883,NE,WR,IR,Sun 1:00 pm vs LV ,11,–,0.00,2026-10-07T20:46:36+00:00
5,Grey Poop On Bijan Mustard,2-2-0,5,K,Eddy Pineiro,31482,SF,K,,Sun 4:25 pm @ Sea ,8,–,9.82,2026-10-07T20:46:36+00:00
5,Grey Poop On Bijan Mustard,2-2-0,5,DEF,Ravens,100033,BAL,DEF,,Sun 8:20 pm @ Atl ,13,–,20.71,2026-10-07T20:46:36+00:00
5,Grey Poop On Bijan Mustard,2-2-0,5,D,Fred Warner,31040,SF,LB,,Sun 4:25 pm @ Sea ,8,–,18.85,2026-10-07T20:46:36+00:00
5,Grey Poop On Bijan Mustard,2-2-0,5,DB,Jordan Battle,40117,CIN,S,Q,Sun 1:00 pm @ Mia ,6,–,16.67,2026-10-07T20:46:36+00:00
5,Grey Poop On Bijan Mustard,2-2-0,5,DL,Jeffery Simmons,31851,TEN,"DT,DE",,Sun 1:00 pm vs Hou ,9,–,11.90,2026-10-07T20:46:36+00:00
5,Grey Poop On Bijan Mustard,2-2-0,5,LB,Blake Cashman,31989,MIN,LB,,Sun 1:00 pm @ NO ,6,–,17.99,2026-10-07T20:46:36+00:00
5,Grey Poop On Bijan Mustard,2-2-0,5,CB,D.J. Reed,31112,DET,CB,,Sun 4:25 pm @ Ari ,6,–,15.76,2026-10-07T20:46:36+00:00
5,Grey Poop On Bijan Mustard,2-2-0,5,S,Amani Hooker,31948,TEN,"DB,S",Q,Sun 1:00 pm vs Hou ,9,–,12.41,2026-10-07T20:46:36+00:00
5,Grey Poop On Bijan Mustard,2-2-0,5,BN,Byron Murphy Jr.,31865,MIN,CB,,Sun 1:00 pm @ NO ,6,–,13.21,2026-10-07T20:46:36+00:00
5,Grey Poop On Bijan Mustard,2-2-0,5,BN,Antoine Winfield Jr.,32715,TB,S,O,Thu 8:15 pm @ Dal ,10,–,0.00,2026-10-07T20:46:36+00:00
5,Grey Poop On Bijan Mustard,2-2-0,5,IR,Edgerrin Cooper,40938,GB,LB,IR,Sun 1:00 pm vs Chi ,11,–,0.00,2026-10-07T20:46:36+00:00
6,Tecmo Bowlers,4-0-0,1,QB,Dak Prescott,29369,DAL,QB,,Thu 8:15 pm vs TB ,14,–,40.30,2026-10-07T20:46:36+00:00
6,Tecmo Bowlers,4-0-0,1,RB,Jaylen Warren,34447,PIT,RB,,Sun 1:00 pm vs Ind ,9,–,13.40,2026-10-07T20:46:36+00:00
6,Tecmo Bowlers,4-0-0,1,WR,Ja'Marr Chase,33393,CIN,WR,Q,Sun 1:00 pm @ Mia ,6,–,19.47,2026-10-07T20:46:36+00:00
6,Tecmo Bowlers,4-0-0,1,TE,Trey McBride,34010,ARI,TE,,Sun 4:25 pm vs Det ,14,–,18.68,2026-10-07T20:46:36+00:00
6,Tecmo Bowlers,4-0-0,1,W/R,Drake London,33963,ATL,WR,,Sun 8:20 pm vs Bal ,11,–,16.92,2026-10-07T20:46:36+00:00
6,Tecmo Bowlers,4-0-0,1,W/R/T,Jameson Williams,33967,DET,WR,,Sun 4:25 pm @ Ari ,6,–,12.10,2026-10-07T20:46:36+00:00
6,Tecmo Bowlers,4-0-0,1,Q/W/R/T,Jared Goff,29235,DET,QB,,Sun 4:25 pm @ Ari ,6,–,41.24,2026-10-07T20:46:36+00:00
6,Tecmo Bowlers,4-0-0,1,BN,Travis Kelce,26686,KC,TE,,Bye,5,-,-,2026-10-07T20:46:36+00:00
6,Tecmo Bowlers,4-0-0,1,BN,Rome Odunze,40901,CHI,WR,,Sun 1:00 pm @ GB ,10,–,9.40,2026-10-07T20:46:36+00:00
6,Tecmo Bowlers,4-0-0,1,BN,Matthew Stafford,9265,LAR,QB,,Mon 8:15 pm vs Buf,11,–,38.88,2026-10-07T20:46:36+00:00
6,Tecmo Bowlers,4-0-0,1,BN,Malik Washington,41058,MIA,WR,,Sun 1:00 pm vs Cin ,6,–,11.54,2026-10-07T20:46:36+00:00
6,Tecmo Bowlers,4-0-0,1,BN,Denzel Boston,42661,CLE,WR,,Sun 1:00 pm @ NYJ ,11,–,10.42,2026-10-07T20:46:36+00:00
6,Tecmo Bowlers,4-0-0,1,K,Cairo Santos,28227,CHI,K,,Sun 1:00 pm @ GB ,10,–,10.31,2026-10-07T20:46:36+00:00
6,Tecmo Bowlers,4-0-0,1,DEF,Texans,100034,HOU,DEF,,Sun 1:00 pm @ Ten ,8,–,28.62,2026-10-07T20:46:36+00:00
6,Tecmo Bowlers,4-0-0,1,BN,Chiefs,100012,KC,DEF,,Bye,5,-,-,2026-10-07T20:46:36+00:00
6,Tecmo Bowlers,4-0-0,1,D,Foyesade Oluokun,31170,JAX,LB,,Sun 9:30 am vs Phi ,7,–,22.69,2026-10-07T20:46:36+00:00
6,Tecmo Bowlers,4-0-0,1,DB,Budda Baker,30149,ARI,S,,Sun 4:25 pm vs Det ,14,–,19.87,2026-10-07T20:46:36+00:00
6,Tecmo Bowlers,4-0-0,1,DL,T.J. Watt,30143,PIT,"LB,DE",,Sun 1:00 pm vs Ind ,9,–,12.94,2026-10-07T20:46:36+00:00
6,Tecmo Bowlers,4-0-0,1,LB,Carson Schwesinger,41818,CLE,LB,,Sun 1:00 pm @ NYJ ,11,–,21.44,2026-10-07T20:46:36+00:00
6,Tecmo Bowlers,4-0-0,1,CB,Cooper DeJean,40934,PHI,"DB,CB",,Sun 9:30 am @ Jax ,10,–,17.14,2026-10-07T20:46:36+00:00
6,Tecmo Bowlers,4-0-0,1,S,Kam Curl,32886,LAR,S,,Mon 8:15 pm vs Buf,11,–,15.67,2026-10-07T20:46:36+00:00
6,Tecmo Bowlers,4-0-0,1,BN,Nick Cross,34052,WAS,S,Q,Sun 1:00 pm vs NYG ,7,–,19.52,2026-10-07T20:46:36+00:00
6,Tecmo Bowlers,4-0-0,1,BN,Alontae Taylor,34004,TEN,CB,,Sun 1:00 pm vs Hou ,9,–,13.62,2026-10-07T20:46:36+00:00
6,Tecmo Bowlers,4-0-0,1,IR,Brian Burns,31848,NYG,"LB,DE",IR,Sun 1:00 pm @ Was ,8,–,0.00,2026-10-07T20:46:36+00:00
6,Tecmo Bowlers,4-0-0,1,IR,Myles Garrett,30114,LAR,"LB,DE",IR,Mon 8:15 pm vs Buf,11,–,0.00,2026-10-07T20:46:36+00:00
7,The STRIB Club,3-1-0,2,QB,Joe Burrow,32671,CIN,QB,,Sun 1:00 pm @ Mia ,6,–,41.52,2026-10-07T20:46:36+00:00
7,The STRIB Club,3-1-0,2,RB,Derrick Henry,29279,BAL,RB,,Sun 8:20 pm @ Atl ,13,–,14.95,2026-10-07T20:46:36+00:00
7,The STRIB Club,3-1-0,2,WR,Parker Washington,40234,JAX,WR,,Sun 9:30 am vs Phi ,7,–,13.49,2026-10-07T20:46:36+00:00
7,The STRIB Club,3-1-0,2,TE,Mike Gesicki,31012,CIN,TE,,Sun 1:00 pm @ Mia ,6,–,7.32,2026-10-07T20:46:36+00:00
7,The STRIB Club,3-1-0,2,W/R,Michael Wilson,40121,ARI,WR,,Sun 4:25 pm vs Det ,14,–,16.32,2026-10-07T20:46:36+00:00
7,The STRIB Club,3-1-0,2,W/R/T,Christian Watson,33989,GB,WR,,Sun 1:00 pm vs Chi ,11,–,15.42,2026-10-07T20:46:36+00:00
7,The STRIB Club,3-1-0,2,Q/W/R/T,Aaron Rodgers,7200,PIT,QB,,Sun 1:00 pm vs Ind ,9,–,35.44,2026-10-07T20:46:36+00:00
7,The STRIB Club,3-1-0,2,BN,Tyler Shough,41825,NO,QB,Q,Sun 1:00 pm vs Min ,8,–,36.68,2026-10-07T20:46:36+00:00
7,The STRIB Club,3-1-0,2,BN,Dalton Kincaid,40048,BUF,TE,,Mon 8:15 pm @ LAR,7,–,10.04,2026-10-07T20:46:36+00:00
7,The STRIB Club,3-1-0,2,BN,D'Andre Swift,32705,CHI,RB,Q,Sun 1:00 pm @ GB ,10,–,12.22,2026-10-07T20:46:36+00:00
7,The STRIB Club,3-1-0,2,BN,Bucky Irving,40993,TB,RB,,Thu 8:15 pm @ Dal ,10,–,12.94,2026-10-07T20:46:36+00:00
7,The STRIB Club,3-1-0,2,BN,Tyreek Hill,29399,MIA,WR,NA,Sun 1:00 pm vs Cin ,6,–,0.00,2026-10-07T20:46:36+00:00
7,The STRIB Club,3-1-0,2,IR,Jordyn Tyson,42630,NO,WR,IR-R,Sun 1:00 pm vs Min ,8,–,0.00,2026-10-07T20:46:36+00:00
7,The STRIB Club,3-1-0,2,IR,Zach Charbonnet,40075,SEA,RB,PUP-R,Sun 4:25 pm vs SF ,11,–,0.00,2026-10-07T20:46:36+00:00
7,The STRIB Club,3-1-0,2,K,Brandon Aubrey,40819,DAL,K,,Thu 8:15 pm vs TB ,14,–,11.95,2026-10-07T20:46:36+00:00
7,The STRIB Club,3-1-0,2,DEF,Bengals,100004,CIN,DEF,,Sun 1:00 pm @ Mia ,6,–,30.63,2026-10-07T20:46:36+00:00
7,The STRIB Club,3-1-0,2,BN,Broncos,100007,DEN,DEF,,Sun 4:05 pm @ LAC ,10,–,27.14,2026-10-07T20:46:36+00:00
7,The STRIB Club,3-1-0,2,D,Roquan Smith,30978,BAL,LB,,Sun 8:20 pm @ Atl ,13,–,21.46,2026-10-07T20:46:36+00:00
7,The STRIB Club,3-1-0,2,DB,Kyle Hamilton,33969,BAL,S,,Sun 8:20 pm @ Atl ,13,–,19.30,2026-10-07T20:46:36+00:00
7,The STRIB Club,3-1-0,2,DL,Maxx Crosby,31938,LV,DE,,Sun 1:00 pm @ NE ,13,–,13.68,2026-10-07T20:46:36+00:00
7,The STRIB Club,3-1-0,2,LB,Jack Campbell,40036,DET,LB,,Sun 4:25 pm @ Ari ,6,–,26.44,2026-10-07T20:46:36+00:00
7,The STRIB Club,3-1-0,2,CB,Marlon Humphrey,30129,BAL,CB,Q,Sun 8:20 pm @ Atl ,13,–,11.26,2026-10-07T20:46:36+00:00
7,The STRIB Club,3-1-0,2,S,Nick Emmanwori,41820,SEA,S,,Sun 4:25 pm vs SF ,11,–,17.91,2026-10-07T20:46:36+00:00
7,The STRIB Club,3-1-0,2,BN,Jordyn Brooks,32697,MIA,LB,,Sun 1:00 pm vs Cin ,6,–,19.22,2026-10-07T20:46:36+00:00
7,The STRIB Club,3-1-0,2,BN,Tykee Smith,40953,TB,"DB,S",,Thu 8:15 pm @ Dal ,10,–,16.89,2026-10-07T20:46:36+00:00
7,The STRIB Club,3-1-0,2,IR,Derwin James Jr.,30987,LAC,S,Q,Sun 4:05 pm vs Den ,7,–,16.58,2026-10-07T20:46:36+00:00
8,T-rex,1-3-0,8,QB,Jacoby Brissett,29325,ARI,QB,,Sun 4:25 pm vs Det ,14,–,40.34,2026-10-07T20:46:36+00:00
8,T-rex,1-3-0,8,RB,Kyren Williams,34120,LAR,RB,,Mon 8:15 pm vs Buf,11,–,15.82,2026-10-07T20:46:36+00:00
8,T-rex,1-3-0,8,WR,Jaxon Smith-Njigba,40041,SEA,WR,,Sun 4:25 pm vs SF ,11,–,26.82,2026-10-07T20:46:36+00:00
8,T-rex,1-3-0,8,TE,Juwan Johnson,33113,NO,TE,,Sun 1:00 pm vs Min ,8,–,9.45,2026-10-07T20:46:36+00:00
8,T-rex,1-3-0,8,W/R,Chris Olave,33966,NO,WR,,Sun 1:00 pm vs Min ,8,–,16.16,2026-10-07T20:46:36+00:00
8,T-rex,1-3-0,8,W/R/T,George Kittle,30259,SF,TE,,Sun 4:25 pm @ Sea ,8,–,11.98,2026-10-07T20:46:36+00:00
8,T-rex,1-3-0,8,Q/W/R/T,Sam Darnold,30973,SEA,QB,,Sun 4:25 pm vs SF ,11,–,35.12,2026-10-07T20:46:36+00:00
8,T-rex,1-3-0,8,BN,DJ Moore,30994,BUF,WR,Q,Mon 8:15 pm @ LAR,7,–,9.39,2026-10-07T20:46:36+00:00
8,T-rex,1-3-0,8,BN,Kenneth Walker III,33996,KC,RB,,Bye,5,-,-,2026-10-07T20:46:36+00:00
8,T-rex,1-3-0,8,BN,Kirk Cousins,25812,LV,QB,,Sun 1:00 pm @ NE ,13,–,33.18,2026-10-07T20:46:36+00:00
8,T-rex,1-3-0,8,BN,Rashee Rice,40084,KC,WR,Q,Bye,5,-,-,2026-10-07T20:46:36+00:00
8,T-rex,1-3-0,8,K,Spencer Shrader,41499,IND,K,,Sun 1:00 pm @ Pit ,13,–,10.97,2026-10-07T20:46:36+00:00
8,T-rex,1-3-0,8,BN,Ka'imi Fairbairn,29792,HOU,K,,Sun 1:00 pm @ Ten ,8,–,11.45,2026-10-07T20:46:36+00:00
8,T-rex,1-3-0,8,DEF,Vikings,100016,MIN,DEF,,Sun 1:00 pm @ NO ,6,–,25.50,2026-10-07T20:46:36+00:00
8,T-rex,1-3-0,8,D,Terrel Bernard,34045,BUF,LB,,Mon 8:15 pm @ LAR,7,–,21.26,2026-10-07T20:46:36+00:00
8,T-rex,1-3-0,8,DB,Joshua Metellus,32875,MIN,"S,CB",,Sun 1:00 pm @ NO ,6,–,15.04,2026-10-07T20:46:36+00:00
8,T-rex,1-3-0,8,DL,Greg Rousseau,33418,BUF,"LB,DE",,Mon 8:15 pm @ LAR,7,–,14.09,2026-10-07T20:46:36+00:00
8,T-rex,1-3-0,8,LB,Jihaad Campbell,41816,PHI,LB,,Sun 9:30 am @ Jax ,10,–,15.07,2026-10-07T20:46:36+00:00
8,T-rex,1-3-0,8,CB,Devon Witherspoon,40056,SEA,CB,,Sun 4:25 pm vs SF ,11,–,14.24,2026-10-07T20:46:36+00:00
8,T-rex,1-3-0,8,S,Kevin Winston Jr.,41857,TEN,S,,Sun 1:00 pm vs Hou ,9,–,12.83,2026-10-07T20:46:36+00:00
8,T-rex,1-3-0,8,BN,Demetrius Knight Jr.,41834,CIN,LB,,Sun 1:00 pm @ Mia ,6,–,22.13,2026-10-07T20:46:36+00:00
8,T-rex,1-3-0,8,BN,Nohl Williams,41874,KC,CB,,Bye,5,-,-,2026-10-07T20:46:36+00:00
8,T-rex,1-3-0,8,BN,Reed Blankenship,34376,HOU,S,,Sun 1:00 pm @ Ten ,8,–,14.20,2026-10-07T20:46:36+00:00
9,Maker's Mark,3-1-0,3,QB,Lamar Jackson,31002,BAL,QB,Q,Sun 8:20 pm @ Atl ,13,–,13.70,2026-10-07T20:46:36+00:00
9,Maker's Mark,3-1-0,3,RB,Cam Skattebo,41922,NYG,RB,Q,Sun 1:00 pm @ Was ,8,–,12.42,2026-10-07T20:46:36+00:00
9,Maker's Mark,3-1-0,3,WR,Amon-Ra St. Brown,33500,DET,WR,,Sun 4:25 pm @ Ari ,6,–,24.08,2026-10-07T20:46:36+00:00
9,Maker's Mark,3-1-0,3,TE,Colston Loveland,41795,CHI,TE,,Sun 1:00 pm @ GB ,10,–,9.78,2026-10-07T20:46:36+00:00
9,Maker's Mark,3-1-0,3,W/R,CeeDee Lamb,32687,DAL,WR,,Thu 8:15 pm vs TB ,14,–,20.60,2026-10-07T20:46:36+00:00
9,Maker's Mark,3-1-0,3,W/R/T,Davante Adams,27581,LAR,WR,,Mon 8:15 pm vs Buf,11,–,15.33,2026-10-07T20:46:36+00:00
9,Maker's Mark,3-1-0,3,Q/W/R/T,Jalen Hurts,32723,PHI,QB,,Sun 9:30 am @ Jax ,10,–,31.68,2026-10-07T20:46:36+00:00
9,Maker's Mark,3-1-0,3,BN,Matthew Golden,41808,GB,WR,,Sun 1:00 pm vs Chi ,11,–,14.24,2026-10-07T20:46:36+00:00
9,Maker's Mark,3-1-0,3,BN,Terry McLaurin,31908,WAS,WR,Q,Sun 1:00 pm vs NYG ,7,–,10.50,2026-10-07T20:46:36+00:00
9,Maker's Mark,3-1-0,3,BN,MarShawn Lloyd,40971,GB,RB,,Sun 1:00 pm vs Chi ,11,–,8.00,2026-10-07T20:46:36+00:00
9,Maker's Mark,3-1-0,3,IR,Travis Etienne Jr.,33413,NO,RB,IR,Sun 1:00 pm vs Min ,8,–,0.00,2026-10-07T20:46:36+00:00
9,Maker's Mark,3-1-0,3,K,Tyler Loop,41988,BAL,K,,Sun 8:20 pm @ Atl ,13,–,9.73,2026-10-07T20:46:36+00:00
9,Maker's Mark,3-1-0,3,DEF,Seahawks,100026,SEA,DEF,,Sun 4:25 pm vs SF ,11,–,18.70,2026-10-07T20:46:36+00:00
9,Maker's Mark,3-1-0,3,D,Zack Baun,32744,PHI,LB,Q,Sun 9:30 am @ Jax ,10,–,18.63,2026-10-07T20:46:36+00:00
9,Maker's Mark,3-1-0,3,DB,Jeremy Chinn,32734,LV,S,,Sun 1:00 pm @ NE ,13,–,16.71,2026-10-07T20:46:36+00:00
9,Maker's Mark,3-1-0,3,DL,Aidan Hutchinson,33957,DET,"DL,DE",,Sun 4:25 pm @ Ari ,6,–,14.94,2026-10-07T20:46:36+00:00
9,Maker's Mark,3-1-0,3,LB,Sonny Styles,42629,WAS,LB,,Sun 1:00 pm vs NYG ,7,–,20.35,2026-10-07T20:46:36+00:00
9,Maker's Mark,3-1-0,3,CB,Kool-Aid McKinstry,40927,NO,"DB,CB",,Sun 1:00 pm vs Min ,8,–,15.41,2026-10-07T20:46:36+00:00
9,Maker's Mark,3-1-0,3,S,Xavier Watts,41883,ATL,S,,Sun 8:20 pm vs Bal ,11,–,18.30,2026-10-07T20:46:36+00:00
9,Maker's Mark,3-1-0,3,BN,Chamarri Conner,40160,KC,"DB,S",,Bye,5,-,-,2026-10-07T20:46:36+00:00
9,Maker's Mark,3-1-0,3,BN,Nick Bolton,33446,KC,LB,,Bye,5,-,-,2026-10-07T20:46:36+00:00
9,Maker's Mark,3-1-0,3,BN,Tre'von Moehrig,33431,CAR,S,,Bye,5,-,-,2026-10-07T20:46:36+00:00
9,Maker's Mark,3-1-0,3,BN,Austin Booker,41042,CHI,"DL,DE",,Sun 1:00 pm @ GB ,10,–,13.45,2026-10-07T20:46:36+00:00
9,Maker's Mark,3-1-0,3,BN,Evan Williams,41007,GB,"DB,S",,Sun 1:00 pm vs Chi ,11,–,15.08,2026-10-07T20:46:36+00:00
10,Fumbling Idiot,0-4-0 PF 790.99,10,QB,Justin Herbert,32676,LAC,QB,,Sun 4:05 pm vs Den ,7,–,31.98,2026-10-07T20:46:36+00:00
10,Fumbling Idiot,0-4-0 PF 790.99,10,RB,Jahmyr Gibbs,40059,DET,RB,,Sun 4:25 pm @ Ari ,6,–,24.68,2026-10-07T20:46:36+00:00
10,Fumbling Idiot,0-4-0 PF 790.99,10,WR,Nico Collins,33477,HOU,WR,,Sun 1:00 pm @ Ten ,8,–,17.87,2026-10-07T20:46:36+00:00
10,Fumbling Idiot,0-4-0 PF 790.99,10,TE,Brock Bowers,40878,LV,TE,,Sun 1:00 pm @ NE ,13,–,13.86,2026-10-07T20:46:36+00:00
10,Fumbling Idiot,0-4-0 PF 790.99,10,W/R,Tee Higgins,32703,CIN,WR,Q,Sun 1:00 pm @ Mia ,6,–,14.74,2026-10-07T20:46:36+00:00
10,Fumbling Idiot,0-4-0 PF 790.99,10,W/R/T,Zay Flowers,40039,BAL,WR,Q,Sun 8:20 pm @ Atl ,13,–,15.96,2026-10-07T20:46:36+00:00
10,Fumbling Idiot,0-4-0 PF 790.99,10,Q/W/R/T,Luther Burden III,41824,CHI,WR,,Sun 1:00 pm @ GB ,10,–,11.97,2026-10-07T20:46:36+00:00
10,Fumbling Idiot,0-4-0 PF 790.99,10,BN,Bhayshul Tuten,41900,JAX,RB,,Sun 9:30 am vs Phi ,7,–,11.99,2026-10-07T20:46:36+00:00
10,Fumbling Idiot,0-4-0 PF 790.99,10,BN,Jadarian Price,42654,SEA,RB,IR,Sun 4:25 pm vs SF ,11,–,0.00,2026-10-07T20:46:36+00:00
10,Fumbling Idiot,0-4-0 PF 790.99,10,BN,Chris Godwin Jr.,30197,TB,WR,,Thu 8:15 pm @ Dal ,10,–,9.13,2026-10-07T20:46:36+00:00
10,Fumbling Idiot,0-4-0 PF 790.99,10,BN,J.K. Dobbins,32725,DEN,RB,,Sun 4:05 pm @ LAC ,10,–,7.97,2026-10-07T20:46:36+00:00
10,Fumbling Idiot,0-4-0 PF 790.99,10,BN,Stefon Diggs,28534,WAS,WR,Q,Sun 1:00 pm vs NYG ,7,–,10.14,2026-10-07T20:46:36+00:00
10,Fumbling Idiot,0-4-0 PF 790.99,10,BN,Dallas Goedert,31019,PHI,TE,Q,Sun 9:30 am @ Jax ,10,–,0.01,2026-10-07T20:46:36+00:00
10,Fumbling Idiot,0-4-0 PF 790.99,10,BN,C.J. Stroud,40030,HOU,QB,,Sun 1:00 pm @ Ten ,8,–,35.42,2026-10-07T20:46:36+00:00
10,Fumbling Idiot,0-4-0 PF 790.99,10,K,Will Reichard,41093,MIN,K,,Sun 1:00 pm @ NO ,6,–,11.23,2026-10-07T20:46:36+00:00
10,Fumbling Idiot,0-4-0 PF 790.99,10,DEF,Jaguars,100030,JAX,DEF,,Sun 9:30 am vs Phi ,7,–,27.41,2026-10-07T20:46:36+00:00
10,Fumbling Idiot,0-4-0 PF 790.99,10,D,Juanyeh Thomas,34595,DAL,S,NA,Thu 8:15 pm vs TB ,14,–,0.00,2026-10-07T20:46:36+00:00
10,Fumbling Idiot,0-4-0 PF 790.99,10,DB,Josh Blackwell,34375,CHI,"DB,CB",,Sun 1:00 pm @ GB ,10,–,0.00,2026-10-07T20:46:36+00:00
10,Fumbling Idiot,0-4-0 PF 790.99,10,DL,Nick Bosa,31834,SF,"DL,DE",D,Sun 4:25 pm @ Sea ,8,–,0.00,2026-10-07T20:46:36+00:00
10,Fumbling Idiot,0-4-0 PF 790.99,10,LB,Jalen Reeves-Maybin,30237,CHI,LB,NA,Sun 1:00 pm @ GB ,10,–,0.00,2026-10-07T20:46:36+00:00
10,Fumbling Idiot,0-4-0 PF 790.99,10,CB,,,,,,,,,,2026-10-07T20:46:36+00:00
10,Fumbling Idiot,0-4-0 PF 790.99,10,S,Andrew Mukuba,41849,PHI,S,,Sun 9:30 am @ Jax ,10,–,10.46,2026-10-07T20:46:36+00:00
10,Fumbling Idiot,0-4-0 PF 790.99,10,BN,Kitan Crawford,42016,ARI,S,IR,Sun 4:25 pm vs Det ,14,–,0.00,2026-10-07T20:46:36+00:00
10,Fumbling Idiot,0-4-0 PF 790.99,10,BN,Ifeatu Melifonwu,33489,TB,S,,Thu 8:15 pm @ Dal ,10,–,0.00,2026-10-07T20:46:36+00:00
