event,series,ticker,title,yes_bid,yes_ask,last_price,volume,open_interest,status,close_time,pulled_at
KXNFLREC-26OCT04ARINYG,KXNFLREC,KXNFLREC-26OCT04ARINYG-NYGCSKATTEBO44-2,Cam Skattebo: 2+ receptions,0.7200,0.7500,0.0000,0.00,0.00,active,2026-10-06T17:00:00Z,2026-10-04T08:20:41+00:00
KXNFLREC-26OCT04ARINYG,KXNFLREC,KXNFLREC-26OCT04ARINYG-NYGILIKELY9-6,Isaiah Likely: 6+ receptions,0.2400,0.2600,0.2700,52.85,52.85,active,2026-10-06T17:00:00Z,2026-10-04T08:20:41+00:00
KXNFLREC-26OCT04ARINYG,KXNFLREC,KXNFLREC-26OCT04ARINYG-ARIMHARRISON18-6,Marvin Harrison Jr.: 6+ receptions,0.0600,0.0700,0.0700,121.86,121.86,active,2026-10-06T17:00:00Z,2026-10-04T08:20:41+00:00
KXNFLREC-26OCT04ARINYG,KXNFLREC,KXNFLREC-26OCT04ARINYG-NYGMNABERS1-7,Malik Nabers: 7+ receptions,0.2100,0.2300,0.2400,27.69,27.69,active,2026-10-06T17:00:00Z,2026-10-04T08:20:41+00:00
KXNFLREC-26OCT04ARINYG,KXNFLREC,KXNFLREC-26OCT04ARINYG-NYGILIKELY9-10,Isaiah Likely: 10+ receptions,0.0200,0.0400,0.0000,0.00,0.00,active,2026-10-06T17:00:00Z,2026-10-04T08:20:41+00:00
KXNFLREC-26OCT04ARINYG,KXNFLREC,KXNFLREC-26OCT04ARINYG-NYGDMOONEY17-6,Darnell Mooney: 6+ receptions,0.0100,0.0400,0.0000,0.00,0.00,active,2026-10-06T17:00:00Z,2026-10-04T08:20:41+00:00
KXNFLREC-26OCT04ARINYG,KXNFLREC,KXNFLREC-26OCT04ARINYG-NYGMNABERS1-10,Malik Nabers: 10+ receptions,0.0300,0.0600,0.0000,0.00,0.00,active,2026-10-06T17:00:00Z,2026-10-04T08:20:41+00:00
KXNFLREC-26OCT04ARINYG,KXNFLREC,KXNFLREC-26OCT04ARINYG-ARIKBOURNE17-4,Kendrick Bourne: 4+ receptions,0.2000,0.2100,0.2100,2304.24,2304.24,active,2026-10-06T17:00:00Z,2026-10-04T08:20:41+00:00
KXNFLREC-26OCT04ARINYG,KXNFLREC,KXNFLREC-26OCT04ARINYG-ARIKBOURNE17-3,Kendrick Bourne: 3+ receptions,0.4000,0.4100,0.4100,4.00,4.00,active,2026-10-06T17:00:00Z,2026-10-04T08:20:41+00:00
KXNFLREC-26OCT04ARINYG,KXNFLREC,KXNFLREC-26OCT04ARINYG-ARIKBOURNE17-6,Kendrick Bourne: 6+ receptions,0.0300,0.0600,0.0600,1200.00,1200.00,active,2026-10-06T17:00:00Z,2026-10-04T08:20:41+00:00
KXNFLREC-26OCT04ARINYG,KXNFLREC,KXNFLREC-26OCT04ARINYG-NYGTJOHNSON84-3,Theo Johnson: 3+ receptions,0.1200,0.1400,0.0000,0.00,0.00,active,2026-10-06T17:00:00Z,2026-10-04T08:20:41+00:00
KXNFLREC-26OCT04ARINYG,KXNFLREC,KXNFLREC-26OCT04ARINYG-ARIEHIGGINS84-3,Elijah Higgins: 3+ receptions,0.0500,0.0800,0.0000,0.00,0.00,active,2026-10-06T17:00:00Z,2026-10-04T08:20:41+00:00
KXNFLREC-26OCT04ARINYG,KXNFLREC,KXNFLREC-26OCT04ARINYG-ARIEHIGGINS84-1,Elijah Higgins: 1+ receptions,0.5700,0.5800,0.5700,111.81,111.81,active,2026-10-06T17:00:00Z,2026-10-04T08:20:41+00:00
KXNFLREC-26OCT04ARINYG,KXNFLREC,KXNFLREC-26OCT04ARINYG-ARIMHARRISON18-4,Marvin Harrison Jr.: 4+ receptions,0.2800,0.2900,0.0000,0.00,0.00,active,2026-10-06T17:00:00Z,2026-10-04T08:20:41+00:00
KXNFLREC-26OCT04ARINYG,KXNFLREC,KXNFLREC-26OCT04ARINYG-ARIEHIGGINS84-2,Elijah Higgins: 2+ receptions,0.2000,0.2300,0.2200,43.00,43.00,active,2026-10-06T17:00:00Z,2026-10-04T08:20:41+00:00
KXNFLREC-26OCT04ARINYG,KXNFLREC,KXNFLREC-26OCT04ARINYG-ARIJLOVE4-7,Jeremiyah Love: 7+ receptions,0.0600,0.0700,0.0000,0.00,0.00,active,2026-10-06T17:00:00Z,2026-10-04T08:20:41+00:00
KXNFLREC-26OCT04ARINYG,KXNFLREC,KXNFLREC-26OCT04ARINYG-NYGDMOONEY17-5,Darnell Mooney: 5+ receptions,0.0400,0.0700,0.0000,0.00,0.00,active,2026-10-06T17:00:00Z,2026-10-04T08:20:41+00:00
KXNFLREC-26OCT04ARINYG,KXNFLREC,KXNFLREC-26OCT04ARINYG-ARIJLOVE4-6,Jeremiyah Love: 6+ receptions,0.1000,0.1200,0.0000,0.00,0.00,active,2026-10-06T17:00:00Z,2026-10-04T08:20:41+00:00
KXNFLREC-26OCT04ARINYG,KXNFLREC,KXNFLREC-26OCT04ARINYG-ARIJLOVE4-2,Jeremiyah Love: 2+ receptions,0.7800,0.8100,0.8000,109.61,109.61,active,2026-10-06T17:00:00Z,2026-10-04T08:20:41+00:00
KXNFLREC-26OCT04ARINYG,KXNFLREC,KXNFLREC-26OCT04ARINYG-ARIMWILSON14-3,Michael Wilson: 3+ receptions,0.8600,0.8800,0.0000,0.00,0.00,active,2026-10-06T17:00:00Z,2026-10-04T08:20:41+00:00
KXNFLREC-26OCT04ARINYG,KXNFLREC,KXNFLREC-26OCT04ARINYG-ARIMWILSON14-8,Michael Wilson: 8+ receptions,0.1600,0.1700,0.1700,184.11,184.11,active,2026-10-06T17:00:00Z,2026-10-04T08:20:41+00:00
KXNFLREC-26OCT04ARINYG,KXNFLREC,KXNFLREC-26OCT04ARINYG-NYGMFIELDS88-2,Malachi Fields: 2+ receptions,0.6000,0.6100,0.6100,1306.20,1306.20,active,2026-10-06T17:00:00Z,2026-10-04T08:20:41+00:00
KXNFLREC-26OCT04ARINYG,KXNFLREC,KXNFLREC-26OCT04ARINYG-ARIMHARRISON18-3,Marvin Harrison Jr.: 3+ receptions,0.4600,0.4700,0.4700,1443.85,1443.85,active,2026-10-06T17:00:00Z,2026-10-04T08:20:41+00:00
KXNFLREC-26OCT04ARINYG,KXNFLREC,KXNFLREC-26OCT04ARINYG-ARIMWILSON14-11,Michael Wilson: 11+ receptions,0.0300,0.0400,0.0400,585.64,585.64,active,2026-10-06T17:00:00Z,2026-10-04T08:20:41+00:00
KXNFLREC-26OCT04ARINYG,KXNFLREC,KXNFLREC-26OCT04ARINYG-NYGMFIELDS88-3,Malachi Fields: 3+ receptions,0.3400,0.3500,0.3500,92.43,92.43,active,2026-10-06T17:00:00Z,2026-10-04T08:20:41+00:00
KXNFLREC-26OCT04ARINYG,KXNFLREC,KXNFLREC-26OCT04ARINYG-NYGDMOONEY17-3,Darnell Mooney: 3+ receptions,0.2700,0.2800,0.2500,1893.03,1893.03,active,2026-10-06T17:00:00Z,2026-10-04T08:20:41+00:00
KXNFLREC-26OCT04ARINYG,KXNFLREC,KXNFLREC-26OCT04ARINYG-NYGMNABERS1-9,Malik Nabers: 9+ receptions,0.0600,0.0900,0.0000,0.00,0.00,active,2026-10-06T17:00:00Z,2026-10-04T08:20:41+00:00
KXNFLREC-26OCT04ARINYG,KXNFLREC,KXNFLREC-26OCT04ARINYG-ARITMCBRIDE85-4,Trey McBride: 4+ receptions,0.9000,0.9100,0.9000,18.00,18.00,active,2026-10-06T17:00:00Z,2026-10-04T08:20:41+00:00
KXNFLREC-26OCT04ARINYG,KXNFLREC,KXNFLREC-26OCT04ARINYG-ARITMCBRIDE85-11,Trey McBride: 11+ receptions,0.1100,0.1200,0.0000,0.00,0.00,active,2026-10-06T17:00:00Z,2026-10-04T08:20:41+00:00
KXNFLREC-26OCT04ARINYG,KXNFLREC,KXNFLREC-26OCT04ARINYG-ARIKBOURNE17-5,Kendrick Bourne: 5+ receptions,0.0900,0.1000,0.1000,1470.00,1470.00,active,2026-10-06T17:00:00Z,2026-10-04T08:20:41+00:00
KXNFLREC-26OCT04ARINYG,KXNFLREC,KXNFLREC-26OCT04ARINYG-NYGCSKATTEBO44-7,Cam Skattebo: 7+ receptions,0.0300,0.0400,0.0000,0.00,0.00,active,2026-10-06T17:00:00Z,2026-10-04T08:20:41+00:00
KXNFLREC-26OCT04ARINYG,KXNFLREC,KXNFLREC-26OCT04ARINYG-ARITMCBRIDE85-12,Trey McBride: 12+ receptions,0.0600,0.0800,0.0000,0.00,0.00,active,2026-10-06T17:00:00Z,2026-10-04T08:20:41+00:00
KXNFLREC-26OCT04ARINYG,KXNFLREC,KXNFLREC-26OCT04ARINYG-NYGILIKELY9-5,Isaiah Likely: 5+ receptions,0.4100,0.4200,0.4200,1886.43,1886.43,active,2026-10-06T17:00:00Z,2026-10-04T08:20:41+00:00
KXNFLREC-26OCT04ARINYG,KXNFLREC,KXNFLREC-26OCT04ARINYG-ARITMCBRIDE85-6,Trey McBride: 6+ receptions,0.6900,0.7000,0.7000,62.22,62.22,active,2026-10-06T17:00:00Z,2026-10-04T08:20:41+00:00
KXNFLREC-26OCT04ARINYG,KXNFLREC,KXNFLREC-26OCT04ARINYG-NYGMNABERS1-8,Malik Nabers: 8+ receptions,0.1200,0.1300,0.1500,44.04,44.04,active,2026-10-06T17:00:00Z,2026-10-04T08:20:41+00:00
KXNFLREC-26OCT04ARINYG,KXNFLREC,KXNFLREC-26OCT04ARINYG-NYGCSKATTEBO44-4,Cam Skattebo: 4+ receptions,0.2900,0.3000,0.2800,0.08,0.08,active,2026-10-06T17:00:00Z,2026-10-04T08:20:41+00:00
KXNFLREC-26OCT04ARINYG,KXNFLREC,KXNFLREC-26OCT04ARINYG-ARIMWILSON14-4,Michael Wilson: 4+ receptions,0.7300,0.7400,0.0000,0.00,0.00,active,2026-10-06T17:00:00Z,2026-10-04T08:20:41+00:00
KXNFLREC-26OCT04ARINYG,KXNFLREC,KXNFLREC-26OCT04ARINYG-NYGMNABERS1-6,Malik Nabers: 6+ receptions,0.3500,0.3700,0.3500,4.12,4.12,active,2026-10-06T17:00:00Z,2026-10-04T08:20:41+00:00
KXNFLREC-26OCT04ARINYG,KXNFLREC,KXNFLREC-26OCT04ARINYG-NYGCSKATTEBO44-5,Cam Skattebo: 5+ receptions,0.1600,0.1700,0.1700,293.86,293.86,active,2026-10-06T17:00:00Z,2026-10-04T08:20:41+00:00
KXNFLREC-26OCT04ARINYG,KXNFLREC,KXNFLREC-26OCT04ARINYG-ARIEHIGGINS84-4,Elijah Higgins: 4+ receptions,0.0000,0.0400,0.0000,0.00,0.00,active,2026-10-06T17:00:00Z,2026-10-04T08:20:41+00:00
KXNFLREC-26OCT04ARINYG,KXNFLREC,KXNFLREC-26OCT04ARINYG-ARIJLOVE4-4,Jeremiyah Love: 4+ receptions,0.3700,0.3800,0.3800,543.38,543.38,active,2026-10-06T17:00:00Z,2026-10-04T08:20:41+00:00
KXNFLREC-26OCT04ARINYG,KXNFLREC,KXNFLREC-26OCT04ARINYG-NYGCSKATTEBO44-3,Cam Skattebo: 3+ receptions,0.5000,0.5100,0.5100,4726.85,4726.85,active,2026-10-06T17:00:00Z,2026-10-04T08:20:41+00:00
KXNFLREC-26OCT04ARINYG,KXNFLREC,KXNFLREC-26OCT04ARINYG-ARIMWILSON14-10,Michael Wilson: 10+ receptions,0.0500,0.0600,0.0700,134.12,134.12,active,2026-10-06T17:00:00Z,2026-10-04T08:20:41+00:00
KXNFLREC-26OCT04ARINYG,KXNFLREC,KXNFLREC-26OCT04ARINYG-NYGILIKELY9-2,Isaiah Likely: 2+ receptions,0.9000,0.9200,0.9000,1.00,1.00,active,2026-10-06T17:00:00Z,2026-10-04T08:20:41+00:00
KXNFLREC-26OCT04ARINYG,KXNFLREC,KXNFLREC-26OCT04ARINYG-ARIKBOURNE17-2,Kendrick Bourne: 2+ receptions,0.6400,0.6700,0.6400,314.58,314.58,active,2026-10-06T17:00:00Z,2026-10-04T08:20:41+00:00
KXNFLREC-26OCT04ARINYG,KXNFLREC,KXNFLREC-26OCT04ARINYG-NYGCSKATTEBO44-6,Cam Skattebo: 6+ receptions,0.0700,0.0900,0.0900,261.11,261.11,active,2026-10-06T17:00:00Z,2026-10-04T08:20:41+00:00
KXNFLREC-26OCT04ARINYG,KXNFLREC,KXNFLREC-26OCT04ARINYG-ARITMCBRIDE85-13,Trey McBride: 13+ receptions,0.0300,0.0600,0.0000,0.00,0.00,active,2026-10-06T17:00:00Z,2026-10-04T08:20:41+00:00
KXNFLREC-26OCT04ARINYG,KXNFLREC,KXNFLREC-26OCT04ARINYG-NYGMNABERS1-5,Malik Nabers: 5+ receptions,0.5300,0.5400,0.5400,6197.94,6197.94,active,2026-10-06T17:00:00Z,2026-10-04T08:20:41+00:00
KXNFLREC-26OCT04ARINYG,KXNFLREC,KXNFLREC-26OCT04ARINYG-NYGMFIELDS88-5,Malachi Fields: 5+ receptions,0.0700,0.0800,0.0800,168.03,168.03,active,2026-10-06T17:00:00Z,2026-10-04T08:20:41+00:00
KXNFLREC-26OCT04ARINYG,KXNFLREC,KXNFLREC-26OCT04ARINYG-ARIMWILSON14-5,Michael Wilson: 5+ receptions,0.5600,0.5700,0.5600,1899.09,1899.09,active,2026-10-06T17:00:00Z,2026-10-04T08:20:41+00:00
KXNFLREC-26OCT04ARINYG,KXNFLREC,KXNFLREC-26OCT04ARINYG-NYGMNABERS1-3,Malik Nabers: 3+ receptions,0.8300,0.8400,0.8500,2.31,2.31,active,2026-10-06T17:00:00Z,2026-10-04T08:20:41+00:00
KXNFLREC-26OCT04ARINYG,KXNFLREC,KXNFLREC-26OCT04ARINYG-NYGDMOONEY17-2,Darnell Mooney: 2+ receptions,0.5200,0.5300,0.5300,4763.27,4763.27,active,2026-10-06T17:00:00Z,2026-10-04T08:20:41+00:00
KXNFLREC-26OCT04ARINYG,KXNFLREC,KXNFLREC-26OCT04ARINYG-ARIJLOVE4-3,Jeremiyah Love: 3+ receptions,0.5700,0.5800,0.5800,2543.75,2543.75,active,2026-10-06T17:00:00Z,2026-10-04T08:20:41+00:00
KXNFLREC-26OCT04ARINYG,KXNFLREC,KXNFLREC-26OCT04ARINYG-ARITMCBRIDE85-7,Trey McBride: 7+ receptions,0.5200,0.5300,0.5300,4449.09,4357.42,active,2026-10-06T17:00:00Z,2026-10-04T08:20:41+00:00
KXNFLREC-26OCT04ARINYG,KXNFLREC,KXNFLREC-26OCT04ARINYG-ARIMHARRISON18-5,Marvin Harrison Jr.: 5+ receptions,0.1400,0.1600,0.1500,58.76,58.76,active,2026-10-06T17:00:00Z,2026-10-04T08:20:41+00:00
KXNFLREC-26OCT04ARINYG,KXNFLREC,KXNFLREC-26OCT04ARINYG-ARITMCBRIDE85-8,Trey McBride: 8+ receptions,0.3800,0.3900,0.3900,1910.85,1910.85,active,2026-10-06T17:00:00Z,2026-10-04T08:20:41+00:00
KXNFLREC-26OCT04ARINYG,KXNFLREC,KXNFLREC-26OCT04ARINYG-NYGILIKELY9-8,Isaiah Likely: 8+ receptions,0.0700,0.0900,0.0900,4.17,4.17,active,2026-10-06T17:00:00Z,2026-10-04T08:20:41+00:00
KXNFLREC-26OCT04ARINYG,KXNFLREC,KXNFLREC-26OCT04ARINYG-NYGILIKELY9-9,Isaiah Likely: 9+ receptions,0.0300,0.0600,0.0000,0.00,0.00,active,2026-10-06T17:00:00Z,2026-10-04T08:20:41+00:00
KXNFLREC-26OCT04ARINYG,KXNFLREC,KXNFLREC-26OCT04ARINYG-ARIMWILSON14-7,Michael Wilson: 7+ receptions,0.2700,0.2800,0.2800,488.13,488.13,active,2026-10-06T17:00:00Z,2026-10-04T08:20:41+00:00
KXNFLREC-26OCT04ARINYG,KXNFLREC,KXNFLREC-26OCT04ARINYG-NYGTJOHNSON84-2,Theo Johnson: 2+ receptions,0.3100,0.3300,0.3200,31.24,31.24,active,2026-10-06T17:00:00Z,2026-10-04T08:20:41+00:00
KXNFLREC-26OCT04ARINYG,KXNFLREC,KXNFLREC-26OCT04ARINYG-NYGILIKELY9-7,Isaiah Likely: 7+ receptions,0.1400,0.1500,0.0000,0.00,0.00,active,2026-10-06T17:00:00Z,2026-10-04T08:20:41+00:00
KXNFLREC-26OCT04ARINYG,KXNFLREC,KXNFLREC-26OCT04ARINYG-ARIJLOVE4-8,Jeremiyah Love: 8+ receptions,0.0300,0.0400,0.0000,0.00,0.00,active,2026-10-06T17:00:00Z,2026-10-04T08:20:41+00:00
KXNFLREC-26OCT04ARINYG,KXNFLREC,KXNFLREC-26OCT04ARINYG-ARITMCBRIDE85-5,Trey McBride: 5+ receptions,0.8000,0.8200,0.8200,15.64,15.64,active,2026-10-06T17:00:00Z,2026-10-04T08:20:41+00:00
KXNFLREC-26OCT04ARINYG,KXNFLREC,KXNFLREC-26OCT04ARINYG-NYGTJOHNSON84-4,Theo Johnson: 4+ receptions,0.0300,0.0500,0.0000,0.00,0.00,active,2026-10-06T17:00:00Z,2026-10-04T08:20:41+00:00
KXNFLREC-26OCT04ARINYG,KXNFLREC,KXNFLREC-26OCT04ARINYG-NYGMFIELDS88-4,Malachi Fields: 4+ receptions,0.1500,0.1800,0.1700,182.39,182.39,active,2026-10-06T17:00:00Z,2026-10-04T08:20:41+00:00
KXNFLREC-26OCT04ARINYG,KXNFLREC,KXNFLREC-26OCT04ARINYG-ARIMWILSON14-9,Michael Wilson: 9+ receptions,0.0900,0.1000,0.1000,279.80,279.80,active,2026-10-06T17:00:00Z,2026-10-04T08:20:41+00:00
KXNFLREC-26OCT04ARINYG,KXNFLREC,KXNFLREC-26OCT04ARINYG-ARITMCBRIDE85-9,Trey McBride: 9+ receptions,0.2700,0.2900,0.2700,0.26,0.26,active,2026-10-06T17:00:00Z,2026-10-04T08:20:41+00:00
KXNFLREC-26OCT04ARINYG,KXNFLREC,KXNFLREC-26OCT04ARINYG-NYGMFIELDS88-6,Malachi Fields: 6+ receptions,0.0300,0.0400,0.0500,93.76,93.76,active,2026-10-06T17:00:00Z,2026-10-04T08:20:41+00:00
KXNFLREC-26OCT04ARINYG,KXNFLREC,KXNFLREC-26OCT04ARINYG-ARITMCBRIDE85-14,Trey McBride: 14+ receptions,0.0200,0.0400,0.0000,0.00,0.00,active,2026-10-06T17:00:00Z,2026-10-04T08:20:41+00:00
KXNFLREC-26OCT04ARINYG,KXNFLREC,KXNFLREC-26OCT04ARINYG-ARIMHARRISON18-7,Marvin Harrison Jr.: 7+ receptions,0.0300,0.0400,0.0000,0.00,0.00,active,2026-10-06T17:00:00Z,2026-10-04T08:20:41+00:00
KXNFLREC-26OCT04ARINYG,KXNFLREC,KXNFLREC-26OCT04ARINYG-NYGMNABERS1-11,Malik Nabers: 11+ receptions,0.0200,0.0400,0.0000,0.00,0.00,active,2026-10-06T17:00:00Z,2026-10-04T08:20:41+00:00
KXNFLREC-26OCT04ARINYG,KXNFLREC,KXNFLREC-26OCT04ARINYG-ARIMWILSON14-6,Michael Wilson: 6+ receptions,0.4000,0.4200,0.4100,2278.12,2278.12,active,2026-10-06T17:00:00Z,2026-10-04T08:20:41+00:00
KXNFLREC-26OCT04ARINYG,KXNFLREC,KXNFLREC-26OCT04ARINYG-ARIMHARRISON18-2,Marvin Harrison Jr.: 2+ receptions,0.7100,0.7200,0.7000,111.34,111.34,active,2026-10-06T17:00:00Z,2026-10-04T08:20:41+00:00
KXNFLREC-26OCT04ARINYG,KXNFLREC,KXNFLREC-26OCT04ARINYG-NYGMNABERS1-4,Malik Nabers: 4+ receptions,0.6900,0.7100,0.0000,0.00,0.00,active,2026-10-06T17:00:00Z,2026-10-04T08:20:41+00:00
KXNFLREC-26OCT04ARINYG,KXNFLREC,KXNFLREC-26OCT04ARINYG-NYGILIKELY9-3,Isaiah Likely: 3+ receptions,0.7500,0.7600,0.0000,0.00,0.00,active,2026-10-06T17:00:00Z,2026-10-04T08:20:41+00:00
KXNFLREC-26OCT04ARINYG,KXNFLREC,KXNFLREC-26OCT04ARINYG-NYGILIKELY9-4,Isaiah Likely: 4+ receptions,0.5900,0.6000,0.5900,123.29,123.29,active,2026-10-06T17:00:00Z,2026-10-04T08:20:41+00:00
KXNFLREC-26OCT04ARINYG,KXNFLREC,KXNFLREC-26OCT04ARINYG-ARITMCBRIDE85-10,Trey McBride: 10+ receptions,0.1800,0.1900,0.0000,0.00,0.00,active,2026-10-06T17:00:00Z,2026-10-04T08:20:41+00:00
KXNFLREC-26OCT04ARINYG,KXNFLREC,KXNFLREC-26OCT04ARINYG-ARIJLOVE4-5,Jeremiyah Love: 5+ receptions,0.2100,0.2200,0.2400,4.94,4.94,active,2026-10-06T17:00:00Z,2026-10-04T08:20:41+00:00
KXNFLREC-26OCT04ARINYG,KXNFLREC,KXNFLREC-26OCT04ARINYG-NYGDMOONEY17-4,Darnell Mooney: 4+ receptions,0.1000,0.1300,0.0000,0.00,0.00,active,2026-10-06T17:00:00Z,2026-10-04T08:20:41+00:00
KXNFLRECYDS-26OCT04ARINYG,KXNFLRECYDS,KXNFLRECYDS-26OCT04ARINYG-ARIMHARRISON18-25,Marvin Harrison Jr.: 25+ receiving yards,0.6300,0.6400,0.6400,194.72,194.72,active,2026-10-06T17:00:00Z,2026-10-04T08:20:41+00:00
KXNFLRECYDS-26OCT04ARINYG,KXNFLRECYDS,KXNFLRECYDS-26OCT04ARINYG-NYGILIKELY9-100,Isaiah Likely: 100+ receiving yards,0.0400,0.0800,0.0000,0.00,0.00,active,2026-10-06T17:00:00Z,2026-10-04T08:20:41+00:00
KXNFLRECYDS-26OCT04ARINYG,KXNFLRECYDS,KXNFLRECYDS-26OCT04ARINYG-NYGCSKATTEBO44-70,Cam Skattebo: 70+ receiving yards,0.0300,0.0500,0.0000,0.00,0.00,active,2026-10-06T17:00:00Z,2026-10-04T08:20:41+00:00
KXNFLRECYDS-26OCT04ARINYG,KXNFLRECYDS,KXNFLRECYDS-26OCT04ARINYG-NYGMFIELDS88-50,Malachi Fields: 50+ receiving yards,0.1900,0.2000,0.1900,281.35,281.35,active,2026-10-06T17:00:00Z,2026-10-04T08:20:41+00:00
KXNFLRECYDS-26OCT04ARINYG,KXNFLRECYDS,KXNFLRECYDS-26OCT04ARINYG-NYGMNABERS1-40,Malik Nabers: 40+ receiving yards,0.6500,0.6700,0.0000,0.00,0.00,active,2026-10-06T17:00:00Z,2026-10-04T08:20:41+00:00
KXNFLRECYDS-26OCT04ARINYG,KXNFLRECYDS,KXNFLRECYDS-26OCT04ARINYG-NYGDMOONEY17-40,Darnell Mooney: 40+ receiving yards,0.2100,0.2200,0.2200,94.82,94.82,active,2026-10-06T17:00:00Z,2026-10-04T08:20:41+00:00
KXNFLRECYDS-26OCT04ARINYG,KXNFLRECYDS,KXNFLRECYDS-26OCT04ARINYG-NYGCSKATTEBO44-50,Cam Skattebo: 50+ receiving yards,0.1000,0.1200,0.0000,0.00,0.00,active,2026-10-06T17:00:00Z,2026-10-04T08:20:41+00:00
KXNFLRECYDS-26OCT04ARINYG,KXNFLRECYDS,KXNFLRECYDS-26OCT04ARINYG-ARITMCBRIDE85-100,Trey McBride: 100+ receiving yards,0.1500,0.1600,0.1600,55.51,55.51,active,2026-10-06T17:00:00Z,2026-10-04T08:20:41+00:00
KXNFLRECYDS-26OCT04ARINYG,KXNFLRECYDS,KXNFLRECYDS-26OCT04ARINYG-ARIMHARRISON18-70,Marvin Harrison Jr.: 70+ receiving yards,0.1400,0.1500,0.1600,1220.39,1220.39,active,2026-10-06T17:00:00Z,2026-10-04T08:20:41+00:00
KXNFLRECYDS-26OCT04ARINYG,KXNFLRECYDS,KXNFLRECYDS-26OCT04ARINYG-NYGDMOONEY17-25,Darnell Mooney: 25+ receiving yards,0.3900,0.4100,0.4200,259.87,259.87,active,2026-10-06T17:00:00Z,2026-10-04T08:20:41+00:00
KXNFLRECYDS-26OCT04ARINYG,KXNFLRECYDS,KXNFLRECYDS-26OCT04ARINYG-ARITMCBRIDE85-40,Trey McBride: 40+ receiving yards,0.7600,0.7700,0.7700,1254.60,1213.60,active,2026-10-06T17:00:00Z,2026-10-04T08:20:41+00:00
KXNFLRECYDS-26OCT04ARINYG,KXNFLRECYDS,KXNFLRECYDS-26OCT04ARINYG-ARIKBOURNE17-15,Kendrick Bourne: 15+ receiving yards,0.6000,0.6100,0.5900,4.00,3.00,active,2026-10-06T17:00:00Z,2026-10-04T08:20:41+00:00
KXNFLRECYDS-26OCT04ARINYG,KXNFLRECYDS,KXNFLRECYDS-26OCT04ARINYG-ARIMHARRISON18-90,Marvin Harrison Jr.: 90+ receiving yards,0.0700,0.0800,0.0700,1933.61,1933.61,active,2026-10-06T17:00:00Z,2026-10-04T08:20:41+00:00
KXNFLRECYDS-26OCT04ARINYG,KXNFLRECYDS,KXNFLRECYDS-26OCT04ARINYG-NYGCSKATTEBO44-60,Cam Skattebo: 60+ receiving yards,0.0600,0.0800,0.0000,0.00,0.00,active,2026-10-06T17:00:00Z,2026-10-04T08:20:41+00:00
KXNFLRECYDS-26OCT04ARINYG,KXNFLRECYDS,KXNFLRECYDS-26OCT04ARINYG-NYGMNABERS1-120,Malik Nabers: 120+ receiving yards,0.0600,0.0900,0.0000,0.00,0.00,active,2026-10-06T17:00:00Z,2026-10-04T08:20:41+00:00
KXNFLRECYDS-26OCT04ARINYG,KXNFLRECYDS,KXNFLRECYDS-26OCT04ARINYG-NYGMNABERS1-60,Malik Nabers: 60+ receiving yards,0.4400,0.4500,0.4500,1686.10,1671.10,active,2026-10-06T17:00:00Z,2026-10-04T08:20:41+00:00
KXNFLRECYDS-26OCT04ARINYG,KXNFLRECYDS,KXNFLRECYDS-26OCT04ARINYG-ARIMHARRISON18-40,Marvin Harrison Jr.: 40+ receiving yards,0.4100,0.4200,0.4300,212.69,212.69,active,2026-10-06T17:00:00Z,2026-10-04T08:20:41+00:00
KXNFLRECYDS-26OCT04ARINYG,KXNFLRECYDS,KXNFLRECYDS-26OCT04ARINYG-ARIKBOURNE17-70,Kendrick Bourne: 70+ receiving yards,0.0300,0.0600,0.0000,0.00,0.00,active,2026-10-06T17:00:00Z,2026-10-04T08:20:41+00:00
KXNFLRECYDS-26OCT04ARINYG,KXNFLRECYDS,KXNFLRECYDS-26OCT04ARINYG-NYGILIKELY9-40,Isaiah Likely: 40+ receiving yards,0.5300,0.5400,0.5400,8633.59,8633.59,active,2026-10-06T17:00:00Z,2026-10-04T08:20:41+00:00
KXNFLRECYDS-26OCT04ARINYG,KXNFLRECYDS,KXNFLRECYDS-26OCT04ARINYG-ARIKBOURNE17-60,Kendrick Bourne: 60+ receiving yards,0.0600,0.0900,0.0000,0.00,0.00,active,2026-10-06T17:00:00Z,2026-10-04T08:20:41+00:00
KXNFLRECYDS-26OCT04ARINYG,KXNFLRECYDS,KXNFLRECYDS-26OCT04ARINYG-ARIJLOVE4-50,Jeremiyah Love: 50+ receiving yards,0.0700,0.1000,0.0000,0.00,0.00,active,2026-10-06T17:00:00Z,2026-10-04T08:20:41+00:00
KXNFLRECYDS-26OCT04ARINYG,KXNFLRECYDS,KXNFLRECYDS-26OCT04ARINYG-NYGTJOHNSON84-15,Theo Johnson: 15+ receiving yards,0.3400,0.3500,0.3000,2.00,2.00,active,2026-10-06T17:00:00Z,2026-10-04T08:20:41+00:00
KXNFLRECYDS-26OCT04ARINYG,KXNFLRECYDS,KXNFLRECYDS-26OCT04ARINYG-NYGTJOHNSON84-40,Theo Johnson: 40+ receiving yards,0.0600,0.0900,0.0000,0.00,0.00,active,2026-10-06T17:00:00Z,2026-10-04T08:20:41+00:00
KXNFLRECYDS-26OCT04ARINYG,KXNFLRECYDS,KXNFLRECYDS-26OCT04ARINYG-NYGMNABERS1-25,Malik Nabers: 25+ receiving yards,0.8200,0.8300,0.8300,75.50,75.50,active,2026-10-06T17:00:00Z,2026-10-04T08:20:41+00:00
KXNFLRECYDS-26OCT04ARINYG,KXNFLRECYDS,KXNFLRECYDS-26OCT04ARINYG-NYGTJOHNSON84-50,Theo Johnson: 50+ receiving yards,0.0300,0.0600,0.0000,0.00,0.00,active,2026-10-06T17:00:00Z,2026-10-04T08:20:41+00:00
KXNFLRECYDS-26OCT04ARINYG,KXNFLRECYDS,KXNFLRECYDS-26OCT04ARINYG-NYGDMOONEY17-70,Darnell Mooney: 70+ receiving yards,0.0500,0.0800,0.0000,0.00,0.00,active,2026-10-06T17:00:00Z,2026-10-04T08:20:41+00:00
KXNFLRECYDS-26OCT04ARINYG,KXNFLRECYDS,KXNFLRECYDS-26OCT04ARINYG-NYGDMOONEY17-60,Darnell Mooney: 60+ receiving yards,0.0800,0.1100,0.0000,0.00,0.00,active,2026-10-06T17:00:00Z,2026-10-04T08:20:41+00:00
KXNFLRECYDS-26OCT04ARINYG,KXNFLRECYDS,KXNFLRECYDS-26OCT04ARINYG-NYGMNABERS1-70,Malik Nabers: 70+ receiving yards,0.3200,0.3500,0.3300,1478.27,1478.27,active,2026-10-06T17:00:00Z,2026-10-04T08:20:41+00:00
KXNFLRECYDS-26OCT04ARINYG,KXNFLRECYDS,KXNFLRECYDS-26OCT04ARINYG-ARITMCBRIDE85-120,Trey McBride: 120+ receiving yards,0.0500,0.0900,0.0000,0.00,0.00,active,2026-10-06T17:00:00Z,2026-10-04T08:20:41+00:00
KXNFLRECYDS-26OCT04ARINYG,KXNFLRECYDS,KXNFLRECYDS-26OCT04ARINYG-NYGMFIELDS88-80,Malachi Fields: 80+ receiving yards,0.0500,0.0700,0.0000,0.00,0.00,active,2026-10-06T17:00:00Z,2026-10-04T08:20:41+00:00
KXNFLRECYDS-26OCT04ARINYG,KXNFLRECYDS,KXNFLRECYDS-26OCT04ARINYG-NYGILIKELY9-25,Isaiah Likely: 25+ receiving yards,0.7100,0.7500,0.7400,19.59,19.59,active,2026-10-06T17:00:00Z,2026-10-04T08:20:41+00:00
KXNFLRECYDS-26OCT04ARINYG,KXNFLRECYDS,KXNFLRECYDS-26OCT04ARINYG-NYGILIKELY9-70,Isaiah Likely: 70+ receiving yards,0.1800,0.2000,0.2000,71.66,71.66,active,2026-10-06T17:00:00Z,2026-10-04T08:20:41+00:00
KXNFLRECYDS-26OCT04ARINYG,KXNFLRECYDS,KXNFLRECYDS-26OCT04ARINYG-ARIJLOVE4-25,Jeremiyah Love: 25+ receiving yards,0.3200,0.3400,0.3400,714.13,714.13,active,2026-10-06T17:00:00Z,2026-10-04T08:20:41+00:00
KXNFLRECYDS-26OCT04ARINYG,KXNFLRECYDS,KXNFLRECYDS-26OCT04ARINYG-ARIMHARRISON18-60,Marvin Harrison Jr.: 60+ receiving yards,0.2100,0.2300,0.2300,193.02,193.02,active,2026-10-06T17:00:00Z,2026-10-04T08:20:41+00:00
KXNFLRECYDS-26OCT04ARINYG,KXNFLRECYDS,KXNFLRECYDS-26OCT04ARINYG-NYGMFIELDS88-25,Malachi Fields: 25+ receiving yards,0.4700,0.4800,0.4800,293.86,293.86,active,2026-10-06T17:00:00Z,2026-10-04T08:20:41+00:00
KXNFLRECYDS-26OCT04ARINYG,KXNFLRECYDS,KXNFLRECYDS-26OCT04ARINYG-NYGDMOONEY17-15,Darnell Mooney: 15+ receiving yards,0.5700,0.5800,0.5900,244.76,243.76,active,2026-10-06T17:00:00Z,2026-10-04T08:20:41+00:00
KXNFLRECYDS-26OCT04ARINYG,KXNFLRECYDS,KXNFLRECYDS-26OCT04ARINYG-NYGMFIELDS88-90,Malachi Fields: 90+ receiving yards,0.0300,0.0500,0.0000,0.00,0.00,active,2026-10-06T17:00:00Z,2026-10-04T08:20:41+00:00
KXNFLRECYDS-26OCT04ARINYG,KXNFLRECYDS,KXNFLRECYDS-26OCT04ARINYG-NYGMNABERS1-90,Malik Nabers: 90+ receiving yards,0.2000,0.2100,0.2100,1548.16,1548.16,active,2026-10-06T17:00:00Z,2026-10-04T08:20:41+00:00
KXNFLRECYDS-26OCT04ARINYG,KXNFLRECYDS,KXNFLRECYDS-26OCT04ARINYG-ARITMCBRIDE85-60,Trey McBride: 60+ receiving yards,0.5400,0.5500,0.5500,837.89,837.89,active,2026-10-06T17:00:00Z,2026-10-04T08:20:41+00:00
KXNFLRECYDS-26OCT04ARINYG,KXNFLRECYDS,KXNFLRECYDS-26OCT04ARINYG-ARIMWILSON14-100,Michael Wilson: 100+ receiving yards,0.1300,0.1400,0.1400,142.04,142.04,active,2026-10-06T17:00:00Z,2026-10-04T08:20:41+00:00
KXNFLRECYDS-26OCT04ARINYG,KXNFLRECYDS,KXNFLRECYDS-26OCT04ARINYG-ARIMWILSON14-60,Michael Wilson: 60+ receiving yards,0.4600,0.4700,0.4700,2665.00,2665.00,active,2026-10-06T17:00:00Z,2026-10-04T08:20:41+00:00
KXNFLRECYDS-26OCT04ARINYG,KXNFLRECYDS,KXNFLRECYDS-26OCT04ARINYG-ARIMWILSON14-120,Michael Wilson: 120+ receiving yards,0.0500,0.0700,0.0800,91.54,91.54,active,2026-10-06T17:00:00Z,2026-10-04T08:20:41+00:00
KXNFLRECYDS-26OCT04ARINYG,KXNFLRECYDS,KXNFLRECYDS-26OCT04ARINYG-ARIMWILSON14-110,Michael Wilson: 110+ receiving yards,0.0800,0.0900,0.1000,420.87,420.87,active,2026-10-06T17:00:00Z,2026-10-04T08:20:41+00:00
KXNFLRECYDS-26OCT04ARINYG,KXNFLRECYDS,KXNFLRECYDS-26OCT04ARINYG-NYGMFIELDS88-15,Malachi Fields: 15+ receiving yards,0.6200,0.6300,0.6600,162.28,72.18,active,2026-10-06T17:00:00Z,2026-10-04T08:20:41+00:00
KXNFLRECYDS-26OCT04ARINYG,KXNFLRECYDS,KXNFLRECYDS-26OCT04ARINYG-ARITMCBRIDE85-110,Trey McBride: 110+ receiving yards,0.1000,0.1100,0.1200,19.62,19.62,active,2026-10-06T17:00:00Z,2026-10-04T08:20:41+00:00
KXNFLRECYDS-26OCT04ARINYG,KXNFLRECYDS,KXNFLRECYDS-26OCT04ARINYG-ARITMCBRIDE85-90,Trey McBride: 90+ receiving yards,0.2200,0.2300,0.2400,56.67,56.67,active,2026-10-06T17:00:00Z,2026-10-04T08:20:41+00:00
KXNFLRECYDS-26OCT04ARINYG,KXNFLRECYDS,KXNFLRECYDS-26OCT04ARINYG-NYGMNABERS1-110,Malik Nabers: 110+ receiving yards,0.1000,0.1100,0.0000,0.00,0.00,active,2026-10-06T17:00:00Z,2026-10-04T08:20:41+00:00
KXNFLRECYDS-26OCT04ARINYG,KXNFLRECYDS,KXNFLRECYDS-26OCT04ARINYG-NYGILIKELY9-80,Isaiah Likely: 80+ receiving yards,0.1200,0.1500,0.0000,0.00,0.00,active,2026-10-06T17:00:00Z,2026-10-04T08:20:41+00:00
KXNFLRECYDS-26OCT04ARINYG,KXNFLRECYDS,KXNFLRECYDS-26OCT04ARINYG-NYGMFIELDS88-70,Malachi Fields: 70+ receiving yards,0.0800,0.1000,0.0800,104.00,104.00,active,2026-10-06T17:00:00Z,2026-10-04T08:20:41+00:00
KXNFLRECYDS-26OCT04ARINYG,KXNFLRECYDS,KXNFLRECYDS-26OCT04ARINYG-NYGILIKELY9-110,Isaiah Likely: 110+ receiving yards,0.0300,0.0600,0.0000,0.00,0.00,active,2026-10-06T17:00:00Z,2026-10-04T08:20:41+00:00
KXNFLRECYDS-26OCT04ARINYG,KXNFLRECYDS,KXNFLRECYDS-26OCT04ARINYG-NYGMFIELDS88-60,Malachi Fields: 60+ receiving yards,0.1200,0.1400,0.1600,34.51,34.51,active,2026-10-06T17:00:00Z,2026-10-04T08:20:41+00:00
KXNFLRECYDS-26OCT04ARINYG,KXNFLRECYDS,KXNFLRECYDS-26OCT04ARINYG-ARIMHARRISON18-15,Marvin Harrison Jr.: 15+ receiving yards,0.7700,0.7800,0.7800,1166.00,1166.00,active,2026-10-06T17:00:00Z,2026-10-04T08:20:41+00:00
KXNFLRECYDS-26OCT04ARINYG,KXNFLRECYDS,KXNFLRECYDS-26OCT04ARINYG-ARITMCBRIDE85-50,Trey McBride: 50+ receiving yards,0.6600,0.6700,0.6600,438.31,438.31,active,2026-10-06T17:00:00Z,2026-10-04T08:20:41+00:00
KXNFLRECYDS-26OCT04ARINYG,KXNFLRECYDS,KXNFLRECYDS-26OCT04ARINYG-ARIJLOVE4-60,Jeremiyah Love: 60+ receiving yards,0.0300,0.0600,0.0500,309.00,309.00,active,2026-10-06T17:00:00Z,2026-10-04T08:20:41+00:00
KXNFLRECYDS-26OCT04ARINYG,KXNFLRECYDS,KXNFLRECYDS-26OCT04ARINYG-NYGILIKELY9-50,Isaiah Likely: 50+ receiving yards,0.3700,0.3900,0.4000,317.15,317.15,active,2026-10-06T17:00:00Z,2026-10-04T08:20:41+00:00
KXNFLRECYDS-26OCT04ARINYG,KXNFLRECYDS,KXNFLRECYDS-26OCT04ARINYG-ARIMWILSON14-40,Michael Wilson: 40+ receiving yards,0.6900,0.7000,0.7000,42.28,42.28,active,2026-10-06T17:00:00Z,2026-10-04T08:20:41+00:00
KXNFLRECYDS-26OCT04ARINYG,KXNFLRECYDS,KXNFLRECYDS-26OCT04ARINYG-NYGTJOHNSON84-25,Theo Johnson: 25+ receiving yards,0.1700,0.2000,0.1700,26.00,26.00,active,2026-10-06T17:00:00Z,2026-10-04T08:20:41+00:00
KXNFLRECYDS-26OCT04ARINYG,KXNFLRECYDS,KXNFLRECYDS-26OCT04ARINYG-NYGDMOONEY17-80,Darnell Mooney: 80+ receiving yards,0.0300,0.0600,0.0600,31.27,31.27,active,2026-10-06T17:00:00Z,2026-10-04T08:20:41+00:00
KXNFLRECYDS-26OCT04ARINYG,KXNFLRECYDS,KXNFLRECYDS-26OCT04ARINYG-ARIKBOURNE17-40,Kendrick Bourne: 40+ receiving yards,0.2000,0.2100,0.2100,1.00,1.00,active,2026-10-06T17:00:00Z,2026-10-04T08:20:41+00:00
KXNFLRECYDS-26OCT04ARINYG,KXNFLRECYDS,KXNFLRECYDS-26OCT04ARINYG-NYGMNABERS1-80,Malik Nabers: 80+ receiving yards,0.2500,0.2600,0.2600,1663.15,1663.15,active,2026-10-06T17:00:00Z,2026-10-04T08:20:41+00:00
KXNFLRECYDS-26OCT04ARINYG,KXNFLRECYDS,KXNFLRECYDS-26OCT04ARINYG-ARIJLOVE4-40,Jeremiyah Love: 40+ receiving yards,0.1300,0.1600,0.1400,405.44,405.44,active,2026-10-06T17:00:00Z,2026-10-04T08:20:41+00:00
KXNFLRECYDS-26OCT04ARINYG,KXNFLRECYDS,KXNFLRECYDS-26OCT04ARINYG-NYGMNABERS1-50,Malik Nabers: 50+ receiving yards,0.5500,0.5700,0.5700,1266.60,1266.60,active,2026-10-06T17:00:00Z,2026-10-04T08:20:41+00:00
KXNFLRECYDS-26OCT04ARINYG,KXNFLRECYDS,KXNFLRECYDS-26OCT04ARINYG-ARIEHIGGINS84-40,Elijah Higgins: 40+ receiving yards,0.0300,0.0500,0.0000,0.00,0.00,active,2026-10-06T17:00:00Z,2026-10-04T08:20:41+00:00
KXNFLRECYDS-26OCT04ARINYG,KXNFLRECYDS,KXNFLRECYDS-26OCT04ARINYG-NYGILIKELY9-15,Isaiah Likely: 15+ receiving yards,0.8500,0.8800,0.8600,5.00,5.00,active,2026-10-06T17:00:00Z,2026-10-04T08:20:41+00:00
KXNFLRECYDS-26OCT04ARINYG,KXNFLRECYDS,KXNFLRECYDS-26OCT04ARINYG-ARIEHIGGINS84-5,Elijah Higgins: 5+ receiving yards,0.4800,0.4900,0.4800,4.54,3.54,active,2026-10-06T17:00:00Z,2026-10-04T08:20:41+00:00
KXNFLRECYDS-26OCT04ARINYG,KXNFLRECYDS,KXNFLRECYDS-26OCT04ARINYG-ARIKBOURNE17-25,Kendrick Bourne: 25+ receiving yards,0.4000,0.4200,0.4100,1.00,1.00,active,2026-10-06T17:00:00Z,2026-10-04T08:20:41+00:00
KXNFLRECYDS-26OCT04ARINYG,KXNFLRECYDS,KXNFLRECYDS-26OCT04ARINYG-NYGILIKELY9-60,Isaiah Likely: 60+ receiving yards,0.2700,0.2900,0.3000,163.74,161.59,active,2026-10-06T17:00:00Z,2026-10-04T08:20:41+00:00
KXNFLRECYDS-26OCT04ARINYG,KXNFLRECYDS,KXNFLRECYDS-26OCT04ARINYG-NYGCSKATTEBO44-15,Cam Skattebo: 15+ receiving yards,0.5600,0.5700,0.5800,329.05,329.05,active,2026-10-06T17:00:00Z,2026-10-04T08:20:41+00:00
KXNFLRECYDS-26OCT04ARINYG,KXNFLRECYDS,KXNFLRECYDS-26OCT04ARINYG-ARITMCBRIDE85-70,Trey McBride: 70+ receiving yards,0.4100,0.4300,0.4300,661.85,652.19,active,2026-10-06T17:00:00Z,2026-10-04T08:20:41+00:00
KXNFLRECYDS-26OCT04ARINYG,KXNFLRECYDS,KXNFLRECYDS-26OCT04ARINYG-NYGCSKATTEBO44-40,Cam Skattebo: 40+ receiving yards,0.1600,0.1700,0.1600,203.51,203.51,active,2026-10-06T17:00:00Z,2026-10-04T08:20:41+00:00
KXNFLRECYDS-26OCT04ARINYG,KXNFLRECYDS,KXNFLRECYDS-26OCT04ARINYG-ARIKBOURNE17-50,Kendrick Bourne: 50+ receiving yards,0.1200,0.1300,0.1000,343.61,343.61,active,2026-10-06T17:00:00Z,2026-10-04T08:20:41+00:00
KXNFLRECYDS-26OCT04ARINYG,KXNFLRECYDS,KXNFLRECYDS-26OCT04ARINYG-NYGCSKATTEBO44-25,Cam Skattebo: 25+ receiving yards,0.3600,0.3700,0.3700,85.14,85.14,active,2026-10-06T17:00:00Z,2026-10-04T08:20:41+00:00
KXNFLRECYDS-26OCT04ARINYG,KXNFLRECYDS,KXNFLRECYDS-26OCT04ARINYG-ARIMHARRISON18-80,Marvin Harrison Jr.: 80+ receiving yards,0.1000,0.1100,0.0000,0.00,0.00,active,2026-10-06T17:00:00Z,2026-10-04T08:20:41+00:00
KXNFLRECYDS-26OCT04ARINYG,KXNFLRECYDS,KXNFLRECYDS-26OCT04ARINYG-ARIMWILSON14-50,Michael Wilson: 50+ receiving yards,0.5800,0.5900,0.5900,378.76,378.76,active,2026-10-06T17:00:00Z,2026-10-04T08:20:41+00:00
KXNFLRECYDS-26OCT04ARINYG,KXNFLRECYDS,KXNFLRECYDS-26OCT04ARINYG-NYGDMOONEY17-50,Darnell Mooney: 50+ receiving yards,0.1300,0.1500,0.0000,0.00,0.00,active,2026-10-06T17:00:00Z,2026-10-04T08:20:41+00:00
KXNFLRECYDS-26OCT04ARINYG,KXNFLRECYDS,KXNFLRECYDS-26OCT04ARINYG-NYGMNABERS1-100,Malik Nabers: 100+ receiving yards,0.1400,0.1500,0.1500,932.06,932.06,active,2026-10-06T17:00:00Z,2026-10-04T08:20:41+00:00
KXNFLRECYDS-26OCT04ARINYG,KXNFLRECYDS,KXNFLRECYDS-26OCT04ARINYG-ARIMWILSON14-90,Michael Wilson: 90+ receiving yards,0.1800,0.1900,0.1900,144.66,144.66,active,2026-10-06T17:00:00Z,2026-10-04T08:20:41+00:00
KXNFLRECYDS-26OCT04ARINYG,KXNFLRECYDS,KXNFLRECYDS-26OCT04ARINYG-ARIMWILSON14-70,Michael Wilson: 70+ receiving yards,0.3700,0.3800,0.3800,180.56,180.56,active,2026-10-06T17:00:00Z,2026-10-04T08:20:41+00:00
KXNFLRECYDS-26OCT04ARINYG,KXNFLRECYDS,KXNFLRECYDS-26OCT04ARINYG-NYGMNABERS1-130,Malik Nabers: 130+ receiving yards,0.0400,0.0700,0.0800,47.09,47.09,active,2026-10-06T17:00:00Z,2026-10-04T08:20:41+00:00
KXNFLRECYDS-26OCT04ARINYG,KXNFLRECYDS,KXNFLRECYDS-26OCT04ARINYG-ARIMWILSON14-130,Michael Wilson: 130+ receiving yards,0.0300,0.0600,0.0600,31.27,31.27,active,2026-10-06T17:00:00Z,2026-10-04T08:20:41+00:00
KXNFLRECYDS-26OCT04ARINYG,KXNFLRECYDS,KXNFLRECYDS-26OCT04ARINYG-ARIJLOVE4-15,Jeremiyah Love: 15+ receiving yards,0.5700,0.5800,0.5800,11664.99,11664.50,active,2026-10-06T17:00:00Z,2026-10-04T08:20:41+00:00
KXNFLRECYDS-26OCT04ARINYG,KXNFLRECYDS,KXNFLRECYDS-26OCT04ARINYG-ARIMWILSON14-25,Michael Wilson: 25+ receiving yards,0.8500,0.8700,0.8600,231.76,231.76,active,2026-10-06T17:00:00Z,2026-10-04T08:20:41+00:00
KXNFLRECYDS-26OCT04ARINYG,KXNFLRECYDS,KXNFLRECYDS-26OCT04ARINYG-NYGMFIELDS88-40,Malachi Fields: 40+ receiving yards,0.2700,0.3000,0.3100,81.15,81.15,active,2026-10-06T17:00:00Z,2026-10-04T08:20:41+00:00
KXNFLRECYDS-26OCT04ARINYG,KXNFLRECYDS,KXNFLRECYDS-26OCT04ARINYG-ARITMCBRIDE85-80,Trey McBride: 80+ receiving yards,0.3100,0.3200,0.3200,109.80,104.26,active,2026-10-06T17:00:00Z,2026-10-04T08:20:41+00:00
KXNFLRECYDS-26OCT04ARINYG,KXNFLRECYDS,KXNFLRECYDS-26OCT04ARINYG-ARITMCBRIDE85-130,Trey McBride: 130+ receiving yards,0.0400,0.0600,0.0800,11.64,11.64,active,2026-10-06T17:00:00Z,2026-10-04T08:20:41+00:00
KXNFLRECYDS-26OCT04ARINYG,KXNFLRECYDS,KXNFLRECYDS-26OCT04ARINYG-ARITMCBRIDE85-140,Trey McBride: 140+ receiving yards,0.0300,0.0400,0.0600,48.47,48.47,active,2026-10-06T17:00:00Z,2026-10-04T08:20:41+00:00
KXNFLRECYDS-26OCT04ARINYG,KXNFLRECYDS,KXNFLRECYDS-26OCT04ARINYG-ARIEHIGGINS84-25,Elijah Higgins: 25+ receiving yards,0.1000,0.1300,0.0800,35.26,35.26,active,2026-10-06T17:00:00Z,2026-10-04T08:20:41+00:00
KXNFLRECYDS-26OCT04ARINYG,KXNFLRECYDS,KXNFLRECYDS-26OCT04ARINYG-ARIMWILSON14-80,Michael Wilson: 80+ receiving yards,0.2600,0.2700,0.2800,457.89,457.89,active,2026-10-06T17:00:00Z,2026-10-04T08:20:41+00:00
KXNFLRECYDS-26OCT04ARINYG,KXNFLRECYDS,KXNFLRECYDS-26OCT04ARINYG-NYGILIKELY9-90,Isaiah Likely: 90+ receiving yards,0.0700,0.1100,0.0000,0.00,0.00,active,2026-10-06T17:00:00Z,2026-10-04T08:20:41+00:00
KXNFLRECYDS-26OCT04ARINYG,KXNFLRECYDS,KXNFLRECYDS-26OCT04ARINYG-ARIMHARRISON18-50,Marvin Harrison Jr.: 50+ receiving yards,0.3000,0.3100,0.3200,531.69,531.69,active,2026-10-06T17:00:00Z,2026-10-04T08:20:41+00:00
KXNFLRECYDS-26OCT04ARINYG,KXNFLRECYDS,KXNFLRECYDS-26OCT04ARINYG-ARIEHIGGINS84-15,Elijah Higgins: 15+ receiving yards,0.2200,0.2300,0.1900,2.00,2.00,active,2026-10-06T17:00:00Z,2026-10-04T08:20:41+00:00
KXNFLRSHYDS-26OCT04ARINYG,KXNFLRSHYDS,KXNFLRSHYDS-26OCT04ARINYG-ARITALLGEIER22-30,Tyler Allgeier: 30+ rushing yards,0.3000,0.3100,0.3000,2476.39,2476.39,active,2026-10-06T17:00:00Z,2026-10-04T08:20:41+00:00
KXNFLRSHYDS-26OCT04ARINYG,KXNFLRSHYDS,KXNFLRSHYDS-26OCT04ARINYG-NYGCSKATTEBO44-130,Cam Skattebo: 130+ rushing yards,0.0400,0.0600,0.0000,0.00,0.00,active,2026-10-06T17:00:00Z,2026-10-04T08:20:41+00:00
KXNFLRSHYDS-26OCT04ARINYG,KXNFLRSHYDS,KXNFLRSHYDS-26OCT04ARINYG-ARIJLOVE4-60,Jeremiyah Love: 60+ rushing yards,0.5800,0.6000,0.6000,1146.81,1146.81,active,2026-10-06T17:00:00Z,2026-10-04T08:20:41+00:00
KXNFLRSHYDS-26OCT04ARINYG,KXNFLRSHYDS,KXNFLRSHYDS-26OCT04ARINYG-ARIJLOVE4-110,Jeremiyah Love: 110+ rushing yards,0.1400,0.1500,0.1500,62.86,62.86,active,2026-10-06T17:00:00Z,2026-10-04T08:20:41+00:00
KXNFLRSHYDS-26OCT04ARINYG,KXNFLRSHYDS,KXNFLRSHYDS-26OCT04ARINYG-NYGCSKATTEBO44-50,Cam Skattebo: 50+ rushing yards,0.6700,0.6800,0.6800,93.69,93.69,active,2026-10-06T17:00:00Z,2026-10-04T08:20:41+00:00
KXNFLRSHYDS-26OCT04ARINYG,KXNFLRSHYDS,KXNFLRSHYDS-26OCT04ARINYG-NYGNHARRIS23-15,Najee Harris: 15+ rushing yards,0.6700,0.7100,0.6700,5.00,5.00,active,2026-10-06T17:00:00Z,2026-10-04T08:20:41+00:00
KXNFLRSHYDS-26OCT04ARINYG,KXNFLRSHYDS,KXNFLRSHYDS-26OCT04ARINYG-ARIJBRISSETT7-30,Jacoby Brissett: 30+ rushing yards,0.0800,0.0900,0.0900,400.00,400.00,active,2026-10-06T17:00:00Z,2026-10-04T08:20:41+00:00
KXNFLRSHYDS-26OCT04ARINYG,KXNFLRSHYDS,KXNFLRSHYDS-26OCT04ARINYG-NYGJWINSTON19-15,Jameis Winston: 15+ rushing yards,0.2200,0.2300,0.2300,163.62,163.62,active,2026-10-06T17:00:00Z,2026-10-04T08:20:41+00:00
KXNFLRSHYDS-26OCT04ARINYG,KXNFLRSHYDS,KXNFLRSHYDS-26OCT04ARINYG-ARITALLGEIER22-70,Tyler Allgeier: 70+ rushing yards,0.0400,0.0600,0.0000,0.00,0.00,active,2026-10-06T17:00:00Z,2026-10-04T08:20:41+00:00
KXNFLRSHYDS-26OCT04ARINYG,KXNFLRSHYDS,KXNFLRSHYDS-26OCT04ARINYG-NYGJWINSTON19-25,Jameis Winston: 25+ rushing yards,0.0900,0.1000,0.0900,86.00,86.00,active,2026-10-06T17:00:00Z,2026-10-04T08:20:41+00:00
KXNFLRSHYDS-26OCT04ARINYG,KXNFLRSHYDS,KXNFLRSHYDS-26OCT04ARINYG-ARIJLOVE4-50,Jeremiyah Love: 50+ rushing yards,0.6700,0.6900,0.6900,597.84,359.41,active,2026-10-06T17:00:00Z,2026-10-04T08:20:41+00:00
KXNFLRSHYDS-26OCT04ARINYG,KXNFLRSHYDS,KXNFLRSHYDS-26OCT04ARINYG-NYGCSKATTEBO44-120,Cam Skattebo: 120+ rushing yards,0.0600,0.0800,0.0000,0.00,0.00,active,2026-10-06T17:00:00Z,2026-10-04T08:20:41+00:00
KXNFLRSHYDS-26OCT04ARINYG,KXNFLRSHYDS,KXNFLRSHYDS-26OCT04ARINYG-NYGCSKATTEBO44-110,Cam Skattebo: 110+ rushing yards,0.1000,0.1300,0.0000,0.00,0.00,active,2026-10-06T17:00:00Z,2026-10-04T08:20:41+00:00
KXNFLRSHYDS-26OCT04ARINYG,KXNFLRSHYDS,KXNFLRSHYDS-26OCT04ARINYG-NYGNHARRIS23-10,Najee Harris: 10+ rushing yards,0.7900,0.8000,0.8200,13.00,13.00,active,2026-10-06T17:00:00Z,2026-10-04T08:20:41+00:00
KXNFLRSHYDS-26OCT04ARINYG,KXNFLRSHYDS,KXNFLRSHYDS-26OCT04ARINYG-ARITALLGEIER22-20,Tyler Allgeier: 20+ rushing yards,0.4800,0.4900,0.4900,3654.21,3654.21,active,2026-10-06T17:00:00Z,2026-10-04T08:20:41+00:00
KXNFLRSHYDS-26OCT04ARINYG,KXNFLRSHYDS,KXNFLRSHYDS-26OCT04ARINYG-NYGCSKATTEBO44-40,Cam Skattebo: 40+ rushing yards,0.7700,0.7800,0.7800,1639.11,1548.36,active,2026-10-06T17:00:00Z,2026-10-04T08:20:41+00:00
KXNFLRSHYDS-26OCT04ARINYG,KXNFLRSHYDS,KXNFLRSHYDS-26OCT04ARINYG-ARIJLOVE4-120,Jeremiyah Love: 120+ rushing yards,0.1000,0.1100,0.1300,609.69,609.69,active,2026-10-06T17:00:00Z,2026-10-04T08:20:41+00:00
KXNFLRSHYDS-26OCT04ARINYG,KXNFLRSHYDS,KXNFLRSHYDS-26OCT04ARINYG-NYGNHARRIS23-50,Najee Harris: 50+ rushing yards,0.1300,0.1500,0.0300,118.04,59.02,active,2026-10-06T17:00:00Z,2026-10-04T08:20:41+00:00
KXNFLRSHYDS-26OCT04ARINYG,KXNFLRSHYDS,KXNFLRSHYDS-26OCT04ARINYG-ARITALLGEIER22-60,Tyler Allgeier: 60+ rushing yards,0.0600,0.0800,0.0000,0.00,0.00,active,2026-10-06T17:00:00Z,2026-10-04T08:20:41+00:00
KXNFLRSHYDS-26OCT04ARINYG,KXNFLRSHYDS,KXNFLRSHYDS-26OCT04ARINYG-NYGNHARRIS23-60,Najee Harris: 60+ rushing yards,0.0700,0.1000,0.0000,0.00,0.00,active,2026-10-06T17:00:00Z,2026-10-04T08:20:41+00:00
KXNFLRSHYDS-26OCT04ARINYG,KXNFLRSHYDS,KXNFLRSHYDS-26OCT04ARINYG-NYGNHARRIS23-70,Najee Harris: 70+ rushing yards,0.0300,0.0700,0.0000,0.00,0.00,active,2026-10-06T17:00:00Z,2026-10-04T08:20:41+00:00
KXNFLRSHYDS-26OCT04ARINYG,KXNFLRSHYDS,KXNFLRSHYDS-26OCT04ARINYG-ARITALLGEIER22-50,Tyler Allgeier: 50+ rushing yards,0.1100,0.1200,0.0000,0.00,0.00,active,2026-10-06T17:00:00Z,2026-10-04T08:20:41+00:00
KXNFLRSHYDS-26OCT04ARINYG,KXNFLRSHYDS,KXNFLRSHYDS-26OCT04ARINYG-ARITALLGEIER22-10,Tyler Allgeier: 10+ rushing yards,0.7000,0.7200,0.7000,76.94,76.94,active,2026-10-06T17:00:00Z,2026-10-04T08:20:41+00:00
KXNFLRSHYDS-26OCT04ARINYG,KXNFLRSHYDS,KXNFLRSHYDS-26OCT04ARINYG-ARITALLGEIER22-40,Tyler Allgeier: 40+ rushing yards,0.1800,0.1900,0.1500,3.00,3.00,active,2026-10-06T17:00:00Z,2026-10-04T08:20:41+00:00
KXNFLRSHYDS-26OCT04ARINYG,KXNFLRSHYDS,KXNFLRSHYDS-26OCT04ARINYG-NYGNHARRIS23-40,Najee Harris: 40+ rushing yards,0.2300,0.2500,0.2500,15.20,15.20,active,2026-10-06T17:00:00Z,2026-10-04T08:20:41+00:00
KXNFLRSHYDS-26OCT04ARINYG,KXNFLRSHYDS,KXNFLRSHYDS-26OCT04ARINYG-ARIJLOVE4-100,Jeremiyah Love: 100+ rushing yards,0.1900,0.2000,0.2000,1810.71,1810.71,active,2026-10-06T17:00:00Z,2026-10-04T08:20:41+00:00
KXNFLRSHYDS-26OCT04ARINYG,KXNFLRSHYDS,KXNFLRSHYDS-26OCT04ARINYG-NYGJWINSTON19-20,Jameis Winston: 20+ rushing yards,0.1400,0.1500,0.1500,196.32,196.32,active,2026-10-06T17:00:00Z,2026-10-04T08:20:41+00:00
KXNFLRSHYDS-26OCT04ARINYG,KXNFLRSHYDS,KXNFLRSHYDS-26OCT04ARINYG-ARIJLOVE4-80,Jeremiyah Love: 80+ rushing yards,0.3600,0.3700,0.3700,1535.77,1535.77,active,2026-10-06T17:00:00Z,2026-10-04T08:20:41+00:00
KXNFLRSHYDS-26OCT04ARINYG,KXNFLRSHYDS,KXNFLRSHYDS-26OCT04ARINYG-ARIJBRISSETT7-10,Jacoby Brissett: 10+ rushing yards,0.4200,0.4300,0.4300,289.44,289.44,active,2026-10-06T17:00:00Z,2026-10-04T08:20:41+00:00
KXNFLRSHYDS-26OCT04ARINYG,KXNFLRSHYDS,KXNFLRSHYDS-26OCT04ARINYG-NYGCSKATTEBO44-90,Cam Skattebo: 90+ rushing yards,0.2200,0.2400,0.0000,0.00,0.00,active,2026-10-06T17:00:00Z,2026-10-04T08:20:41+00:00
KXNFLRSHYDS-26OCT04ARINYG,KXNFLRSHYDS,KXNFLRSHYDS-26OCT04ARINYG-NYGJWINSTON19-10,Jameis Winston: 10+ rushing yards,0.3600,0.3700,0.3700,3618.15,3618.15,active,2026-10-06T17:00:00Z,2026-10-04T08:20:41+00:00
KXNFLRSHYDS-26OCT04ARINYG,KXNFLRSHYDS,KXNFLRSHYDS-26OCT04ARINYG-ARITALLGEIER22-15,Tyler Allgeier: 15+ rushing yards,0.5800,0.5900,0.6100,760.00,760.00,active,2026-10-06T17:00:00Z,2026-10-04T08:20:41+00:00
KXNFLRSHYDS-26OCT04ARINYG,KXNFLRSHYDS,KXNFLRSHYDS-26OCT04ARINYG-NYGCSKATTEBO44-100,Cam Skattebo: 100+ rushing yards,0.1500,0.1800,0.0000,0.00,0.00,active,2026-10-06T17:00:00Z,2026-10-04T08:20:41+00:00
KXNFLRSHYDS-26OCT04ARINYG,KXNFLRSHYDS,KXNFLRSHYDS-26OCT04ARINYG-NYGNHARRIS23-30,Najee Harris: 30+ rushing yards,0.3700,0.3900,0.0000,0.00,0.00,active,2026-10-06T17:00:00Z,2026-10-04T08:20:41+00:00
KXNFLRSHYDS-26OCT04ARINYG,KXNFLRSHYDS,KXNFLRSHYDS-26OCT04ARINYG-NYGCSKATTEBO44-70,Cam Skattebo: 70+ rushing yards,0.4000,0.4100,0.4100,259.29,259.29,active,2026-10-06T17:00:00Z,2026-10-04T08:20:41+00:00
KXNFLRSHYDS-26OCT04ARINYG,KXNFLRSHYDS,KXNFLRSHYDS-26OCT04ARINYG-ARITALLGEIER22-25,Tyler Allgeier: 25+ rushing yards,0.3700,0.3800,0.3700,2390.17,2390.17,active,2026-10-06T17:00:00Z,2026-10-04T08:20:41+00:00
KXNFLRSHYDS-26OCT04ARINYG,KXNFLRSHYDS,KXNFLRSHYDS-26OCT04ARINYG-NYGNHARRIS23-20,Najee Harris: 20+ rushing yards,0.5700,0.5800,0.5600,5.00,5.00,active,2026-10-06T17:00:00Z,2026-10-04T08:20:41+00:00
KXNFLRSHYDS-26OCT04ARINYG,KXNFLRSHYDS,KXNFLRSHYDS-26OCT04ARINYG-ARIJBRISSETT7-20,Jacoby Brissett: 20+ rushing yards,0.1900,0.2000,0.1900,777.00,777.00,active,2026-10-06T17:00:00Z,2026-10-04T08:20:41+00:00
KXNFLRSHYDS-26OCT04ARINYG,KXNFLRSHYDS,KXNFLRSHYDS-26OCT04ARINYG-ARIJBRISSETT7-40,Jacoby Brissett: 40+ rushing yards,0.0300,0.0600,0.0000,0.00,0.00,active,2026-10-06T17:00:00Z,2026-10-04T08:20:41+00:00
KXNFLRSHYDS-26OCT04ARINYG,KXNFLRSHYDS,KXNFLRSHYDS-26OCT04ARINYG-NYGCSKATTEBO44-140,Cam Skattebo: 140+ rushing yards,0.0500,0.0600,0.0000,0.00,0.00,active,2026-10-06T17:00:00Z,2026-10-04T08:20:41+00:00
KXNFLRSHYDS-26OCT04ARINYG,KXNFLRSHYDS,KXNFLRSHYDS-26OCT04ARINYG-ARIJBRISSETT7-15,Jacoby Brissett: 15+ rushing yards,0.2800,0.2900,0.2900,777.24,777.24,active,2026-10-06T17:00:00Z,2026-10-04T08:20:41+00:00
KXNFLRSHYDS-26OCT04ARINYG,KXNFLRSHYDS,KXNFLRSHYDS-26OCT04ARINYG-NYGCSKATTEBO44-60,Cam Skattebo: 60+ rushing yards,0.5300,0.5500,0.5500,2340.74,2339.74,active,2026-10-06T17:00:00Z,2026-10-04T08:20:41+00:00
KXNFLRSHYDS-26OCT04ARINYG,KXNFLRSHYDS,KXNFLRSHYDS-26OCT04ARINYG-ARIJLOVE4-90,Jeremiyah Love: 90+ rushing yards,0.2700,0.2800,0.2800,81.54,81.54,active,2026-10-06T17:00:00Z,2026-10-04T08:20:41+00:00
KXNFLRSHYDS-26OCT04ARINYG,KXNFLRSHYDS,KXNFLRSHYDS-26OCT04ARINYG-ARIJLOVE4-40,Jeremiyah Love: 40+ rushing yards,0.7900,0.8000,0.8100,27.39,27.39,active,2026-10-06T17:00:00Z,2026-10-04T08:20:41+00:00
KXNFLRSHYDS-26OCT04ARINYG,KXNFLRSHYDS,KXNFLRSHYDS-26OCT04ARINYG-ARIJLOVE4-70,Jeremiyah Love: 70+ rushing yards,0.4700,0.4800,0.4800,1738.04,1720.69,active,2026-10-06T17:00:00Z,2026-10-04T08:20:41+00:00
KXNFLRSHYDS-26OCT04ARINYG,KXNFLRSHYDS,KXNFLRSHYDS-26OCT04ARINYG-ARIJLOVE4-30,Jeremiyah Love: 30+ rushing yards,0.8800,0.8900,0.0000,0.00,0.00,active,2026-10-06T17:00:00Z,2026-10-04T08:20:41+00:00
KXNFLRSHYDS-26OCT04ARINYG,KXNFLRSHYDS,KXNFLRSHYDS-26OCT04ARINYG-NYGNHARRIS23-25,Najee Harris: 25+ rushing yards,0.4600,0.4800,0.4900,815.45,815.45,active,2026-10-06T17:00:00Z,2026-10-04T08:20:41+00:00
KXNFLRSHYDS-26OCT04ARINYG,KXNFLRSHYDS,KXNFLRSHYDS-26OCT04ARINYG-ARIJBRISSETT7-25,Jacoby Brissett: 25+ rushing yards,0.1100,0.1200,0.1100,1574.00,1574.00,active,2026-10-06T17:00:00Z,2026-10-04T08:20:41+00:00
KXNFLRSHYDS-26OCT04ARINYG,KXNFLRSHYDS,KXNFLRSHYDS-26OCT04ARINYG-NYGJWINSTON19-30,Jameis Winston: 30+ rushing yards,0.0700,0.0900,0.0000,0.00,0.00,active,2026-10-06T17:00:00Z,2026-10-04T08:20:41+00:00
KXNFLRSHYDS-26OCT04ARINYG,KXNFLRSHYDS,KXNFLRSHYDS-26OCT04ARINYG-ARIJLOVE4-130,Jeremiyah Love: 130+ rushing yards,0.0600,0.0900,0.0000,0.00,0.00,active,2026-10-06T17:00:00Z,2026-10-04T08:20:41+00:00
KXNFLRSHYDS-26OCT04ARINYG,KXNFLRSHYDS,KXNFLRSHYDS-26OCT04ARINYG-NYGCSKATTEBO44-80,Cam Skattebo: 80+ rushing yards,0.3100,0.3200,0.3200,62.16,62.16,active,2026-10-06T17:00:00Z,2026-10-04T08:20:41+00:00
KXNFLPASSYDS-26OCT04ARINYG,KXNFLPASSYDS,KXNFLPASSYDS-26OCT04ARINYG-ARIJBRISSETT7-200,Jacoby Brissett: 200+ passing yards,0.6800,0.6900,0.6900,161.97,161.97,active,2026-10-06T17:00:00Z,2026-10-04T08:20:41+00:00
KXNFLPASSYDS-26OCT04ARINYG,KXNFLPASSYDS,KXNFLPASSYDS-26OCT04ARINYG-NYGJWINSTON19-275,Jameis Winston: 275+ passing yards,0.1500,0.1700,0.1700,270.66,270.66,active,2026-10-06T17:00:00Z,2026-10-04T08:20:41+00:00
KXNFLPASSYDS-26OCT04ARINYG,KXNFLPASSYDS,KXNFLPASSYDS-26OCT04ARINYG-NYGJWINSTON19-225,Jameis Winston: 225+ passing yards,0.3900,0.4000,0.4000,286.41,286.41,active,2026-10-06T17:00:00Z,2026-10-04T08:20:41+00:00
KXNFLPASSYDS-26OCT04ARINYG,KXNFLPASSYDS,KXNFLPASSYDS-26OCT04ARINYG-NYGJWINSTON19-300,Jameis Winston: 300+ passing yards,0.0800,0.0900,0.0900,326.90,326.90,active,2026-10-06T17:00:00Z,2026-10-04T08:20:41+00:00
KXNFLPASSYDS-26OCT04ARINYG,KXNFLPASSYDS,KXNFLPASSYDS-26OCT04ARINYG-NYGJWINSTON19-175,Jameis Winston: 175+ passing yards,0.6900,0.7100,0.7100,335.76,335.76,active,2026-10-06T17:00:00Z,2026-10-04T08:20:41+00:00
KXNFLPASSYDS-26OCT04ARINYG,KXNFLPASSYDS,KXNFLPASSYDS-26OCT04ARINYG-ARIJBRISSETT7-350,Jacoby Brissett: 350+ passing yards,0.0500,0.0600,0.0000,0.00,0.00,active,2026-10-06T17:00:00Z,2026-10-04T08:20:41+00:00
KXNFLPASSYDS-26OCT04ARINYG,KXNFLPASSYDS,KXNFLPASSYDS-26OCT04ARINYG-NYGJWINSTON19-325,Jameis Winston: 325+ passing yards,0.0500,0.0600,0.0800,152.66,152.66,active,2026-10-06T17:00:00Z,2026-10-04T08:20:41+00:00
KXNFLPASSYDS-26OCT04ARINYG,KXNFLPASSYDS,KXNFLPASSYDS-26OCT04ARINYG-NYGJWINSTON19-350,Jameis Winston: 350+ passing yards,0.0300,0.0400,0.0400,732.58,732.58,active,2026-10-06T17:00:00Z,2026-10-04T08:20:41+00:00
KXNFLPASSYDS-26OCT04ARINYG,KXNFLPASSYDS,KXNFLPASSYDS-26OCT04ARINYG-NYGJWINSTON19-150,Jameis Winston: 150+ passing yards,0.8200,0.8300,0.8200,3498.53,3498.53,active,2026-10-06T17:00:00Z,2026-10-04T08:20:41+00:00
KXNFLPASSYDS-26OCT04ARINYG,KXNFLPASSYDS,KXNFLPASSYDS-26OCT04ARINYG-ARIJBRISSETT7-275,Jacoby Brissett: 275+ passing yards,0.2500,0.2700,0.0000,0.00,0.00,active,2026-10-06T17:00:00Z,2026-10-04T08:20:41+00:00
KXNFLPASSYDS-26OCT04ARINYG,KXNFLPASSYDS,KXNFLPASSYDS-26OCT04ARINYG-ARIJBRISSETT7-325,Jacoby Brissett: 325+ passing yards,0.0800,0.1000,0.0000,0.00,0.00,active,2026-10-06T17:00:00Z,2026-10-04T08:20:41+00:00
KXNFLPASSYDS-26OCT04ARINYG,KXNFLPASSYDS,KXNFLPASSYDS-26OCT04ARINYG-ARIJBRISSETT7-300,Jacoby Brissett: 300+ passing yards,0.1600,0.1700,0.1700,55.58,55.58,active,2026-10-06T17:00:00Z,2026-10-04T08:20:41+00:00
KXNFLPASSYDS-26OCT04ARINYG,KXNFLPASSYDS,KXNFLPASSYDS-26OCT04ARINYG-NYGJWINSTON19-250,Jameis Winston: 250+ passing yards,0.2600,0.2700,0.2700,209.94,209.94,active,2026-10-06T17:00:00Z,2026-10-04T08:20:41+00:00
KXNFLPASSYDS-26OCT04ARINYG,KXNFLPASSYDS,KXNFLPASSYDS-26OCT04ARINYG-ARIJBRISSETT7-250,Jacoby Brissett: 250+ passing yards,0.3700,0.3800,0.3800,982.42,982.42,active,2026-10-06T17:00:00Z,2026-10-04T08:20:41+00:00
KXNFLPASSYDS-26OCT04ARINYG,KXNFLPASSYDS,KXNFLPASSYDS-26OCT04ARINYG-ARIJBRISSETT7-225,Jacoby Brissett: 225+ passing yards,0.5200,0.5300,0.5300,2629.85,2438.12,active,2026-10-06T17:00:00Z,2026-10-04T08:20:41+00:00
KXNFLPASSYDS-26OCT04ARINYG,KXNFLPASSYDS,KXNFLPASSYDS-26OCT04ARINYG-NYGJWINSTON19-200,Jameis Winston: 200+ passing yards,0.5300,0.5400,0.5400,616.82,569.80,active,2026-10-06T17:00:00Z,2026-10-04T08:20:41+00:00
KXNFLPASSYDS-26OCT04ARINYG,KXNFLPASSYDS,KXNFLPASSYDS-26OCT04ARINYG-ARIJBRISSETT7-175,Jacoby Brissett: 175+ passing yards,0.8100,0.8200,0.8200,129.46,129.46,active,2026-10-06T17:00:00Z,2026-10-04T08:20:41+00:00
KXNFLPASSYDS-26OCT04ARINYG,KXNFLPASSYDS,KXNFLPASSYDS-26OCT04ARINYG-ARIJBRISSETT7-150,Jacoby Brissett: 150+ passing yards,0.8900,0.9000,0.8900,12.37,12.37,active,2026-10-06T17:00:00Z,2026-10-04T08:20:41+00:00
KXNFLPASSYDS-26OCT04ARINYG,KXNFLPASSYDS,KXNFLPASSYDS-26OCT04ARINYG-NYGJWINSTON19-125,Jameis Winston: 125+ passing yards,0.9000,0.9200,0.9100,8445.19,8314.00,active,2026-10-06T17:00:00Z,2026-10-04T08:20:41+00:00
KXNFLPASSTDS-26OCT04ARINYG,KXNFLPASSTDS,KXNFLPASSTDS-26OCT04ARINYG-NYGJWINSTON19-1,Jameis Winston: 1+ passing touchdowns,0.7300,0.7500,0.7600,1.28,1.28,active,2026-10-06T17:00:00Z,2026-10-04T08:20:41+00:00
KXNFLPASSTDS-26OCT04ARINYG,KXNFLPASSTDS,KXNFLPASSTDS-26OCT04ARINYG-ARIJBRISSETT7-1,Jacoby Brissett: 1+ passing touchdowns,0.8000,0.8100,0.8100,846.05,722.79,active,2026-10-06T17:00:00Z,2026-10-04T08:20:41+00:00
KXNFLPASSTDS-26OCT04ARINYG,KXNFLPASSTDS,KXNFLPASSTDS-26OCT04ARINYG-NYGJWINSTON19-2,Jameis Winston: 2+ passing touchdowns,0.3500,0.3600,0.3500,100.40,100.40,active,2026-10-06T17:00:00Z,2026-10-04T08:20:41+00:00
KXNFLPASSTDS-26OCT04ARINYG,KXNFLPASSTDS,KXNFLPASSTDS-26OCT04ARINYG-ARIJBRISSETT7-4,Jacoby Brissett: 4+ passing touchdowns,0.0400,0.0500,0.0700,13.41,13.41,active,2026-10-06T17:00:00Z,2026-10-04T08:20:41+00:00
KXNFLPASSTDS-26OCT04ARINYG,KXNFLPASSTDS,KXNFLPASSTDS-26OCT04ARINYG-ARIJBRISSETT7-3,Jacoby Brissett: 3+ passing touchdowns,0.1600,0.1700,0.1800,6.80,6.80,active,2026-10-06T17:00:00Z,2026-10-04T08:20:41+00:00
KXNFLPASSTDS-26OCT04ARINYG,KXNFLPASSTDS,KXNFLPASSTDS-26OCT04ARINYG-NYGJWINSTON19-4,Jameis Winston: 4+ passing touchdowns,0.0300,0.0400,0.0000,0.00,0.00,active,2026-10-06T17:00:00Z,2026-10-04T08:20:41+00:00
KXNFLPASSTDS-26OCT04ARINYG,KXNFLPASSTDS,KXNFLPASSTDS-26OCT04ARINYG-ARIJBRISSETT7-2,Jacoby Brissett: 2+ passing touchdowns,0.4400,0.4500,0.4500,278.52,278.52,active,2026-10-06T17:00:00Z,2026-10-04T08:20:41+00:00
KXNFLPASSTDS-26OCT04ARINYG,KXNFLPASSTDS,KXNFLPASSTDS-26OCT04ARINYG-NYGJWINSTON19-3,Jameis Winston: 3+ passing touchdowns,0.1200,0.1300,0.1300,23.20,23.20,active,2026-10-06T17:00:00Z,2026-10-04T08:20:41+00:00
KXNFLTD-26OCT04ARINYG,KXNFLTD,KXNFLTD-26OCT04ARINYG-NYGBBERRIOS87-1,Braxton Berrios: 1+ touchdowns,0.0500,0.0600,0.0000,0.00,0.00,active,2026-10-06T17:00:00Z,2026-10-04T08:20:41+00:00
KXNFLTD-26OCT04ARINYG,KXNFLTD,KXNFLTD-26OCT04ARINYG-NYGMNABERS1-1,Malik Nabers: 1+ touchdowns,0.3000,0.3100,0.3100,4537.63,4462.96,active,2026-10-06T17:00:00Z,2026-10-04T08:20:41+00:00
KXNFLTD-26OCT04ARINYG,KXNFLTD,KXNFLTD-26OCT04ARINYG-ARIJBRISSETT7-1,Jacoby Brissett: 1+ touchdowns,0.1400,0.1500,0.1500,1054.86,1054.86,active,2026-10-06T17:00:00Z,2026-10-04T08:20:41+00:00
KXNFLTD-26OCT04ARINYG,KXNFLTD,KXNFLTD-26OCT04ARINYG-ARIMHARRISON18-1,Marvin Harrison Jr.: 1+ touchdowns,0.1900,0.2000,0.2000,6052.45,5878.03,active,2026-10-06T17:00:00Z,2026-10-04T08:20:41+00:00
KXNFLTD-26OCT04ARINYG,KXNFLTD,KXNFLTD-26OCT04ARINYG-ARIMHARRISON18-2,Marvin Harrison Jr.: 2+ touchdowns,0.0200,0.0300,0.0300,711.23,711.23,active,2026-10-06T17:00:00Z,2026-10-04T08:20:41+00:00
KXNFLTD-26OCT04ARINYG,KXNFLTD,KXNFLTD-26OCT04ARINYG-NYGJWINSTON19-1,Jameis Winston: 1+ touchdowns,0.1000,0.1100,0.1100,6354.34,6354.34,active,2026-10-06T17:00:00Z,2026-10-04T08:20:41+00:00
KXNFLTD-26OCT04ARINYG,KXNFLTD,KXNFLTD-26OCT04ARINYG-ARITALLGEIER22-2,Tyler Allgeier: 2+ touchdowns,0.0300,0.0400,0.0000,0.00,0.00,active,2026-10-06T17:00:00Z,2026-10-04T08:20:41+00:00
KXNFLTD-26OCT04ARINYG,KXNFLTD,KXNFLTD-26OCT04ARINYG-NYGNYGDST-1,NY Giants D/ST: 1+ touchdowns,0.0900,0.1200,0.1400,78.38,78.38,active,2026-10-06T17:00:00Z,2026-10-04T08:20:41+00:00
KXNFLTD-26OCT04ARINYG,KXNFLTD,KXNFLTD-26OCT04ARINYG-ARITMCBRIDE85-3,Trey McBride: 3+ touchdowns,0.0100,0.0200,0.0000,0.00,0.00,active,2026-10-06T17:00:00Z,2026-10-04T08:20:41+00:00
KXNFLTD-26OCT04ARINYG,KXNFLTD,KXNFLTD-26OCT04ARINYG-NYGCSKATTEBO44-2,Cam Skattebo: 2+ touchdowns,0.1600,0.1700,0.1700,2293.10,2293.10,active,2026-10-06T17:00:00Z,2026-10-04T08:20:41+00:00
KXNFLTD-26OCT04ARINYG,KXNFLTD,KXNFLTD-26OCT04ARINYG-ARIMWILSON14-2,Michael Wilson: 2+ touchdowns,0.0400,0.0500,0.0500,2313.83,2313.83,active,2026-10-06T17:00:00Z,2026-10-04T08:20:41+00:00
KXNFLTD-26OCT04ARINYG,KXNFLTD,KXNFLTD-26OCT04ARINYG-ARITMCBRIDE85-2,Trey McBride: 2+ touchdowns,0.0600,0.0700,0.0700,7864.12,7864.12,active,2026-10-06T17:00:00Z,2026-10-04T08:20:41+00:00
KXNFLTD-26OCT04ARINYG,KXNFLTD,KXNFLTD-26OCT04ARINYG-NYGTTRACY29-2,Tyrone Tracy Jr.: 2+ touchdowns,0.0000,0.0100,0.0100,300.00,300.00,active,2026-10-06T17:00:00Z,2026-10-04T08:20:41+00:00
KXNFLTD-26OCT04ARINYG,KXNFLTD,KXNFLTD-26OCT04ARINYG-NYGMNABERS1-2,Malik Nabers: 2+ touchdowns,0.0500,0.0600,0.0600,1716.56,1716.56,active,2026-10-06T17:00:00Z,2026-10-04T08:20:41+00:00
KXNFLTD-26OCT04ARINYG,KXNFLTD,KXNFLTD-26OCT04ARINYG-NYGILIKELY9-2,Isaiah Likely: 2+ touchdowns,0.0300,0.0400,0.0400,732.98,732.98,active,2026-10-06T17:00:00Z,2026-10-04T08:20:41+00:00
KXNFLTD-26OCT04ARINYG,KXNFLTD,KXNFLTD-26OCT04ARINYG-NYGMNABERS1-3,Malik Nabers: 3+ touchdowns,0.0000,0.0100,0.0100,808.00,808.00,active,2026-10-06T17:00:00Z,2026-10-04T08:20:41+00:00
KXNFLTD-26OCT04ARINYG,KXNFLTD,KXNFLTD-26OCT04ARINYG-ARITALLGEIER22-3,Tyler Allgeier: 3+ touchdowns,0.0000,0.0100,0.0100,300.00,300.00,active,2026-10-06T17:00:00Z,2026-10-04T08:20:41+00:00
KXNFLTD-26OCT04ARINYG,KXNFLTD,KXNFLTD-26OCT04ARINYG-ARIMWILSON14-3,Michael Wilson: 3+ touchdowns,0.0000,0.0100,0.0100,646.00,646.00,active,2026-10-06T17:00:00Z,2026-10-04T08:20:41+00:00
KXNFLTD-26OCT04ARINYG,KXNFLTD,KXNFLTD-26OCT04ARINYG-NYGMFIELDS88-2,Malachi Fields: 2+ touchdowns,0.0100,0.0200,0.0200,701.85,701.85,active,2026-10-06T17:00:00Z,2026-10-04T08:20:41+00:00
KXNFLTD-26OCT04ARINYG,KXNFLTD,KXNFLTD-26OCT04ARINYG-NYGTJOHNSON84-2,Theo Johnson: 2+ touchdowns,0.0000,0.0100,0.0100,300.00,300.00,active,2026-10-06T17:00:00Z,2026-10-04T08:20:41+00:00
KXNFLTD-26OCT04ARINYG,KXNFLTD,KXNFLTD-26OCT04ARINYG-NYGTTRACY29-1,Tyrone Tracy Jr.: 1+ touchdowns,0.0600,0.0700,0.0700,704.15,704.15,active,2026-10-06T17:00:00Z,2026-10-04T08:20:41+00:00
KXNFLTD-26OCT04ARINYG,KXNFLTD,KXNFLTD-26OCT04ARINYG-NYGDMOONEY17-1,Darnell Mooney: 1+ touchdowns,0.1100,0.1200,0.1200,48.75,48.75,active,2026-10-06T17:00:00Z,2026-10-04T08:20:41+00:00
KXNFLTD-26OCT04ARINYG,KXNFLTD,KXNFLTD-26OCT04ARINYG-NYGILIKELY9-1,Isaiah Likely: 1+ touchdowns,0.2500,0.2600,0.2600,9253.20,9251.20,active,2026-10-06T17:00:00Z,2026-10-04T08:20:41+00:00
KXNFLTD-26OCT04ARINYG,KXNFLTD,KXNFLTD-26OCT04ARINYG-NYGDSINGLETARY26-1,Devin Singletary: 1+ touchdowns,0.0700,0.0800,0.0800,992.04,992.04,active,2026-10-06T17:00:00Z,2026-10-04T08:20:41+00:00
KXNFLTD-26OCT04ARINYG,KXNFLTD,KXNFLTD-26OCT04ARINYG-NYGNHARRIS23-2,Najee Harris: 2+ touchdowns,0.0200,0.0300,0.0300,211.12,211.12,active,2026-10-06T17:00:00Z,2026-10-04T08:20:41+00:00
KXNFLTD-26OCT04ARINYG,KXNFLTD,KXNFLTD-26OCT04ARINYG-NYGTJOHNSON84-1,Theo Johnson: 1+ touchdowns,0.0900,0.1000,0.1000,2219.17,2219.17,active,2026-10-06T17:00:00Z,2026-10-04T08:20:41+00:00
KXNFLTD-26OCT04ARINYG,KXNFLTD,KXNFLTD-26OCT04ARINYG-NYGCSKATTEBO44-3,Cam Skattebo: 3+ touchdowns,0.0300,0.0400,0.0400,265.72,265.72,active,2026-10-06T17:00:00Z,2026-10-04T08:20:41+00:00
KXNFLTD-26OCT04ARINYG,KXNFLTD,KXNFLTD-26OCT04ARINYG-ARIJBRISSETT7-2,Jacoby Brissett: 2+ touchdowns,0.0100,0.0200,0.0000,0.00,0.00,active,2026-10-06T17:00:00Z,2026-10-04T08:20:41+00:00
KXNFLTD-26OCT04ARINYG,KXNFLTD,KXNFLTD-26OCT04ARINYG-NYGJWINSTON19-2,Jameis Winston: 2+ touchdowns,0.0000,0.0100,0.0100,2288.20,2288.20,active,2026-10-06T17:00:00Z,2026-10-04T08:20:41+00:00
KXNFLTD-26OCT04ARINYG,KXNFLTD,KXNFLTD-26OCT04ARINYG-NYGNHARRIS23-1,Najee Harris: 1+ touchdowns,0.2100,0.2200,0.2200,459.60,459.60,active,2026-10-06T17:00:00Z,2026-10-04T08:20:41+00:00
KXNFLTD-26OCT04ARINYG,KXNFLTD,KXNFLTD-26OCT04ARINYG-ARIEHIGGINS84-1,Elijah Higgins: 1+ touchdowns,0.0500,0.0600,0.0600,110.46,110.46,active,2026-10-06T17:00:00Z,2026-10-04T08:20:41+00:00
KXNFLTD-26OCT04ARINYG,KXNFLTD,KXNFLTD-26OCT04ARINYG-NYGDMOONEY17-2,Darnell Mooney: 2+ touchdowns,0.0000,0.0100,0.0100,301.00,301.00,active,2026-10-06T17:00:00Z,2026-10-04T08:20:41+00:00
KXNFLTD-26OCT04ARINYG,KXNFLTD,KXNFLTD-26OCT04ARINYG-ARIARIDST-1,ARI Cardinals D/ST: 1+ touchdowns,0.1200,0.1300,0.1300,321.07,321.07,active,2026-10-06T17:00:00Z,2026-10-04T08:20:41+00:00
KXNFLTD-26OCT04ARINYG,KXNFLTD,KXNFLTD-26OCT04ARINYG-ARIJLOVE4-3,Jeremiyah Love: 3+ touchdowns,0.0300,0.0400,0.0400,356.38,356.38,active,2026-10-06T17:00:00Z,2026-10-04T08:20:41+00:00
KXNFLTD-26OCT04ARINYG,KXNFLTD,KXNFLTD-26OCT04ARINYG-NYGCSKATTEBO44-1,Cam Skattebo: 1+ touchdowns,0.5200,0.5300,0.5300,3286.67,3226.37,active,2026-10-06T17:00:00Z,2026-10-04T08:20:41+00:00
KXNFLTD-26OCT04ARINYG,KXNFLTD,KXNFLTD-26OCT04ARINYG-ARIKBOURNE17-1,Kendrick Bourne: 1+ touchdowns,0.1300,0.1400,0.1400,200.91,200.91,active,2026-10-06T17:00:00Z,2026-10-04T08:20:41+00:00
KXNFLTD-26OCT04ARINYG,KXNFLTD,KXNFLTD-26OCT04ARINYG-ARIKBOURNE17-2,Kendrick Bourne: 2+ touchdowns,0.0100,0.0200,0.0200,467.90,467.90,active,2026-10-06T17:00:00Z,2026-10-04T08:20:41+00:00
KXNFLTD-26OCT04ARINYG,KXNFLTD,KXNFLTD-26OCT04ARINYG-ARITALLGEIER22-1,Tyler Allgeier: 1+ touchdowns,0.2200,0.2300,0.0000,0.00,0.00,active,2026-10-06T17:00:00Z,2026-10-04T08:20:41+00:00
KXNFLTD-26OCT04ARINYG,KXNFLTD,KXNFLTD-26OCT04ARINYG-ARIMWILSON14-1,Michael Wilson: 1+ touchdowns,0.2900,0.3000,0.3000,3370.00,3370.00,active,2026-10-06T17:00:00Z,2026-10-04T08:20:41+00:00
KXNFLTD-26OCT04ARINYG,KXNFLTD,KXNFLTD-26OCT04ARINYG-ARIJLOVE4-1,Jeremiyah Love: 1+ touchdowns,0.5100,0.5200,0.5200,4034.87,3986.02,active,2026-10-06T17:00:00Z,2026-10-04T08:20:41+00:00
KXNFLTD-26OCT04ARINYG,KXNFLTD,KXNFLTD-26OCT04ARINYG-ARIJLOVE4-2,Jeremiyah Love: 2+ touchdowns,0.1500,0.1600,0.1600,1268.38,1268.38,active,2026-10-06T17:00:00Z,2026-10-04T08:20:41+00:00
KXNFLTD-26OCT04ARINYG,KXNFLTD,KXNFLTD-26OCT04ARINYG-ARITMCBRIDE85-1,Trey McBride: 1+ touchdowns,0.3700,0.3800,0.3800,18289.66,18257.39,active,2026-10-06T17:00:00Z,2026-10-04T08:20:41+00:00
KXNFLTD-26OCT04ARINYG,KXNFLTD,KXNFLTD-26OCT04ARINYG-ARIHLONG89-1,Hunter Long: 1+ touchdowns,0.0500,0.0600,0.0000,0.00,0.00,active,2026-10-06T17:00:00Z,2026-10-04T08:20:41+00:00
KXNFLTD-26OCT04ARINYG,KXNFLTD,KXNFLTD-26OCT04ARINYG-NYGMFIELDS88-1,Malachi Fields: 1+ touchdowns,0.1500,0.1600,0.1600,157.71,157.71,active,2026-10-06T17:00:00Z,2026-10-04T08:20:41+00:00
KXNFLRRYDS-26OCT04ARINYG,KXNFLRRYDS,KXNFLRRYDS-26OCT04ARINYG-NYGCSKATTEBO44-140,Cam Skattebo: 140+ rushing and receiving yards combined,0.1000,0.1100,0.1000,200.01,200.01,active,2026-10-06T17:00:00Z,2026-10-04T08:20:41+00:00
KXNFLRRYDS-26OCT04ARINYG,KXNFLRRYDS,KXNFLRRYDS-26OCT04ARINYG-ARIJLOVE4-90,Jeremiyah Love: 90+ rushing and receiving yards combined,0.4800,0.5000,0.5000,2354.33,2354.33,active,2026-10-06T17:00:00Z,2026-10-04T08:20:41+00:00
KXNFLRRYDS-26OCT04ARINYG,KXNFLRRYDS,KXNFLRRYDS-26OCT04ARINYG-NYGCSKATTEBO44-90,Cam Skattebo: 90+ rushing and receiving yards combined,0.4600,0.4700,0.4700,417.61,417.61,active,2026-10-06T17:00:00Z,2026-10-04T08:20:41+00:00
KXNFLRRYDS-26OCT04ARINYG,KXNFLRRYDS,KXNFLRRYDS-26OCT04ARINYG-ARIJLOVE4-115,Jeremiyah Love: 115+ rushing and receiving yards combined,0.2500,0.2700,0.2700,237.50,237.50,active,2026-10-06T17:00:00Z,2026-10-04T08:20:41+00:00
KXNFLRRYDS-26OCT04ARINYG,KXNFLRRYDS,KXNFLRRYDS-26OCT04ARINYG-ARIJLOVE4-140,Jeremiyah Love: 140+ rushing and receiving yards combined,0.1100,0.1300,0.1100,187.01,187.01,active,2026-10-06T17:00:00Z,2026-10-04T08:20:41+00:00
KXNFLRRYDS-26OCT04ARINYG,KXNFLRRYDS,KXNFLRRYDS-26OCT04ARINYG-NYGCSKATTEBO44-115,Cam Skattebo: 115+ rushing and receiving yards combined,0.2400,0.2600,0.2700,394.57,394.57,active,2026-10-06T17:00:00Z,2026-10-04T08:20:41+00:00
KXNFLGAME-26OCT04ARINYG,KXNFLGAME,KXNFLGAME-26OCT04ARINYG-NYG,New York G wins,0.4300,0.4400,0.4400,293657.32,279244.33,active,2026-10-06T17:00:00Z,2026-10-04T08:20:41+00:00
KXNFLGAME-26OCT04ARINYG,KXNFLGAME,KXNFLGAME-26OCT04ARINYG-ARI,Arizona wins,0.5600,0.5700,0.5700,207217.07,149322.38,active,2026-10-06T17:00:00Z,2026-10-04T08:20:41+00:00
KXNFLSPREAD-26OCT04ARINYG,KXNFLSPREAD,KXNFLSPREAD-26OCT04ARINYG-ARI2,ARI Cardinals wins by over 1.5 points?,0.5300,0.5400,0.5400,27182.31,23156.87,active,2026-10-06T17:00:00Z,2026-10-04T08:20:41+00:00
KXNFLSPREAD-26OCT04ARINYG,KXNFLSPREAD,KXNFLSPREAD-26OCT04ARINYG-NYG15,NY Giants wins by over 14.5 points?,0.0900,0.1000,0.1200,1893.53,1893.53,active,2026-10-06T17:00:00Z,2026-10-04T08:20:41+00:00
KXNFLSPREAD-26OCT04ARINYG,KXNFLSPREAD,KXNFLSPREAD-26OCT04ARINYG-NYG8,NY Giants wins by over 7.5 points?,0.2000,0.2100,0.2000,4770.25,4713.33,active,2026-10-06T17:00:00Z,2026-10-04T08:20:41+00:00
KXNFLSPREAD-26OCT04ARINYG,KXNFLSPREAD,KXNFLSPREAD-26OCT04ARINYG-NYG5,NY Giants wins by over 4.5 points?,0.2900,0.3000,0.3300,7804.15,4262.34,active,2026-10-06T17:00:00Z,2026-10-04T08:20:41+00:00
KXNFLSPREAD-26OCT04ARINYG,KXNFLSPREAD,KXNFLSPREAD-26OCT04ARINYG-NYG21,NY Giants wins by over 20.5 points?,0.0400,0.0500,0.0500,857.62,857.62,active,2026-10-06T17:00:00Z,2026-10-04T08:20:41+00:00
KXNFLSPREAD-26OCT04ARINYG,KXNFLSPREAD,KXNFLSPREAD-26OCT04ARINYG-NYG17,NY Giants wins by over 16.5 points?,0.0700,0.0800,0.1000,6.38,6.38,active,2026-10-06T17:00:00Z,2026-10-04T08:20:41+00:00
KXNFLSPREAD-26OCT04ARINYG,KXNFLSPREAD,KXNFLSPREAD-26OCT04ARINYG-ARI6,ARI Cardinals wins by over 5.5 points?,0.3600,0.3700,0.3600,7316.02,6639.92,active,2026-10-06T17:00:00Z,2026-10-04T08:20:41+00:00
KXNFLSPREAD-26OCT04ARINYG,KXNFLSPREAD,KXNFLSPREAD-26OCT04ARINYG-ARI3,ARI Cardinals wins by over 2.5 points?,0.4900,0.5000,0.5000,104449.38,94690.03,active,2026-10-06T17:00:00Z,2026-10-04T08:20:41+00:00
KXNFLSPREAD-26OCT04ARINYG,KXNFLSPREAD,KXNFLSPREAD-26OCT04ARINYG-ARI10,ARI Cardinals wins by over 9.5 points?,0.2400,0.2500,0.2500,16582.27,5057.14,active,2026-10-06T17:00:00Z,2026-10-04T08:20:41+00:00
KXNFLSPREAD-26OCT04ARINYG,KXNFLSPREAD,KXNFLSPREAD-26OCT04ARINYG-ARI7,ARI Cardinals wins by over 6.5 points?,0.3300,0.3400,0.3400,4605.93,3232.54,active,2026-10-06T17:00:00Z,2026-10-04T08:20:41+00:00
KXNFLSPREAD-26OCT04ARINYG,KXNFLSPREAD,KXNFLSPREAD-26OCT04ARINYG-ARI4,ARI Cardinals wins by over 3.5 points?,0.4100,0.4200,0.4100,7819.46,6224.46,active,2026-10-06T17:00:00Z,2026-10-04T08:20:41+00:00
KXNFLSPREAD-26OCT04ARINYG,KXNFLSPREAD,KXNFLSPREAD-26OCT04ARINYG-NYG10,NY Giants wins by over 9.5 points?,0.1700,0.1800,0.1800,4520.30,4307.30,active,2026-10-06T17:00:00Z,2026-10-04T08:20:41+00:00
KXNFLSPREAD-26OCT04ARINYG,KXNFLSPREAD,KXNFLSPREAD-26OCT04ARINYG-ARI5,ARI Cardinals wins by over 4.5 points?,0.3900,0.4000,0.3900,27255.94,23463.11,active,2026-10-06T17:00:00Z,2026-10-04T08:20:41+00:00
KXNFLSPREAD-26OCT04ARINYG,KXNFLSPREAD,KXNFLSPREAD-26OCT04ARINYG-NYG11,NY Giants wins by over 10.5 points?,0.1400,0.1500,0.1800,4635.17,3597.34,active,2026-10-06T17:00:00Z,2026-10-04T08:20:41+00:00
KXNFLSPREAD-26OCT04ARINYG,KXNFLSPREAD,KXNFLSPREAD-26OCT04ARINYG-NYG14,NY Giants wins by over 13.5 points?,0.1100,0.1200,0.1200,3003.95,1928.95,active,2026-10-06T17:00:00Z,2026-10-04T08:20:41+00:00
KXNFLSPREAD-26OCT04ARINYG,KXNFLSPREAD,KXNFLSPREAD-26OCT04ARINYG-NYG2,NY Giants wins by over 1.5 points?,0.4100,0.4200,0.4200,4964.15,1082.75,active,2026-10-06T17:00:00Z,2026-10-04T08:20:41+00:00
KXNFLSPREAD-26OCT04ARINYG,KXNFLSPREAD,KXNFLSPREAD-26OCT04ARINYG-ARI14,ARI Cardinals wins by over 13.5 points?,0.1600,0.1700,0.1700,936.19,875.19,active,2026-10-06T17:00:00Z,2026-10-04T08:20:41+00:00
KXNFLSPREAD-26OCT04ARINYG,KXNFLSPREAD,KXNFLSPREAD-26OCT04ARINYG-NYG4,NY Giants wins by over 3.5 points?,0.3000,0.3100,0.3100,6451.78,6265.52,active,2026-10-06T17:00:00Z,2026-10-04T08:20:41+00:00
KXNFLSPREAD-26OCT04ARINYG,KXNFLSPREAD,KXNFLSPREAD-26OCT04ARINYG-ARI15,ARI Cardinals wins by over 14.5 points?,0.1500,0.1600,0.1500,19382.82,16442.93,active,2026-10-06T17:00:00Z,2026-10-04T08:20:41+00:00
KXNFLSPREAD-26OCT04ARINYG,KXNFLSPREAD,KXNFLSPREAD-26OCT04ARINYG-NYG6,NY Giants wins by over 5.5 points?,0.2600,0.2700,0.2800,27762.04,27583.84,active,2026-10-06T17:00:00Z,2026-10-04T08:20:41+00:00
KXNFLSPREAD-26OCT04ARINYG,KXNFLSPREAD,KXNFLSPREAD-26OCT04ARINYG-NYG18,NY Giants wins by over 17.5 points?,0.0600,0.0700,0.0800,500.00,500.00,active,2026-10-06T17:00:00Z,2026-10-04T08:20:41+00:00
KXNFLSPREAD-26OCT04ARINYG,KXNFLSPREAD,KXNFLSPREAD-26OCT04ARINYG-ARI8,ARI Cardinals wins by over 7.5 points?,0.2700,0.2800,0.2800,19016.67,18372.67,active,2026-10-06T17:00:00Z,2026-10-04T08:20:41+00:00
KXNFLSPREAD-26OCT04ARINYG,KXNFLSPREAD,KXNFLSPREAD-26OCT04ARINYG-NYG7,NY Giants wins by over 6.5 points?,0.2400,0.2500,0.2500,29326.27,28963.78,active,2026-10-06T17:00:00Z,2026-10-04T08:20:41+00:00
KXNFLSPREAD-26OCT04ARINYG,KXNFLSPREAD,KXNFLSPREAD-26OCT04ARINYG-ARI11,ARI Cardinals wins by over 10.5 points?,0.2100,0.2200,0.2100,26874.93,23070.25,active,2026-10-06T17:00:00Z,2026-10-04T08:20:41+00:00
KXNFLSPREAD-26OCT04ARINYG,KXNFLSPREAD,KXNFLSPREAD-26OCT04ARINYG-NYG3,NY Giants wins by over 2.5 points?,0.3800,0.3900,0.3900,1769.31,1740.35,active,2026-10-06T17:00:00Z,2026-10-04T08:20:41+00:00
KXNFLTOTAL-26OCT04ARINYG,KXNFLTOTAL,KXNFLTOTAL-26OCT04ARINYG-59,Full Game: over 58.5 points scored?,0.1400,0.1500,0.1500,637.89,637.89,active,2026-10-06T17:00:00Z,2026-10-04T08:20:41+00:00
KXNFLTOTAL-26OCT04ARINYG,KXNFLTOTAL,KXNFLTOTAL-26OCT04ARINYG-26,Full Game: over 25.5 points scored?,0.9300,0.9400,0.9400,34079.50,15767.17,active,2026-10-06T17:00:00Z,2026-10-04T08:20:41+00:00
KXNFLTOTAL-26OCT04ARINYG,KXNFLTOTAL,KXNFLTOTAL-26OCT04ARINYG-38,Full Game: over 37.5 points scored?,0.7000,0.7100,0.7100,19088.65,11924.18,active,2026-10-06T17:00:00Z,2026-10-04T08:20:41+00:00
KXNFLTOTAL-26OCT04ARINYG,KXNFLTOTAL,KXNFLTOTAL-26OCT04ARINYG-65,Full Game: over 64.5 points scored?,0.0700,0.0800,0.0800,1617.54,1617.54,active,2026-10-06T17:00:00Z,2026-10-04T08:20:41+00:00
KXNFLTOTAL-26OCT04ARINYG,KXNFLTOTAL,KXNFLTOTAL-26OCT04ARINYG-32,Full Game: over 31.5 points scored?,0.8400,0.8500,0.8500,95021.74,17722.80,active,2026-10-06T17:00:00Z,2026-10-04T08:20:41+00:00
KXNFLTOTAL-26OCT04ARINYG,KXNFLTOTAL,KXNFLTOTAL-26OCT04ARINYG-35,Full Game: over 34.5 points scored?,0.7800,0.7900,0.7900,25084.80,15083.80,active,2026-10-06T17:00:00Z,2026-10-04T08:20:41+00:00
KXNFLTOTAL-26OCT04ARINYG,KXNFLTOTAL,KXNFLTOTAL-26OCT04ARINYG-56,Full Game: over 55.5 points scored?,0.2000,0.2100,0.2000,4026.99,2751.99,active,2026-10-06T17:00:00Z,2026-10-04T08:20:41+00:00
KXNFLTOTAL-26OCT04ARINYG,KXNFLTOTAL,KXNFLTOTAL-26OCT04ARINYG-62,Full Game: over 61.5 points scored?,0.1100,0.1200,0.0900,6888.95,6866.38,active,2026-10-06T17:00:00Z,2026-10-04T08:20:41+00:00
KXNFLTOTAL-26OCT04ARINYG,KXNFLTOTAL,KXNFLTOTAL-26OCT04ARINYG-43,Full Game: over 42.5 points scored?,0.5600,0.5700,0.5600,71.57,71.57,active,2026-10-06T17:00:00Z,2026-10-04T08:20:41+00:00
KXNFLTOTAL-26OCT04ARINYG,KXNFLTOTAL,KXNFLTOTAL-26OCT04ARINYG-45,Full Game: over 44.5 points scored?,0.4800,0.4900,0.4900,27949.08,27426.70,active,2026-10-06T17:00:00Z,2026-10-04T08:20:41+00:00
KXNFLTOTAL-26OCT04ARINYG,KXNFLTOTAL,KXNFLTOTAL-26OCT04ARINYG-42,Full Game: over 41.5 points scored?,0.5800,0.5900,0.5800,282.88,257.88,active,2026-10-06T17:00:00Z,2026-10-04T08:20:41+00:00
KXNFLTOTAL-26OCT04ARINYG,KXNFLTOTAL,KXNFLTOTAL-26OCT04ARINYG-46,Full Game: over 45.5 points scored?,0.4600,0.4700,0.4600,13232.38,13207.38,active,2026-10-06T17:00:00Z,2026-10-04T08:20:41+00:00
KXNFLTOTAL-26OCT04ARINYG,KXNFLTOTAL,KXNFLTOTAL-26OCT04ARINYG-47,Full Game: over 46.5 points scored?,0.4300,0.4400,0.4300,845.47,670.47,active,2026-10-06T17:00:00Z,2026-10-04T08:20:41+00:00
KXNFLTOTAL-26OCT04ARINYG,KXNFLTOTAL,KXNFLTOTAL-26OCT04ARINYG-29,Full Game: over 28.5 points scored?,0.8900,0.9000,0.9000,23940.30,15306.44,active,2026-10-06T17:00:00Z,2026-10-04T08:20:41+00:00
KXNFLTOTAL-26OCT04ARINYG,KXNFLTOTAL,KXNFLTOTAL-26OCT04ARINYG-23,Full Game: over 22.5 points scored?,0.9500,0.9600,0.9600,45846.51,30632.82,active,2026-10-06T17:00:00Z,2026-10-04T08:20:41+00:00
KXNFLTOTAL-26OCT04ARINYG,KXNFLTOTAL,KXNFLTOTAL-26OCT04ARINYG-41,Full Game: over 40.5 points scored?,0.6200,0.6300,0.6300,5580.64,3115.81,active,2026-10-06T17:00:00Z,2026-10-04T08:20:41+00:00
KXNFLTOTAL-26OCT04ARINYG,KXNFLTOTAL,KXNFLTOTAL-26OCT04ARINYG-53,Full Game: over 52.5 points scored?,0.2600,0.2700,0.2600,157.55,157.55,active,2026-10-06T17:00:00Z,2026-10-04T08:20:41+00:00
KXNFLTOTAL-26OCT04ARINYG,KXNFLTOTAL,KXNFLTOTAL-26OCT04ARINYG-44,Full Game: over 43.5 points scored?,0.5200,0.5300,0.5300,3351.58,2321.36,active,2026-10-06T17:00:00Z,2026-10-04T08:20:41+00:00
KXNFLTOTAL-26OCT04ARINYG,KXNFLTOTAL,KXNFLTOTAL-26OCT04ARINYG-50,Full Game: over 49.5 points scored?,0.3500,0.3600,0.3600,440.72,251.62,active,2026-10-06T17:00:00Z,2026-10-04T08:20:41+00:00
