owner,slot,player,tm,status,pts,final,frac
OVERKILL,QB,Matthew Stafford,LAR,Final L 26-30 @ Den,28.80,1,1.0
OVERKILL,RB,James Cook III,BUF,Final W 24-16 vs LAC,19.40,1,1.0
OVERKILL,RB,MarShawn Lloyd,GB,Final L 14-35 vs Atl,3.80,1,1.0
OVERKILL,WR,Jaxon Smith-Njigba,SEA,Final L 31-33 @ Was,35.50,1,1.0
OVERKILL,WR,Drake London,ATL,Final W 35-14 @ GB,28.40,1,1.0
OVERKILL,WR,Malik Washington,MIA,Final L 10-24 vs KC,11.10,1,1.0
OVERKILL,TE,Sam LaPorta,DET,Final W 31-24 vs NYJ,7.40,1,1.0
OVERKILL,W/R/T,Isaiah Likely,NYG,Final W 12-7 vs Ten,3.30,1,1.0
OVERKILL,K,Jason Myers,SEA,Final L 31-33 @ Was,9.70,1,1.0
OVERKILL,DEF,49ers,SF,Final W 36-30 vs Ari,0.00,1,1.0
OVERKILL,BN,Jauan Jennings,MIN,Final W 23-16 @ TB,1.10,1,1.0
OVERKILL,BN,Josh Jacobs,GB,Final L 14-35 vs Atl,0.00,1,1.0
OVERKILL,BN,Ray Davis,BUF,Final W 24-16 vs LAC,0.00,1,1.0
OVERKILL,BN,Ryan Flournoy,DAL,Final L 31-34 vs Bal,4.20,1,1.0
OVERKILL,BN,DeMario Douglas,NE,Final L 6-35 @ Jax,4.80,1,1.0
OVERKILL,BN,Xavier Hutchinson,HOU,Final L 17-19 @ Ind,8.50,1,1.0
OVERKILL,BN,Vikings,MIN,Final W 23-16 @ TB,12.00,1,1.0
Rayland,QB,Tyler Shough,NO,Final L 27-35 vs LV,34.35,1,1.0
Rayland,RB,De'Von Achane,MIA,Final L 10-24 vs KC,1.70,1,1.0
Rayland,RB,Quinshon Judkins,CLE,Final W 21-18 vs Car,9.90,1,1.0
Rayland,WR,Ja'Marr Chase,CIN,Final L 27-30 @ Pit,24.80,1,1.0
Rayland,WR,Malik Nabers,NYG,Final W 12-7 vs Ten,7.60,1,1.0
Rayland,TE,Tucker Kraft,GB,Final L 14-35 vs Atl,6.60,1,1.0
Rayland,W/R/T,Travis Kelce,KC,Final W 24-10 @ Mia,13.90,1,1.0
Rayland,K,Harrison Butker,KC,Final W 24-10 @ Mia,6.40,1,1.0
Rayland,DEF,Seahawks,SEA,Final L 31-33 @ Was,2.00,1,1.0
Rayland,BN,Jayden Daniels,WAS,Final W 33-31 vs Sea,0.00,1,1.0
Rayland,BN,Jakobi Meyers,JAX,Final W 35-6 vs NE,19.40,1,1.0
Rayland,BN,Tre Tucker,LV,Final W 35-27 @ NO,8.30,1,1.0
Rayland,BN,Chris Rodriguez Jr.,JAX,Final W 35-6 vs NE,9.70,1,1.0
Rayland,BN,Tyrone Tracy Jr.,NYG,Final W 12-7 vs Ten,0.30,1,1.0
Rayland,BN,Jerry Jeudy,CLE,Final W 21-18 vs Car,0.00,1,1.0
Rayland,BN,Rashod Bateman,BAL,Final W 34-31 @ Dal,5.70,1,1.0
Rayland,BN,Justice Hill,BAL,Final W 34-31 @ Dal,3.30,1,1.0
