datetime,team,action,player,pos,nfl,bid,note
2026-09-30 04:12,FWU,Add,Tre' Harris,WR,LAC,11,Waiver
2026-09-30 04:12,FWU,Drop,Jalen Nailor,WR,LV,,To Waivers
2026-09-30 04:12,Regulators,Add,Chris Bell,WR,MIA,16,Waiver
2026-09-30 04:12,Regulators,Drop,LaJohntay Wester,WR,BAL,,To Waivers
2026-09-30 04:12,Phish Phanatics,Add,Kenyon Sadiq,TE,NYJ,17,Waiver
2026-09-30 04:12,FWU,Add,Jaylen Wright,RB,MIA,31,Waiver
2026-09-30 04:12,FWU,Drop,Jalen McMillan,WR,TB,,To Waivers
2026-09-30 04:12,Rayland,Add,Braelon Allen,RB,NYJ,33,Waiver
2026-09-30 04:12,Rayland,Drop,Tyrone Tracy Jr.,RB,NYG,,To Waivers
2026-09-30 04:12,Rayland,Add,Ollie Gordon II,RB,MIA,66,Waiver
2026-09-30 04:12,Rayland,Drop,De'Von Achane,RB,MIA,,To Waivers
2026-09-27 20:16,Phish Phanatics,Add,Pat Bryant,WR,DEN,,Free Agent
2026-09-27 20:16,Phish Phanatics,Drop,Ted Hurst III,WR,TB,,To Waivers
2026-09-27 12:19,Regulators,Add,LaJohntay Wester,WR,BAL,,Free Agent
2026-09-27 12:19,Regulators,Drop,Tre' Harris,WR,LAC,,To Waivers
2026-09-27 10:34,Bad News Bears,Add,Darren Waller,TE,CAR,,Free Agent
2026-09-27 10:34,Bad News Bears,Drop,Braelon Allen,RB,NYJ,,To Waivers
2026-09-27 09:42,Deadites,Add,Joshua Palmer,WR,BUF,,Free Agent
2026-09-27 09:42,Deadites,Drop,Kendrick Bourne,WR,ARI,,To Waivers
2026-09-26 20:36,Phish Phanatics,Add,Ted Hurst III,WR,TB,,Free Agent
2026-09-26 20:36,Phish Phanatics,Drop,Jonah Coleman,RB,DEN,,To Waivers
2026-09-26 04:05,Regulators,Add,Tre' Harris,WR,LAC,0,Waiver
2026-09-26 04:05,Regulators,Drop,Malachi Fields,WR,NYG,,To Waivers
2026-09-25 16:45,Phish Phanatics,Drop,Baker Mayfield,QB,TB,,To Waivers
2026-09-23 12:05,Ex-Presidents,Add,Emanuel Wilson,RB,SEA,,Free Agent
2026-09-23 12:05,Ex-Presidents,Drop,Jaxson Dart,QB,NYG,,To Waivers
2026-09-23 06:47,65 SOUTH,Add,Darius Slayton,WR,IND,,Free Agent
2026-09-23 06:47,65 SOUTH,Drop,Malik Willis,QB,MIA,,To Waivers
2026-09-23 05:18,Deadites,Add,Trey Smack,K,GB,0,Waiver
2026-09-23 05:18,Deadites,Drop,Cameron Dicker,K,LAC,,To Waivers
2026-09-23 05:18,Regulators,Add,Malachi Fields,WR,NYG,3,Waiver
2026-09-23 05:18,Regulators,Drop,Tre' Harris,WR,LAC,,To Waivers
2026-09-23 05:18,Sycawhores,Add,Oronde Gadsden,TE,LAC,5,Waiver
2026-09-23 05:18,Sycawhores,Drop,Michael Mayer,TE,LV,,To Waivers
2026-09-23 05:18,FWU,Add,Jordyn Tyson,WR,NO,7,Waiver
2026-09-23 05:18,FWU,Drop,Antonio Williams,WR,WAS,,To Waivers
2026-09-23 05:18,Ex-Presidents,Add,Jameis Winston,QB,NYG,7,Waiver
2026-09-23 05:18,Ex-Presidents,Drop,Mack Hollins,WR,NE,,To Waivers
2026-09-23 05:18,FWU,Add,Tank Dell,WR,HOU,11,Waiver
2026-09-23 05:18,FWU,Drop,Demarcus Robinson,WR,SF,,To Waivers
2026-09-20 18:18,Phish Phanatics,Add,Terrance Ferguson,TE,LAR,,Free Agent
2026-09-20 18:18,Phish Phanatics,Drop,Pat Bryant,WR,DEN,,To Waivers
2026-09-20 15:08,Phish Phanatics,Add,Jonah Coleman,RB,DEN,,Free Agent
2026-09-20 15:08,Phish Phanatics,Drop,Kenyon Sadiq,TE,NYJ,,To Waivers
2026-09-20 12:10,OVERKILL,Add,Makai Lemon,WR,PHI,,Free Agent
2026-09-20 12:10,OVERKILL,Drop,Calvin Ridley,WR,TEN,,To Waivers
2026-09-19 23:13,FWU,Add,Antonio Williams,WR,WAS,,Free Agent
2026-09-19 04:03,Rayland,Add,Justice Hill,RB,BAL,1,Waiver
2026-09-19 04:03,Rayland,Drop,Elijah Arroyo,TE,SEA,,To Waivers
2026-09-18 09:40,Regulators,Add,Tre' Harris,WR,LAC,,Free Agent
2026-09-18 09:40,Regulators,Drop,Malachi Fields,WR,NYG,,To Waivers
2026-09-16 21:44,Deadites,Add,T.J. Hockenson,TE,MIN,,Free Agent
2026-09-16 21:44,Deadites,Drop,Jacob Saylors,RB,DET,,To Waivers
2026-09-16 15:54,Ex-Presidents,Add,Mack Hollins,WR,NE,,Free Agent
2026-09-16 15:54,Ex-Presidents,Drop,De'Zhaun Stribling,WR,SF,,To Waivers
2026-09-16 11:14,FWU,Add,Buccaneers,DEF,TB,,Free Agent
2026-09-16 11:14,FWU,Drop,Chris Bell,WR,MIA,,To Waivers
2026-09-16 11:08,FWU,Add,Tyler Loop,K,BAL,,Free Agent
2026-09-16 11:08,FWU,Drop,Jake Bates,K,DET,,To Waivers
2026-09-16 05:08,Regulators,Add,Malachi Fields,WR,NYG,0,Waiver
2026-09-16 05:08,Phish Phanatics,Add,Kenyon Sadiq,TE,NYJ,1,Waiver
2026-09-16 05:08,Regulators,Add,Chiefs,DEF,KC,2,Waiver
2026-09-16 05:08,OVERKILL,Add,Xavier Hutchinson,WR,HOU,2,Waiver
2026-09-16 05:08,Phish Phanatics,Add,Brenton Strange,TE,JAX,3,Waiver
2026-09-16 05:08,FWU,Add,Demarcus Robinson,WR,SF,4,Waiver
2026-09-16 05:08,OVERKILL,Add,DeMario Douglas,WR,NE,5,Waiver
2026-09-16 05:08,FWU,Add,Bryce Young,QB,CAR,6,Waiver
2026-09-16 05:08,Deadites,Add,Kendrick Bourne,WR,ARI,7,Waiver
2026-09-16 05:08,Short Bus,Add,Kalif Raymond,WR,CHI,25,Waiver
2026-09-16 05:08,Regulators,Drop,Makai Lemon,WR,PHI,,To Waivers
2026-09-13 14:48,OVERKILL,Add,Ryan Flournoy,WR,DAL,,Free Agent
2026-09-13 12:54,OVERKILL,Add,Malik Washington,WR,MIA,,Free Agent
2026-09-13 11:13,Phish Phanatics,Add,Pat Bryant,WR,DEN,,Free Agent
2026-09-13 09:00,Sycawhores,Add,Packers,DEF,GB,,Free Agent
2026-09-13 09:00,Sycawhores,Add,Tyler Bass,K,BUF,,Free Agent
2026-09-09 16:20,Sycawhores,Add,Michael Mayer,TE,LV,,Free Agent
2026-09-09 09:35,Short Bus,Add,Devaughn Vele,WR,NO,,Free Agent
2026-09-09 09:34,Short Bus,Add,George Holani,RB,SEA,,Free Agent
2026-09-02 03:23,OVERKILL,Add,Tank Dell,WR,HOU,0,Waiver
2026-09-02 03:23,FWU,Add,Sam Darnold,QB,SEA,2,Waiver
2026-09-02 03:23,FWU,Add,Jalen McMillan,WR,TB,3,Waiver
2026-09-02 03:23,FWU,Add,Kayshon Boutte,WR,HOU,6,Waiver
