event_id,away,home,kickoff,spread_team,spread,over_under,over_odds,under_odds,away_ml,home_ml,status,src
401872980,TB,DAL,2026-10-09T00:15Z,DAL,-8.5,48.5,,,,,STATUS_SCHEDULED,espn
401872981,PHI,JAX,2026-10-11T13:30Z,PHI,1.5,45.5,,,,,,lookahead
401872982,CIN,MIA,2026-10-11T17:00Z,CIN,6,49.5,,,,,,lookahead
401872983,CLE,NYJ,2026-10-11T17:00Z,NYJ,1.5,39.5,,,,,,lookahead
401872984,HOU,TEN,2026-10-11T17:00Z,HOU,3.5,43.5,,,,,,lookahead
401872985,IND,PIT,2026-10-11T17:00Z,PIT,2.5,47.5,,,,,,lookahead
401872986,LV,NE,2026-10-11T17:00Z,NE,8.5,44.5,,,,,,lookahead
401872987,MIN,NO,2026-10-11T17:00Z,MIN,1.5,44.5,,,,,,lookahead
401872988,NYG,WSH,2026-10-11T17:00Z,WSH,2.5,48.5,,,,,,lookahead
401872989,DEN,LAC,2026-10-11T20:05Z,LAC,2.5,44.5,,,,,,lookahead
401872990,CHI,GB,2026-10-11T20:25Z,GB,3,49.5,,,,,,lookahead
401872991,DET,ARI,2026-10-11T20:25Z,DET,8.5,48.5,,,,,,lookahead
401872992,SF,SEA,2026-10-11T20:25Z,SEA,3.5,48.5,,,,,,lookahead
401872993,BAL,ATL,2026-10-12T00:20Z,BAL,4.5,48.5,,,,,,lookahead
401872994,BUF,LAR,2026-10-13T00:15Z,LAR,3,53.5,,,,,,lookahead
