event_id,away,home,kickoff,spread_team,spread,over_under,over_odds,under_odds,away_ml,home_ml
401872932,DET,BUF,2026-09-18T00:15Z,BUF,-3,53.5,-110,-110,140,-166
401872933,CAR,ATL,2026-09-20T17:00Z,ATL,-1.5,44.5,-110,-110,-102,-118
401872934,CIN,HOU,2026-09-20T17:00Z,HOU,-2.5,47.5,-110,-110,120,-142
401872935,CLE,TB,2026-09-20T17:00Z,TB,-8.5,40.5,-110,-110,295,-375
401872936,GB,NYJ,2026-09-20T17:00Z,GB,-4.5,44.5,-110,-110,-218,180
401872937,MIN,CHI,2026-09-20T17:00Z,CHI,-5.5,48.5,-110,-110,215,-265
401872938,NO,BAL,2026-09-20T17:00Z,BAL,-8.5,48.5,-110,-110,310,-395
401872939,PHI,TEN,2026-09-20T17:00Z,PHI,-7,40.5,-110,-110,-305,245
401872940,JAX,DEN,2026-09-20T20:05Z,DEN,-2.5,43.5,-110,-110,120,-142
401872941,LV,LAC,2026-09-20T20:05Z,LAC,-7,45.5,-110,-110,235,-290
401872942,MIA,SF,2026-09-20T20:25Z,SF,-12.5,46.5,-110,-110,625,-950
401872943,SEA,ARI,2026-09-20T20:25Z,SEA,-4.5,42.5,-110,-110,-230,190
401872944,WSH,DAL,2026-09-20T20:25Z,DAL,-4.5,50.5,-110,-110,180,-218
401872945,IND,KC,2026-09-21T00:20Z,KC,-6.5,48.5,-110,-110,235,-290
401872946,PIT,NE,2026-09-20T17:00Z,NE,-5.5,43.5,-110,-110,200,-245
401872947,NYG,LAR,2026-09-22T00:15Z,LAR,-7.5,49.5,-110,-110,295,-375
