source,market_type,team,market_id,strike_wins_at_least,asof_preseason,preseason_yes_bid,preseason_yes_ask,preseason_mid,asof_current,current_yes_bid,current_yes_ask,current_mid,move_pct_pts,current_spread_pct_pts,cum_volume_contracts,open_interest_contracts,liquidity_flag,value_units,week1_result,provenance
kalshi,season_win_total,ARI,KXNFLWINS-27ARI-4,4,2026-09-01,0.5600,0.5900,0.5750,2026-09-15,0.7400,0.7800,0.7600,+18.5,4,66904.49,38047.31,DEEP,probability_dollars,ARI 26 - LAC 14 (W),"candlesticks endpoint, daily; bid/ask close verbatim"
kalshi,season_win_total,SF,KXNFLWINS-27SF-11,11,2026-09-01,0.3700,0.4100,0.3900,2026-09-15,0.5600,0.5700,0.5650,+17.5,1,53914.25,23839.86,DEEP,probability_dollars,SF 27 - LAR 7 (W),"candlesticks endpoint, daily; bid/ask close verbatim"
kalshi,season_win_total,NYG,KXNFLWINS-27NYG-8,8,2026-09-01,0.4900,0.5000,0.4950,2026-09-15,0.6400,0.6600,0.6500,+15.5,2,123688.72,68510.89,DEEP,probability_dollars,NYG 28 - DAL 20 (W),"candlesticks endpoint, daily; bid/ask close verbatim"
kalshi,season_win_total,BUF,KXNFLWINS-27BUF-11,11,2026-09-01,0.5200,0.5500,0.5350,2026-09-15,0.6700,0.6800,0.6750,+14.0,1,27995.79,20915.95,DEEP,probability_dollars,BUF 36 - HOU 31 (W),"candlesticks endpoint, daily; bid/ask close verbatim"
kalshi,season_win_total,CHI,KXNFLWINS-27CHI-10,10,2026-09-01,0.4700,0.4800,0.4750,2026-09-15,0.6000,0.6100,0.6050,+13.0,1,74918.74,43197.44,DEEP,probability_dollars,CHI 59 - CAR 37 (W),"candlesticks endpoint, daily; bid/ask close verbatim"
kalshi,season_win_total,WAS,KXNFLWINS-27WAS-8,8,2026-09-01,0.3300,0.3500,0.3400,2026-09-15,0.4300,0.4500,0.4400,+10.0,2,,,OK,probability_dollars,PHI 24 - WAS 22 (L),"candlesticks endpoint, daily; bid/ask close verbatim"
kalshi,season_win_total,JAC,KXNFLWINS-27JAC-10,10,2026-09-01,0.4700,0.4900,0.4800,2026-09-15,0.5700,0.5900,0.5800,+10.0,2,,,OK,probability_dollars,JAC 34 - CLE 10 (W),"candlesticks endpoint, daily; bid/ask close verbatim"
kalshi,season_win_total,KC,KXNFLWINS-27KC-10,10,2026-09-01,0.5600,0.5800,0.5700,2026-09-15,0.6600,0.6700,0.6650,+9.5,1,,,OK,probability_dollars,vs DEN (score not verified),"candlesticks endpoint, daily; bid/ask close verbatim"
kalshi,season_win_total,BAL,KXNFLWINS-27BAL-12,12,2026-09-01,0.4100,0.4400,0.4250,2026-09-15,0.4900,0.5400,0.5150,+9.0,5,,,WIDE_SPREAD,probability_dollars,BAL 41 - IND 23 (W),"candlesticks endpoint, daily; bid/ask close verbatim"
kalshi,season_win_total,NYJ,KXNFLWINS-27NYJ-6,6,2026-09-01,0.4900,0.5300,0.5100,2026-09-15,0.5700,0.6200,0.5950,+8.5,5,,,WIDE_SPREAD,probability_dollars,NYJ 23 - TEN 10 (W),"candlesticks endpoint, daily; bid/ask close verbatim"
kalshi,season_win_total,CIN,KXNFLWINS-27CIN-11,11,2026-09-01,0.4600,0.4800,0.4700,2026-09-15,0.5300,0.5700,0.5500,+8.0,4,,,OK,probability_dollars,CIN 33 - TB 27 (W),"candlesticks endpoint, daily; bid/ask close verbatim"
kalshi,season_win_total,PIT,KXNFLWINS-27PIT-9,9,2026-09-01,0.4800,0.4900,0.4850,2026-09-15,0.5600,0.5700,0.5650,+8.0,1,,,OK,probability_dollars,PIT 20 - ATL 13 (W),"candlesticks endpoint, daily; bid/ask close verbatim"
kalshi,season_win_total,LV,KXNFLWINS-27LV-7,7,2026-09-01,0.3900,0.4200,0.4050,2026-09-15,0.4600,0.4800,0.4700,+6.5,2,,,OK,probability_dollars,LV 27 - MIA 13 (W),"candlesticks endpoint, daily; bid/ask close verbatim"
kalshi,season_win_total,MIN,KXNFLWINS-27MIN-10,10,2026-09-01,0.4000,0.4100,0.4050,2026-09-15,0.4500,0.4800,0.4650,+6.0,3,,,OK,probability_dollars,MIN 39 - GB 22 (W),"candlesticks endpoint, daily; bid/ask close verbatim"
kalshi,season_win_total,PHI,KXNFLWINS-27PHI-11,11,2026-09-01,0.4300,0.4900,0.4600,2026-09-15,0.4800,0.5000,0.4900,+3.0,2,,,OK,probability_dollars,PHI 24 - WAS 22 (W),"candlesticks endpoint, daily; bid/ask close verbatim"
kalshi,season_win_total,DET,KXNFLWINS-27DET-11,11,2026-09-01,0.5600,0.5800,0.5700,2026-09-15,0.5400,0.5600,0.5500,-2.0,2,,,OK,probability_dollars,DET 31 - NO 30 OT (W),"candlesticks endpoint, daily; bid/ask close verbatim"
kalshi,season_win_total,SEA,KXNFLWINS-27SEA-12,12,2026-09-01,0.4100,0.4400,0.4250,2026-09-15,0.3600,0.4200,0.3900,-3.5,6,,,WIDE_SPREAD,probability_dollars,SEA 13 - NE 10 (W),"candlesticks endpoint, daily; bid/ask close verbatim"
kalshi,season_win_total,CAR,KXNFLWINS-27CAR-8,8,2026-09-01,0.4000,0.4500,0.4250,2026-09-15,0.3600,0.3900,0.3750,-5.0,3,,,OK,probability_dollars,CHI 59 - CAR 37 (L),"candlesticks endpoint, daily; bid/ask close verbatim"
kalshi,season_win_total,DEN,KXNFLWINS-27DEN-10,10,2026-09-01,0.5400,0.5800,0.5600,2026-09-15,0.4800,0.5200,0.5000,-6.0,4,,,OK,probability_dollars,vs KC (score not verified),"candlesticks endpoint, daily; bid/ask close verbatim"
kalshi,season_win_total,HOU,KXNFLWINS-27HOU-10,10,2026-09-01,0.6200,0.6300,0.6250,2026-09-15,0.5600,0.5700,0.5650,-6.0,1,,,OK,probability_dollars,BUF 36 - HOU 31 (L),"candlesticks endpoint, daily; bid/ask close verbatim"
kalshi,season_win_total,NO,KXNFLWINS-27NO-8,8,2026-09-01,0.5400,0.5800,0.5600,2026-09-15,0.4900,0.5100,0.5000,-6.0,2,,,OK,probability_dollars,DET 31 - NO 30 OT (L),"candlesticks endpoint, daily; bid/ask close verbatim"
kalshi,season_win_total,TB,KXNFLWINS-27TB-9,9,2026-09-01,0.4800,0.5000,0.4900,2026-09-15,0.4100,0.4300,0.4200,-7.0,2,,,OK,probability_dollars,CIN 33 - TB 27 (L),"candlesticks endpoint, daily; bid/ask close verbatim"
kalshi,season_win_total,ATL,KXNFLWINS-27ATL-8,8,2026-09-01,0.3800,0.4000,0.3900,2026-09-15,0.3100,0.3200,0.3150,-7.5,1,,,OK,probability_dollars,PIT 20 - ATL 13 (L),"candlesticks endpoint, daily; bid/ask close verbatim"
kalshi,season_win_total,IND,KXNFLWINS-27IND-9,9,2026-09-01,0.4500,0.4600,0.4550,2026-09-15,0.3600,0.3900,0.3750,-8.0,3,,,OK,probability_dollars,BAL 41 - IND 23 (L),"candlesticks endpoint, daily; bid/ask close verbatim"
kalshi,season_win_total,GB,KXNFLWINS-27GB-10,10,2026-09-01,0.5100,0.5300,0.5200,2026-09-15,0.4300,0.4400,0.4350,-8.5,1,31423.85,,DEEP,probability_dollars,MIN 39 - GB 22 (L),"candlesticks endpoint, daily; bid/ask close verbatim"
kalshi,season_win_total,CLE,KXNFLWINS-27CLE-6,6,2026-09-01,0.4800,0.5000,0.4900,2026-09-15,0.3900,0.4100,0.4000,-9.0,2,,,OK,probability_dollars,JAC 34 - CLE 10 (L),"candlesticks endpoint, daily; bid/ask close verbatim"
kalshi,season_win_total,NE,KXNFLWINS-27NE-10,10,2026-09-01,0.5500,0.5900,0.5700,2026-09-15,0.4600,0.5000,0.4800,-9.0,4,,,OK,probability_dollars,SEA 13 - NE 10 (L),"candlesticks endpoint, daily; bid/ask close verbatim"
kalshi,season_win_total,MIA,KXNFLWINS-27MIA-5,5,2026-09-01,0.3300,0.3400,0.3350,2026-09-15,0.1900,0.2600,0.2250,-11.0,7,87492.03,49125.40,DEEP,probability_dollars,LV 27 - MIA 13 (L),"candlesticks endpoint, daily; bid/ask close verbatim"
kalshi,season_win_total,TEN,KXNFLWINS-27TEN-7,7,2026-09-01,0.4000,0.4100,0.4050,2026-09-15,0.2700,0.2800,0.2750,-13.0,1,33287.08,20243.61,DEEP,probability_dollars,NYJ 23 - TEN 10 (L),"candlesticks endpoint, daily; bid/ask close verbatim"
kalshi,season_win_total,DAL,KXNFLWINS-27DAL-10,10,2026-09-01,0.5200,0.5300,0.5250,2026-09-15,0.3600,0.3700,0.3650,-16.0,1,117651.12,,DEEP,probability_dollars,NYG 28 - DAL 20 (L),"candlesticks endpoint, daily; bid/ask close verbatim"
kalshi,season_win_total,LAC,KXNFLWINS-27LAC-10,10,2026-09-01,0.5700,0.5900,0.5800,2026-09-15,0.3600,0.4000,0.3800,-20.0,4,45779.00,30410.05,DEEP,probability_dollars,ARI 26 - LAC 14 (L),"candlesticks endpoint, daily; bid/ask close verbatim"
kalshi,season_win_total,LAR,KXNFLWINS-27LAR-12,12,2026-09-01,0.6000,0.6100,0.6050,2026-09-15,0.4000,0.4100,0.4050,-20.0,1,40094.05,21664.52,DEEP,probability_dollars,SF 27 - LAR 7 (L),"candlesticks endpoint, daily; bid/ask close verbatim"
espn_core_api/DraftKings,super_bowl_winner,LAR,espn_team_id:14,,,,,,2026-09-16(fetch),,,+650,,,,,NOT_ASSESSED,american_odds,,"futures/1561; team name INFERRED from ESPN id ordering, not verbatim"
espn_core_api/DraftKings,super_bowl_winner,BAL,espn_team_id:33,,,,,,2026-09-16(fetch),,,+900,,,,,NOT_ASSESSED,american_odds,,"futures/1561; team name INFERRED from ESPN id ordering, not verbatim"
espn_core_api/DraftKings,super_bowl_winner,BUF,espn_team_id:2,,,,,,2026-09-16(fetch),,,+950,,,,,NOT_ASSESSED,american_odds,,"futures/1561; team name INFERRED from ESPN id ordering, not verbatim"
espn_core_api/DraftKings,super_bowl_winner,SEA,espn_team_id:26,,,,,,2026-09-16(fetch),,,+1100,,,,,NOT_ASSESSED,american_odds,,"futures/1561; team name INFERRED from ESPN id ordering, not verbatim"
espn_core_api/DraftKings,super_bowl_winner,KC,espn_team_id:12,,,,,,2026-09-16(fetch),,,+1400,,,,,NOT_ASSESSED,american_odds,,"futures/1561; team name INFERRED from ESPN id ordering, not verbatim"
espn_core_api/DraftKings,super_bowl_winner,SF,espn_team_id:25,,,,,,2026-09-16(fetch),,,+1400,,,,,NOT_ASSESSED,american_odds,,"futures/1561; team name INFERRED from ESPN id ordering, not verbatim"
espn_core_api/DraftKings,super_bowl_winner,PHI,espn_team_id:21,,,,,,2026-09-16(fetch),,,+1700,,,,,NOT_ASSESSED,american_odds,,"futures/1561; team name INFERRED from ESPN id ordering, not verbatim"
espn_core_api/DraftKings,super_bowl_winner,DET,espn_team_id:8,,,,,,2026-09-16(fetch),,,+1800,,,,,NOT_ASSESSED,american_odds,,"futures/1561; team name INFERRED from ESPN id ordering, not verbatim"
espn_core_api/DraftKings,super_bowl_winner,CIN,espn_team_id:4,,,,,,2026-09-16(fetch),,,+1900,,,,,NOT_ASSESSED,american_odds,,"futures/1561; team name INFERRED from ESPN id ordering, not verbatim"
espn_core_api/DraftKings,super_bowl_winner,HOU,espn_team_id:34,,,,,,2026-09-16(fetch),,,+1900,,,,,NOT_ASSESSED,american_odds,,"futures/1561; team name INFERRED from ESPN id ordering, not verbatim"
espn_core_api/DraftKings,super_bowl_winner,LAC,espn_team_id:24,,,,,,2026-09-16(fetch),,,+2000,,,,,NOT_ASSESSED,american_odds,,"futures/1561; team name INFERRED from ESPN id ordering, not verbatim"
espn_core_api/DraftKings,super_bowl_winner,DEN,espn_team_id:7,,,,,,2026-09-16(fetch),,,+2000,,,,,NOT_ASSESSED,american_odds,,"futures/1561; team name INFERRED from ESPN id ordering, not verbatim"
espn_core_api/DraftKings,super_bowl_winner,GB,espn_team_id:9,,,,,,2026-09-16(fetch),,,+2000,,,,,NOT_ASSESSED,american_odds,,"futures/1561; team name INFERRED from ESPN id ordering, not verbatim"
espn_core_api/DraftKings,super_bowl_winner,NE,espn_team_id:17,,,,,,2026-09-16(fetch),,,+2100,,,,,NOT_ASSESSED,american_odds,,"futures/1561; team name INFERRED from ESPN id ordering, not verbatim"
espn_core_api/DraftKings,super_bowl_winner,CHI,espn_team_id:3,,,,,,2026-09-16(fetch),,,+2100,,,,,NOT_ASSESSED,american_odds,,"futures/1561; team name INFERRED from ESPN id ordering, not verbatim"
espn_core_api/DraftKings,super_bowl_winner,DAL,espn_team_id:6,,,,,,2026-09-16(fetch),,,+2500,,,,,NOT_ASSESSED,american_odds,,"futures/1561; team name INFERRED from ESPN id ordering, not verbatim"
espn_core_api/DraftKings,super_bowl_winner,JAC,espn_team_id:30,,,,,,2026-09-16(fetch),,,+2500,,,,,NOT_ASSESSED,american_odds,,"futures/1561; team name INFERRED from ESPN id ordering, not verbatim"
espn_core_api/DraftKings,super_bowl_winner,MIN,espn_team_id:16,,,,,,2026-09-16(fetch),,,+4000,,,,,NOT_ASSESSED,american_odds,,"futures/1561; team name INFERRED from ESPN id ordering, not verbatim"
espn_core_api/DraftKings,super_bowl_winner,PIT,espn_team_id:23,,,,,,2026-09-16(fetch),,,+5000,,,,,NOT_ASSESSED,american_odds,,"futures/1561; team name INFERRED from ESPN id ordering, not verbatim"
espn_core_api/DraftKings,super_bowl_winner,NYG,espn_team_id:19,,,,,,2026-09-16(fetch),,,+5000,,,,,NOT_ASSESSED,american_odds,,"futures/1561; team name INFERRED from ESPN id ordering, not verbatim"
espn_core_api/DraftKings,super_bowl_winner,TB,espn_team_id:27,,,,,,2026-09-16(fetch),,,+5500,,,,,NOT_ASSESSED,american_odds,,"futures/1561; team name INFERRED from ESPN id ordering, not verbatim"
espn_core_api/DraftKings,super_bowl_winner,IND,espn_team_id:11,,,,,,2026-09-16(fetch),,,+6500,,,,,NOT_ASSESSED,american_odds,,"futures/1561; team name INFERRED from ESPN id ordering, not verbatim"
espn_core_api/DraftKings,super_bowl_winner,WAS,espn_team_id:28,,,,,,2026-09-16(fetch),,,+6500,,,,,NOT_ASSESSED,american_odds,,"futures/1561; team name INFERRED from ESPN id ordering, not verbatim"
espn_core_api/DraftKings,super_bowl_winner,NO,espn_team_id:18,,,,,,2026-09-16(fetch),,,+9000,,,,,NOT_ASSESSED,american_odds,,"futures/1561; team name INFERRED from ESPN id ordering, not verbatim"
espn_core_api/DraftKings,super_bowl_winner,CAR,espn_team_id:29,,,,,,2026-09-16(fetch),,,+9000,,,,,NOT_ASSESSED,american_odds,,"futures/1561; team name INFERRED from ESPN id ordering, not verbatim"
espn_core_api/DraftKings,super_bowl_winner,ATL,espn_team_id:1,,,,,,2026-09-16(fetch),,,+13000,,,,,NOT_ASSESSED,american_odds,,"futures/1561; team name INFERRED from ESPN id ordering, not verbatim"
espn_core_api/DraftKings,super_bowl_winner,LV,espn_team_id:13,,,,,,2026-09-16(fetch),,,+15000,,,,,NOT_ASSESSED,american_odds,,"futures/1561; team name INFERRED from ESPN id ordering, not verbatim"
espn_core_api/DraftKings,super_bowl_winner,TEN,espn_team_id:10,,,,,,2026-09-16(fetch),,,+20000,,,,,NOT_ASSESSED,american_odds,,"futures/1561; team name INFERRED from ESPN id ordering, not verbatim"
espn_core_api/DraftKings,super_bowl_winner,NYJ,espn_team_id:20,,,,,,2026-09-16(fetch),,,+25000,,,,,NOT_ASSESSED,american_odds,,"futures/1561; team name INFERRED from ESPN id ordering, not verbatim"
espn_core_api/DraftKings,super_bowl_winner,CLE,espn_team_id:5,,,,,,2026-09-16(fetch),,,+30000,,,,,NOT_ASSESSED,american_odds,,"futures/1561; team name INFERRED from ESPN id ordering, not verbatim"
espn_core_api/DraftKings,super_bowl_winner,ARI,espn_team_id:22,,,,,,2026-09-16(fetch),,,+30000,,,,,NOT_ASSESSED,american_odds,,"futures/1561; team name INFERRED from ESPN id ordering, not verbatim"
espn_core_api/DraftKings,super_bowl_winner,MIA,espn_team_id:15,,,,,,2026-09-16(fetch),,,+50000,,,,,NOT_ASSESSED,american_odds,,"futures/1561; team name INFERRED from ESPN id ordering, not verbatim"
