week,event_id,away,home,kickoff,favorite,spread,over_under
3,401872948,ATL,GB,2026-09-25T00:15Z,GB,7.5,46.5
3,401872949,CAR,CLE,2026-09-27T17:00Z,CAR,1.5,39.5
3,401872950,CIN,PIT,2026-09-27T17:00Z,CIN,1.5,46.5
3,401872951,HOU,IND,2026-09-27T17:00Z,HOU,1.5,45.5
3,401872952,KC,MIA,2026-09-27T17:00Z,KC,7.5,44.5
3,401872953,LAC,BUF,2026-09-27T17:00Z,BUF,3,48.5
3,401872954,NYJ,DET,2026-09-27T17:00Z,DET,9.5,45.5
3,401872955,SEA,WSH,2026-09-27T17:00Z,SEA,3.5,46.5
3,401872956,TEN,NYG,2026-09-27T17:00Z,NYG,3,44.5
3,401872957,NE,JAX,2026-09-27T17:00Z,JAX,1.5,45.5
3,401872958,ARI,SF,2026-09-27T20:05Z,SF,11.5,46.5
3,401872959,MIN,TB,2026-09-27T20:05Z,TB,1.5,44.5
3,401872960,BAL,DAL,2026-09-27T20:25Z,BAL,2.5,51.5
3,401872961,LV,NO,2026-09-27T20:25Z,NO,3.5,42.5
3,401872962,LAR,DEN,2026-09-28T00:20Z,LAR,3,45.5
3,401872963,PHI,CHI,2026-09-29T00:15Z,CHI,1.5,46.5
4,401872964,PIT,CLE,2026-10-02T00:15Z,PIT,2.5,40.5
4,401872965,IND,WSH,2026-10-04T13:30Z,WSH,1.5,50.5
4,401872966,ARI,NYG,2026-10-04T17:00Z,NYG,7,45.5
4,401872967,DAL,HOU,2026-10-04T17:00Z,HOU,2.5,47.5
4,401872968,GB,TB,2026-10-04T17:00Z,GB,1.5,47.5
4,401872969,JAX,CIN,2026-10-04T17:00Z,CIN,2.5,51.5
4,401872970,LAR,PHI,2026-10-04T17:00Z,LAR,1.5,47.5
4,401872971,NE,BUF,2026-10-04T17:00Z,BUF,3,49.5
4,401872972,NYJ,CHI,2026-10-04T17:00Z,CHI,8.5,45.5
4,401872973,TEN,BAL,2026-10-04T17:00Z,BAL,8.5,47.5
4,401872974,MIA,MIN,2026-10-04T20:05Z,MIN,7.5,43.5
4,401872975,DEN,SF,2026-10-04T20:25Z,SF,2.5,46.5
4,401872976,KC,LV,2026-10-04T20:25Z,KC,5.5,43.5
4,401872977,LAC,SEA,2026-10-04T20:25Z,SEA,3,45.5
4,401872978,DET,CAR,2026-10-05T00:20Z,DET,3,47.5
4,401872979,ATL,NO,2026-10-06T00:15Z,NO,2.5,45.5
5,401872980,TB,DAL,2026-10-09T00:15Z,DAL,3.5,52.5
5,401872981,PHI,JAX,2026-10-11T13:30Z,PHI,1.5,45.5
5,401872982,CIN,MIA,2026-10-11T17:00Z,CIN,6,49.5
5,401872983,CLE,NYJ,2026-10-11T17:00Z,NYJ,1.5,39.5
5,401872984,HOU,TEN,2026-10-11T17:00Z,HOU,3.5,43.5
5,401872985,IND,PIT,2026-10-11T17:00Z,PIT,2.5,47.5
5,401872986,LV,NE,2026-10-11T17:00Z,NE,8.5,44.5
5,401872987,MIN,NO,2026-10-11T17:00Z,MIN,1.5,44.5
5,401872988,NYG,WSH,2026-10-11T17:00Z,WSH,2.5,48.5
5,401872989,DEN,LAC,2026-10-11T20:05Z,LAC,2.5,44.5
5,401872990,CHI,GB,2026-10-11T20:25Z,GB,3,49.5
5,401872991,DET,ARI,2026-10-11T20:25Z,DET,8.5,48.5
5,401872992,SF,SEA,2026-10-11T20:25Z,SEA,3.5,48.5
5,401872993,BAL,ATL,2026-10-12T00:20Z,BAL,4.5,48.5
5,401872994,BUF,LAR,2026-10-13T00:15Z,LAR,3,53.5
6,401872995,SEA,DEN,2026-10-16T00:15Z,SEA,1.5,43.5
6,401872996,HOU,JAX,2026-10-18T13:30Z,JAX,1.5,42.5
6,401872997,BAL,CLE,2026-10-18T17:00Z,BAL,6.5,44.5
6,401872998,CAR,PHI,2026-10-18T17:00Z,PHI,6.5,43.5
6,401872999,CHI,ATL,2026-10-18T17:00Z,CHI,3,47.5
6,401873000,NO,NYG,2026-10-18T17:00Z,NYG,2.5,44.5
6,401873001,NYJ,NE,2026-10-18T17:00Z,NE,9.5,42.5
6,401873002,PIT,TB,2026-10-18T17:00Z,TB,1.5,45.5
6,401873003,TEN,IND,2026-10-18T17:00Z,IND,3.5,47.5
6,401873004,ARI,LAR,2026-10-18T20:05Z,LAR,13.5,47.5
6,401873005,BUF,LV,2026-10-18T20:25Z,BUF,6.5,47.5
6,401873006,LAC,KC,2026-10-18T20:25Z,KC,2.5,46.5
6,401873007,DAL,GB,2026-10-19T00:20Z,GB,3,51.5
6,401873008,WSH,SF,2026-10-20T00:15Z,SF,5.5,50.5
7,401873009,DAL,PHI,2026-10-27T00:15Z,PHI,3,48.5
7,401873010,NE,CHI,2026-10-23T00:15Z,CHI,1.5,47.5
7,401873011,PIT,NO,2026-10-25T13:30Z,PIT,2.5,42.5
7,401873012,CIN,BAL,2026-10-25T17:00Z,BAL,3.5,51.5
7,401873013,CLE,TEN,2026-10-25T17:00Z,TEN,2.5,40.5
7,401873014,IND,MIN,2026-10-25T17:00Z,MIN,2.5,46.5
7,401873015,MIA,NYJ,2026-10-25T17:00Z,NYJ,2.5,41.5
7,401873016,NYG,HOU,2026-10-25T17:00Z,HOU,5.5,43.5
7,401873017,SF,ATL,2026-10-25T17:00Z,SF,4.5,47.5
7,401873018,TB,CAR,2026-10-25T17:00Z,TB,1.5,45.5
7,401873019,DEN,ARI,2026-10-25T20:05Z,DEN,7.5,43.5
7,401873020,GB,DET,2026-10-25T20:25Z,DET,2.5,50.5
7,401873021,LAR,LV,2026-10-25T20:25Z,LAR,7.5,46.5
7,401873022,KC,SEA,2026-10-26T00:20Z,SEA,3,45.5
8,401873023,CAR,GB,2026-10-30T00:15Z,GB,7,45.5
8,401873024,ARI,DAL,2026-11-01T18:00Z,DAL,10.5,47.5
8,401873025,ATL,TB,2026-11-01T18:00Z,TB,4.5,46.5
8,401873026,BAL,BUF,2026-11-01T18:00Z,BUF,2.5,51.5
8,401873027,CLE,PIT,2026-11-01T18:00Z,PIT,6,39.5
8,401873028,IND,JAX,2026-11-01T18:00Z,JAX,4.5,49.5
8,401873029,LV,NYJ,2026-11-01T18:00Z,NYJ,1.5,40.5
8,401873030,MIN,DET,2026-11-01T18:00Z,DET,4.5,47.5
8,401873031,TEN,CIN,2026-11-01T18:00Z,CIN,6.5,49.5
8,401873032,LAC,LAR,2026-11-01T21:05Z,LAR,3.5,48.5
8,401873033,KC,DEN,2026-11-01T21:25Z,DEN,1.5,43.5
8,401873034,NE,MIA,2026-11-01T21:25Z,NE,7,45.5
8,401873035,PHI,WSH,2026-11-02T01:20Z,PHI,1.5,46.5
8,401873036,CHI,SEA,2026-11-03T01:15Z,SEA,4.5,47.5
9,401873037,JAX,BAL,2026-11-06T01:15Z,BAL,4.5,49.5
9,401873038,CIN,ATL,2026-11-08T14:30Z,CIN,5.5,49.5
9,401873039,CLE,NO,2026-11-08T18:00Z,NO,3.5,41.5
9,401873040,DAL,IND,2026-11-08T18:00Z,DAL,1.5,52.5
9,401873041,DEN,CAR,2026-11-08T18:00Z,DEN,3,42.5
9,401873042,DET,MIA,2026-11-08T18:00Z,DET,6.5,47.5
9,401873043,LAR,WSH,2026-11-08T18:00Z,LAR,5.5,50.5
9,401873044,NYG,PHI,2026-11-08T18:00Z,PHI,5.5,44.5
9,401873045,NYJ,KC,2026-11-08T18:00Z,KC,9.5,41.5
9,401873046,HOU,LAC,2026-11-08T21:05Z,LAC,2.5,43.5
9,401873047,LV,SF,2026-11-08T21:05Z,SF,8.5,46.5
9,401873048,ARI,SEA,2026-11-08T21:25Z,SEA,13.5,45.5
9,401873049,GB,NE,2026-11-08T21:25Z,NE,1.5,46.5
9,401873050,TB,CHI,2026-11-09T01:20Z,CHI,3.5,48.5
9,401873051,BUF,MIN,2026-11-10T01:15Z,BUF,3,48.5
