player,team,pos,opp,pts_ppr,pass_yd,pass_td,pass_int,rush_att,rush_yd,rush_td,rec,rec_tgt,rec_yd,rec_td,fum_lost,fgm,fgm_yds,xpm,pts_allow,sack,int,fum_rec,def_td
Jalen Hurts,PHI,QB,TEN,21.37,218.49,1.68,0.45,6.91,28.26,0.6,,,,,0.17,,,,,,,,
Josh Allen,BUF,QB,DET,21.36,230.85,1.68,0.45,6.0,26.93,0.55,,,,,0.19,,,,,,,,
Lamar Jackson,BAL,QB,NO,20.99,223.06,1.79,0.42,9.06,41.48,0.22,,,,,0.19,,,,,,,,
Dak Prescott,DAL,QB,WAS,20.9,278.77,2.26,0.51,2.36,9.13,0.08,,,,,0.23,,,,,,,,
Jayden Daniels,WAS,QB,DAL,20.68,221.03,1.57,0.36,7.53,40.23,0.34,,,,,0.18,,,,,,,,
Brock Purdy,SF,QB,MIA,20.58,262.58,2.03,0.71,3.98,15.39,0.21,,,,,0.2,,,,,,,,
Jordan Love,GB,QB,NYJ,19.36,245.86,2.01,0.25,3.09,12.23,0.11,,,,,0.2,,,,,,,,
Kyler Murray,MIN,QB,CHI,18.67,218.07,1.64,1.05,6.07,33.59,0.21,,,,,0.19,,,,,,,,
Joe Burrow,CIN,QB,HOU,18.49,258.27,2.0,0.9,2.56,6.5,0.09,,,,,0.2,,,,,,,,
C.J. Stroud,HOU,QB,CIN,18.09,236.12,1.93,0.92,2.89,13.33,0.11,,,,,0.19,,,,,,,,
Drake Maye,NE,QB,PIT,17.85,253.13,1.52,1.01,4.45,19.47,0.14,,,,,0.18,,,,,,,,
Baker Mayfield,TB,QB,CLE,17.84,229.88,1.89,0.74,3.25,12.85,0.12,,,,,0.19,,,,,,,,
Malik Willis,MIA,QB,SF,17.67,190.0,1.22,0.38,7.76,34.73,0.37,,,,,0.14,,,,,,,,
Jaxson Dart,NYG,QB,LAR,17.24,203.41,1.4,0.84,5.93,27.34,0.29,,,,,0.16,,,,,,,,
Caleb Williams,CHI,QB,MIN,16.92,239.73,1.36,0.52,4.43,19.45,0.11,,,,,0.19,,,,,,,,
Justin Herbert,LAC,QB,LV,16.8,233.5,1.34,0.48,4.46,17.13,0.17,,,,,0.19,,,,,,,,
Patrick Mahomes,KC,QB,IND,16.55,253.99,1.34,0.56,2.56,11.28,0.11,,,,,0.21,,,,,,,,
Jared Goff,DET,QB,BUF,16.47,253.68,1.51,0.5,1.74,4.33,0.09,,,,,0.2,,,,,,,,
Matthew Stafford,LAR,QB,NYG,16.35,248.55,1.62,0.64,1.33,3.44,0.06,,,,,0.2,,,,,,,,
Bo Nix,DEN,QB,JAX,16.28,225.96,1.36,0.94,4.55,16.42,0.21,,,,,0.2,,,,,,,,
Aaron Rodgers,PIT,QB,NE,16.24,215.66,1.94,0.57,1.28,3.3,0.04,,,,,0.17,,,,,,,,
Bryce Young,CAR,QB,ATL,15.88,197.6,1.46,1.01,4.65,22.19,0.19,,,,,0.17,,,,,,,,
Trevor Lawrence,JAX,QB,DEN,15.77,229.29,0.94,0.59,4.8,16.16,0.33,,,,,0.18,,,,,,,,
Tua Tagovailoa,ATL,QB,CAR,15.04,227.82,1.46,0.87,2.41,5.46,0.09,,,,,0.18,,,,,,,,
Geno Smith,NYJ,QB,GB,14.94,216.18,1.37,0.53,2.9,10.36,0.08,,,,,0.16,,,,,,,,
Daniel Jones,IND,QB,KC,14.55,214.83,1.13,0.47,3.39,13.39,0.12,,,,,0.17,,,,,,,,
Deshaun Watson,CLE,QB,TB,14.41,199.35,1.34,0.64,3.13,10.71,0.14,,,,,0.15,,,,,,,,
Tyler Shough,NO,QB,BAL,14.31,232.66,0.84,0.58,4.48,15.17,0.15,,,,,0.18,,,,,,,,
Kirk Cousins,LV,QB,LAC,13.38,227.66,1.2,1.07,1.57,3.42,0.06,,,,,0.17,,,,,,,,
Drew Lock,SEA,QB,ARI,13.02,202.28,0.96,0.78,3.28,13.93,0.12,,,,,0.2,,,,,,,,
Cam Ward,TEN,QB,PHI,12.59,208.95,0.83,0.58,2.79,9.37,0.12,,,,,0.17,,,,,,,,
Jacoby Brissett,ARI,QB,SEA,12.19,230.4,0.79,0.99,2.24,6.19,0.06,,,,,0.19,,,,,,,,
Jahmyr Gibbs,DET,RB,BUF,25.46,,,,18.5,107.39,1.26,3.89,4.66,24.16,0.15,0.09,,,,,,,,
Bijan Robinson,ATL,RB,CAR,21.96,,,,19.41,94.6,0.74,4.12,5.05,29.4,0.18,0.09,,,,,,,,
Christian McCaffrey,SF,RB,MIA,20.92,,,,15.08,69.23,0.58,4.98,5.42,36.78,0.32,0.09,,,,,,,,
Jonathan Taylor,IND,RB,KC,18.54,,,,19.41,87.92,0.75,2.82,3.42,18.96,0.1,0.09,,,,,,,,
De'Von Achane,MIA,RB,SF,17.45,,,,14.08,74.73,0.55,3.44,3.65,21.24,0.2,0.06,,,,,,,,
James Cook,BUF,RB,DET,16.83,,,,15.86,79.75,0.62,2.56,2.89,16.82,0.16,0.08,,,,,,,,
Kyren Williams,LAR,RB,NYG,16.79,,,,14.82,84.11,0.77,2.02,2.57,12.2,0.1,0.07,,,,,,,,
Saquon Barkley,PHI,RB,TEN,16.42,,,,16.11,73.27,0.6,2.59,3.18,19.33,0.17,0.07,,,,,,,,
Javonte Williams,DAL,RB,WAS,16.29,,,,17.42,82.79,0.46,2.75,3.32,19.03,0.11,0.09,,,,,,,,
David Montgomery,HOU,RB,CIN,15.75,,,,15.67,75.75,0.67,2.05,2.25,14.7,0.11,0.07,,,,,,,,
Kenneth Walker,KC,RB,IND,15.68,,,,16.26,64.37,0.63,3.09,3.38,22.12,0.04,0.08,,,,,,,,
Chase Brown,CIN,RB,HOU,15.32,,,,15.02,55.32,0.42,4.01,4.74,20.12,0.22,0.07,,,,,,,,
Ashton Jeanty,LV,RB,LAC,14.51,,,,16.86,61.74,0.52,3.11,4.12,14.9,0.12,0.07,,,,,,,,
Derrick Henry,BAL,RB,NO,14.32,,,,18.19,79.8,0.68,1.13,1.37,8.4,0.05,0.08,,,,,,,,
Omarion Hampton,LAC,RB,LV,13.71,,,,13.72,57.66,0.35,3.61,3.91,18.3,0.08,0.07,,,,,,,,
Breece Hall,NYJ,RB,GB,13.04,,,,14.73,62.88,0.33,2.54,2.94,17.17,0.09,0.06,,,,,,,,
Quinshon Judkins,CLE,RB,TB,12.8,,,,16.03,57.96,0.61,1.9,2.34,11.87,0.06,0.06,,,,,,,,
Jeremiyah Love,ARI,RB,SEA,12.39,,,,12.56,44.14,0.31,3.52,4.59,19.78,0.11,0.06,,,,,,,,
Cam Skattebo,NYG,RB,LAR,12.31,,,,12.43,49.55,0.4,2.53,3.08,17.37,0.12,0.05,,,,,,,,
Travis Etienne,NO,RB,BAL,12.15,,,,13.67,54.88,0.29,2.64,3.21,18.74,0.08,0.06,,,,,,,,
Rhamondre Stevenson,NE,RB,PIT,12.1,,,,11.89,46.88,0.36,2.82,3.12,19.26,0.1,0.06,,,,,,,,
Jaylen Warren,PIT,RB,NE,12.03,,,,12.34,52.73,0.22,2.95,3.19,18.78,0.11,0.06,,,,,,,,
MarShawn Lloyd,GB,RB,NYJ,11.95,,,,11.98,51.13,0.45,2.05,2.45,13.72,0.13,0.06,,,,,,,,
Bucky Irving,TB,RB,CLE,11.43,,,,13.08,48.39,0.34,2.34,2.56,16.41,0.11,0.06,,,,,,,,
Rachaad White,WAS,RB,DAL,11.4,,,,7.96,37.23,0.25,3.19,3.12,21.46,0.14,0.04,,,,,,,,
Jadarian Price,SEA,RB,ARI,11.31,,,,12.49,61.46,0.36,1.57,1.9,11.36,0.06,0.06,,,,,,,,
Rico Dowdle,PIT,RB,NE,11.3,,,,12.57,50.89,0.24,2.46,2.84,15.87,0.13,0.06,,,,,,,,
D'Andre Swift,CHI,RB,MIN,10.91,,,,12.88,53.35,0.35,2.05,2.62,12.6,0.04,0.06,,,,,,,,
Jacory Croskey-Merritt,WAS,RB,DAL,10.66,,,,9.59,46.9,0.48,1.3,1.65,12.39,0.09,0.04,,,,,,,,
Blake Corum,LAR,RB,NYG,10.32,,,,10.73,62.01,0.47,0.72,1.0,3.73,0.04,0.05,,,,,,,,
Aaron Jones,MIN,RB,CHI,10.12,,,,8.34,41.88,0.26,2.15,2.59,15.21,0.13,0.04,,,,,,,,
TreVeyon Henderson,NE,RB,PIT,10.11,,,,9.31,41.01,0.38,2.18,2.56,12.12,0.06,0.05,,,,,,,,
Jordan Mason,MIN,RB,CHI,10.09,,,,10.39,57.22,0.38,1.03,1.16,6.85,0.06,0.04,,,,,,,,
Chuba Hubbard,CAR,RB,ATL,9.82,,,,12.08,51.64,0.3,1.57,1.88,8.6,0.08,0.05,,,,,,,,
Jonathon Brooks,CAR,RB,ATL,9.2,,,,9.14,39.82,0.23,1.97,2.45,11.6,0.12,0.04,,,,,,,,
Tony Pollard,TEN,RB,PHI,9.16,,,,11.02,48.77,0.29,1.59,2.07,7.99,0.03,0.04,,,,,,,,
Bhayshul Tuten,JAX,RB,DEN,9.13,,,,11.22,36.84,0.39,1.73,2.47,9.35,0.08,0.05,,,,,,,,
RJ Harvey,DEN,RB,JAX,9.11,,,,7.62,25.64,0.29,2.55,3.11,15.98,0.11,0.04,,,,,,,,
Kenny Gainwell,TB,RB,CLE,9.06,,,,6.66,26.7,0.24,2.67,3.12,15.8,0.13,0.04,,,,,,,,
George Holani,SEA,RB,ARI,8.24,,,,7.27,32.15,0.29,1.72,1.95,11.53,0.08,0.04,,,,,,,,
Woody Marks,HOU,RB,CIN,8.08,,,,7.75,35.29,0.2,1.42,1.87,11.78,0.14,0.04,,,,,,,,
J.K. Dobbins,DEN,RB,JAX,7.89,,,,9.71,42.74,0.34,0.99,1.21,4.34,0.03,0.06,,,,,,,,
Kyle Monangai,CHI,RB,MIN,7.24,,,,8.54,36.35,0.21,1.15,1.65,8.73,0.06,0.04,,,,,,,,
Tyjae Spears,TEN,RB,PHI,7.14,,,,5.82,22.65,0.18,2.41,2.9,12.25,0.03,0.03,,,,,,,,
Dylan Sampson,CLE,RB,TB,6.83,,,,6.15,19.38,0.14,2.0,2.24,15.23,0.1,0.03,,,,,,,,
Chris Rodriguez,JAX,RB,DEN,6.73,,,,9.39,38.2,0.34,0.49,0.68,3.01,0.02,0.04,,,,,,,,
Tyler Allgeier,ARI,RB,SEA,6.59,,,,9.04,30.27,0.2,1.29,1.54,8.49,0.05,0.04,,,,,,,,
Keaton Mitchell,LAC,RB,LV,6.35,,,,5.91,31.32,0.13,1.27,1.5,8.28,0.06,0.03,,,,,,,,
Kaelon Black,SF,RB,MIA,5.98,,,,6.73,31.19,0.2,0.85,0.99,5.73,0.05,0.03,,,,,,,,
Chris Brooks,GB,RB,NYJ,5.86,,,,4.03,19.16,0.14,1.48,1.84,9.85,0.1,0.02,,,,,,,,
Alvin Kamara,NO,RB,BAL,5.61,,,,4.68,17.23,0.11,1.98,2.2,11.76,0.01,0.02,,,,,,,,
Samaje Perine,CIN,RB,HOU,5.02,,,,4.31,15.87,0.16,1.48,1.71,8.02,0.04,0.02,,,,,,,,
Isaiah Davis,NYJ,RB,GB,5.02,,,,3.71,16.42,0.12,1.32,1.62,8.69,0.08,0.02,,,,,,,,
Brian Robinson,ATL,RB,CAR,4.95,,,,5.57,23.32,0.2,0.73,0.91,4.77,0.04,0.02,,,,,,,,
Tyrone Tracy,NYG,RB,LAR,4.76,,,,7.14,27.77,0.11,0.74,0.91,4.44,0.03,0.03,,,,,,,,
Emari Demercado,DAL,RB,WAS,4.64,,,,3.39,23.31,0.08,0.85,1.03,6.84,0.06,0.02,,,,,,,,
Justice Hill,BAL,RB,NO,4.52,,,,2.43,9.85,0.08,1.46,1.81,9.98,0.1,0.02,,,,,,,,
Jacob Saylors,DET,RB,BUF,3.98,,,,4.19,21.36,0.2,0.34,0.44,2.17,0.01,0.02,,,,,,,,
Tank Bigsby,PHI,RB,TEN,3.96,,,,4.15,20.31,0.18,0.38,0.52,3.19,0.03,0.02,,,,,,,,
Ty Johnson,BUF,RB,DET,3.91,,,,2.48,10.88,0.09,1.05,1.36,7.41,0.08,0.01,,,,,,,,
Mike Washington,LV,RB,LAC,3.87,,,,3.7,15.12,0.12,0.89,1.14,5.22,0.04,0.02,,,,,,,,
Ray Davis,BUF,RB,DET,3.81,,,,4.32,18.66,0.08,0.69,0.81,5.02,0.04,0.02,,,,,,,,
Emmett Johnson,KC,RB,IND,3.53,,,,4.24,17.08,0.23,0.22,0.29,1.47,0.02,0.02,,,,,,,,
Sean Tucker,TB,RB,CLE,3.53,,,,4.24,17.08,0.23,0.22,0.29,1.47,0.02,0.02,,,,,,,,
Braelon Allen,NYJ,RB,GB,3.19,,,,3.63,13.88,0.11,0.57,0.72,3.97,0.04,0.02,,,,,,,,
Jonah Coleman,DEN,RB,JAX,3.11,,,,3.35,12.88,0.08,0.74,0.91,3.93,0.03,0.02,,,,,,,,
Jaylen Wright,MIA,RB,SF,2.79,,,,2.6,9.76,0.07,0.66,0.84,4.67,0.05,0.01,,,,,,,,
Ollie Gordon,MIA,RB,SF,2.64,,,,2.38,6.94,0.11,0.66,0.76,3.93,0.04,0.01,,,,,,,,
LeQuint Allen,JAX,RB,DEN,2.21,,,,1.0,3.54,0.02,1.02,1.27,4.93,0.04,0.01,,,,,,,,
Emanuel Wilson,SEA,RB,ARI,1.94,,,,2.42,12.06,0.07,0.17,0.19,1.15,0.01,0.01,,,,,,,,
Kyle Juszczyk,SF,RB,MIA,1.83,,,,0.11,0.47,0.0,0.75,0.93,6.5,0.06,0.0,,,,,,,,
Jaxon Smith-Njigba,SEA,WR,ARI,20.67,,,,0.45,2.29,0.01,7.16,9.67,101.37,0.51,0.03,,,,,,,,
Puka Nacua,LAR,WR,NYG,20.14,,,,0.45,3.4,0.03,7.18,9.76,96.19,0.47,0.04,,,,,,,,
CeeDee Lamb,DAL,WR,WAS,19.55,,,,0.17,1.04,0.01,6.45,9.22,95.7,0.57,0.03,,,,,,,,
Justin Jefferson,MIN,WR,CHI,17.77,,,,0.13,0.58,0.0,6.12,9.15,87.14,0.47,0.02,,,,,,,,
Nico Collins,HOU,WR,CIN,17.75,,,,0.22,1.23,0.01,5.41,8.29,87.17,0.57,0.02,,,,,,,,
Ja'Marr Chase,CIN,WR,HOU,17.5,,,,0.26,0.93,0.01,6.15,9.28,74.58,0.62,0.03,,,,,,,,
Amon-Ra St. Brown,DET,WR,BUF,17.44,,,,0.28,1.61,0.01,6.43,9.34,76.34,0.52,0.03,,,,,,,,
George Pickens,DAL,WR,WAS,17.25,,,,0.06,0.27,0.0,5.27,7.82,90.21,0.49,0.02,,,,,,,,
Zay Flowers,BAL,WR,NO,16.11,,,,0.21,1.07,0.01,5.64,7.83,77.67,0.42,0.03,,,,,,,,
DeVonta Smith,PHI,WR,TEN,15.8,,,,0.05,0.23,0.0,5.47,7.5,74.47,0.47,0.02,,,,,,,,
Chris Olave,NO,WR,BAL,15.33,,,,0.05,0.18,0.0,5.78,8.79,76.51,0.31,0.02,,,,,,,,
Rashee Rice,KC,WR,IND,15.12,,,,0.45,1.69,0.02,5.83,8.17,68.68,0.35,0.03,,,,,,,,
Terry McLaurin,WAS,WR,DAL,14.97,,,,0.05,0.27,0.0,4.92,7.05,72.4,0.46,0.02,,,,,,,,
Christian Watson,GB,WR,NYJ,14.84,,,,0.14,0.76,0.01,4.02,6.78,70.79,0.6,0.02,,,,,,,,
Drake London,ATL,WR,CAR,14.68,,,,0.06,0.27,0.0,5.0,8.3,69.27,0.45,0.02,,,,,,,,
Tee Higgins,CIN,WR,HOU,14.43,,,,0.06,0.23,0.0,4.33,7.28,60.93,0.66,0.02,,,,,,,,
Garrett Wilson,NYJ,WR,GB,14.14,,,,0.16,0.55,0.0,5.23,8.38,60.23,0.47,0.02,,,,,,,,
Tetairoa McMillan,CAR,WR,ATL,14.04,,,,0.08,0.38,0.0,4.31,8.05,67.65,0.48,0.02,,,,,,,,
Malik Nabers,NYG,WR,LAR,13.85,,,,0.16,0.55,0.0,5.17,8.71,58.18,0.46,0.02,,,,,,,,
Jayden Reed,GB,WR,NYJ,13.77,,,,0.96,6.97,0.05,4.55,6.12,55.44,0.45,0.02,,,,,,,,
Mike Evans,SF,WR,MIA,13.69,,,,,,,4.18,6.84,59.78,0.58,0.02,,,,,,,,
Ladd McConkey,LAC,WR,LV,13.3,,,,0.1,0.44,0.0,4.87,7.2,61.75,0.36,0.02,,,,,,,,
Jaylen Waddle,DEN,WR,JAX,12.96,,,,0.22,1.05,0.01,4.65,7.38,61.93,0.33,0.02,,,,,,,,
Stefon Diggs,WAS,WR,DAL,12.77,,,,,,,4.77,6.11,58.22,0.36,0.02,,,,,,,,
Jameson Williams,DET,WR,BUF,12.62,,,,0.59,3.37,0.03,3.77,6.57,61.48,0.36,0.02,,,,,,,,
DJ Moore,BUF,WR,DET,12.55,,,,0.43,2.36,0.02,4.2,6.61,54.73,0.42,0.02,,,,,,,,
Jalen Coker,CAR,WR,ATL,12.41,,,,0.08,0.38,0.0,4.28,6.19,55.93,0.41,0.02,,,,,,,,
Davante Adams,LAR,WR,NYG,12.11,,,,,,,3.79,6.86,52.58,0.51,0.02,,,,,,,,
Luther Burden,CHI,WR,MIN,11.89,,,,0.61,2.82,0.02,4.31,6.21,58.9,0.22,0.02,,,,,,,,
DK Metcalf,PIT,WR,NE,11.88,,,,0.15,0.65,0.01,3.72,6.36,53.17,0.45,0.01,,,,,,,,
Emeka Egbuka,TB,WR,CLE,11.27,,,,0.24,1.0,0.01,3.43,6.96,51.64,0.42,0.02,,,,,,,,
Jordan Addison,MIN,WR,CHI,10.96,,,,0.28,2.42,0.02,3.35,5.49,48.56,0.4,0.01,,,,,,,,
Deebo Samuel,SF,WR,MIA,10.95,,,,0.9,4.68,0.06,3.58,5.07,46.58,0.32,0.02,,,,,,,,
Alec Pierce,IND,WR,KC,10.93,,,,0.06,0.24,0.0,3.04,5.5,57.87,0.34,0.01,,,,,,,,
Khalil Shakir,BUF,WR,DET,10.93,,,,0.11,0.46,0.0,4.48,5.83,47.52,0.27,0.02,,,,,,,,
Michael Pittman,PIT,WR,NE,10.91,,,,0.05,0.24,0.0,4.29,6.07,46.44,0.33,0.02,,,,,,,,
Parker Washington,JAX,WR,DEN,10.87,,,,0.49,1.19,0.01,3.82,6.73,51.8,0.28,0.02,,,,,,,,
Chris Godwin,TB,WR,CLE,10.83,,,,0.05,0.23,0.0,4.17,6.19,47.14,0.32,0.02,,,,,,,,
Matthew Golden,GB,WR,NYJ,10.45,,,,0.82,3.82,0.03,3.38,5.5,46.83,0.31,0.02,,,,,,,,
Josh Downs,IND,WR,KC,10.26,,,,0.2,0.63,0.01,3.97,6.0,43.91,0.3,0.02,,,,,,,,
Michael Wilson,ARI,WR,SEA,10.13,,,,0.05,0.18,0.0,3.72,6.28,49.78,0.23,0.02,,,,,,,,
Rome Odunze,CHI,WR,MIN,10.09,,,,0.05,0.21,0.0,3.24,6.36,48.42,0.33,0.02,,,,,,,,
KC Concepcion,CLE,WR,TB,10.08,,,,0.76,3.29,0.03,3.3,5.22,44.71,0.3,0.01,,,,,,,,
Xavier Worthy,KC,WR,IND,10.02,,,,1.05,5.55,0.06,3.25,5.83,47.37,0.19,0.02,,,,,,,,
Quentin Johnston,LAC,WR,LV,9.97,,,,0.18,0.68,0.0,3.32,5.44,43.99,0.36,0.01,,,,,,,,
Courtland Sutton,DEN,WR,JAX,9.81,,,,,,,3.42,6.07,46.66,0.29,0.02,,,,,,,,
Marvin Harrison,ARI,WR,SEA,9.46,,,,,,,3.1,6.61,48.31,0.25,0.01,,,,,,,,
Devaughn Vele,NO,WR,BAL,9.4,,,,0.05,0.21,0.0,3.75,5.58,45.86,0.17,0.01,,,,,,,,
Jakobi Meyers,JAX,WR,DEN,9.28,,,,0.27,1.19,0.01,3.79,6.29,43.05,0.17,0.02,,,,,,,,
Jauan Jennings,MIN,WR,CHI,9.11,,,,,,,2.89,4.45,39.48,0.38,0.01,,,,,,,,
Romeo Doubs,NE,WR,PIT,9.01,,,,,,,3.2,4.97,42.62,0.26,0.01,,,,,,,,
Malik Washington,MIA,WR,SF,8.98,,,,1.07,5.45,0.06,3.63,4.85,32.01,0.21,0.02,,,,,,,,
Rashod Bateman,BAL,WR,NO,8.89,,,,0.06,0.25,0.0,2.83,5.18,40.34,0.33,0.01,,,,,,,,
Carnell Tate,TEN,WR,PHI,8.8,,,,0.09,0.38,0.0,3.23,6.62,42.15,0.22,0.01,,,,,,,,
Mack Hollins,NE,WR,PIT,8.77,,,,,,,3.23,4.95,41.9,0.22,0.01,,,,,,,,
Kayshon Boutte,HOU,WR,CIN,8.66,,,,,,,2.57,4.16,40.25,0.34,0.01,,,,,,,,
Ryan Flournoy,DAL,WR,WAS,8.46,,,,0.19,1.03,0.01,2.77,3.99,39.07,0.27,0.01,,,,,,,,
Tre Tucker,LV,WR,LAC,8.26,,,,0.47,2.25,0.02,2.8,5.37,39.08,0.2,0.01,,,,,,,,
Cooper Kupp,SEA,WR,ARI,8.25,,,,0.07,0.37,0.0,2.97,4.46,39.27,0.22,0.01,,,,,,,,
Brian Thomas,JAX,WR,DEN,8.24,,,,0.21,1.02,0.01,2.86,5.49,41.51,0.18,0.01,,,,,,,,
DeMario Douglas,NE,WR,PIT,8.24,,,,0.35,1.32,0.01,3.18,4.4,39.11,0.16,0.02,,,,,,,,
Rashid Shaheed,SEA,WR,ARI,8.2,,,,0.67,4.36,0.02,2.63,4.27,38.7,0.19,0.01,,,,,,,,
Caleb Douglas,MIA,WR,SF,8.07,,,,0.06,0.23,0.0,2.86,4.58,36.81,0.25,0.01,,,,,,,,
Dontayvion Wicks,PHI,WR,TEN,8.05,,,,0.05,0.22,0.0,2.63,4.2,35.68,0.3,0.01,,,,,,,,
Denzel Boston,CLE,WR,TB,8.03,,,,0.14,0.59,0.01,2.67,4.38,38.24,0.24,0.01,,,,,,,,
Jalen Nailor,LV,WR,LAC,7.97,,,,,,,2.58,4.83,39.78,0.21,0.01,,,,,,,,
Wan'Dale Robinson,TEN,WR,PHI,7.93,,,,0.21,0.99,0.01,3.42,5.97,35.31,0.14,0.01,,,,,,,,
Jerry Jeudy,CLE,WR,TB,7.7,,,,0.07,0.31,0.0,2.68,4.81,39.43,0.17,0.01,,,,,,,,
Keenan Allen,IND,WR,KC,7.27,,,,,,,2.94,4.48,32.94,0.17,0.01,,,,,,,,
Jalen McMillan,TB,WR,CLE,7.15,,,,0.11,0.52,0.0,2.3,3.7,30.63,0.28,0.01,,,,,,,,
Makai Lemon,PHI,WR,TEN,7.04,,,,0.1,0.53,0.0,2.53,3.71,30.9,0.22,0.01,,,,,,,,
Adonai Mitchell,NYJ,WR,GB,6.9,,,,0.05,0.18,0.0,2.23,4.73,33.44,0.22,0.01,,,,,,,,
Demarcus Robinson,SF,WR,MIA,6.79,,,,,,,2.11,3.46,30.05,0.28,0.01,,,,,,,,
Trey McBride,ARI,TE,SEA,14.33,,,,,,,6.59,8.76,61.3,0.27,0.02,,,,,,,,
Brock Bowers,LV,TE,LAC,13.58,,,,0.23,0.88,0.01,5.69,7.49,56.13,0.36,0.02,,,,,,,,
Tucker Kraft,GB,TE,NYJ,13.39,,,,,,,4.36,5.68,56.74,0.56,0.02,,,,,,,,
Colston Loveland,CHI,TE,MIN,12.37,,,,0.05,0.19,0.0,4.54,6.61,55.22,0.38,0.02,,,,,,,,
George Kittle,SF,TE,MIA,12.09,,,,,,,4.4,5.1,49.29,0.46,0.02,,,,,,,,
Tyler Warren,IND,TE,KC,11.29,,,,0.29,1.06,0.01,4.44,6.51,45.76,0.35,0.02,,,,,,,,
Travis Kelce,KC,TE,IND,11.28,,,,,,,4.65,5.97,51.31,0.25,0.02,,,,,,,,
Jake Ferguson,DAL,TE,WAS,11.17,,,,,,,4.52,5.47,43.67,0.38,0.02,,,,,,,,
Harold Fannin,CLE,TE,TB,10.77,,,,0.22,0.7,0.01,4.08,5.66,44.11,0.36,0.01,,,,,,,,
Sam LaPorta,DET,TE,BUF,10.75,,,,0.06,0.29,0.0,4.25,5.66,44.5,0.33,0.02,,,,,,,,
Mark Andrews,BAL,TE,NO,10.73,,,,0.38,1.56,0.01,3.95,5.11,40.15,0.42,0.02,,,,,,,,
Dalton Kincaid,BUF,TE,DET,10.73,,,,,,,4.17,5.29,45.94,0.33,0.02,,,,,,,,
Dallas Goedert,PHI,TE,TEN,10.48,,,,,,,3.81,4.64,40.59,0.43,0.01,,,,,,,,
Hunter Henry,NE,TE,PIT,10.23,,,,,,,3.96,5.23,43.52,0.32,0.02,,,,,,,,
Kyle Pitts,ATL,TE,CAR,10.14,,,,,,,4.1,5.93,46.38,0.23,0.02,,,,,,,,
Chig Okonkwo,WAS,TE,DAL,9.94,,,,,,,4.11,5.13,44.04,0.24,0.01,,,,,,,,
Dalton Schultz,HOU,TE,CIN,9.91,,,,,,,3.86,5.21,41.05,0.32,0.02,,,,,,,,
Juwan Johnson,NO,TE,BAL,9.52,,,,,,,4.15,5.31,44.2,0.16,0.01,,,,,,,,
T.J. Hockenson,MIN,TE,CHI,9.12,,,,,,,3.87,4.76,37.5,0.25,0.01,,,,,,,,
AJ Barner,SEA,TE,ARI,9.07,,,,0.61,2.63,0.03,3.7,4.54,34.23,0.25,0.02,,,,,,,,
Isaiah Likely,NYG,TE,LAR,8.91,,,,,,,3.69,4.76,35.49,0.28,0.01,,,,,,,,
Darren Waller,CAR,TE,ATL,7.66,,,,,,,2.77,4.04,29.37,0.32,0.01,,,,,,,,
Pat Freiermuth,PIT,TE,NE,7.54,,,,,,,3.09,3.78,28.16,0.27,0.01,,,,,,,,
Brenton Strange,JAX,TE,DEN,7.31,,,,,,,3.2,4.5,31.66,0.16,0.01,,,,,,,,
Cade Otton,TB,TE,CLE,7.23,,,,,,,3.1,4.41,29.12,0.2,0.01,,,,,,,,
Gunnar Helm,TEN,TE,PHI,6.53,,,,,,,2.88,4.03,24.08,0.21,0.01,,,,,,,,
Mike Gesicki,CIN,TE,HOU,5.98,,,,,,,2.59,3.62,23.93,0.17,0.01,,,,,,,,
Greg Dulcich,MIA,TE,SF,5.54,,,,,,,2.26,2.96,24.61,0.14,0.01,,,,,,,,
Colby Parkinson,LAR,TE,NYG,5.36,,,,,,,2.14,2.88,20.1,0.2,0.01,,,,,,,,
Kenyon Sadiq,NYJ,TE,GB,5.13,,,,0.05,0.2,0.0,2.24,2.92,19.84,0.15,0.01,,,,,,,,
Mason Taylor,NYJ,TE,GB,4.79,,,,,,,2.23,3.07,18.53,0.12,0.01,,,,,,,,
Darnell Washington,PIT,TE,NE,4.76,,,,,,,1.98,2.62,19.32,0.14,0.01,,,,,,,,
Oronde Gadsden,LAC,TE,LV,4.66,,,,,,,1.75,2.36,22.02,0.12,0.01,,,,,,,,
Noah Gray,KC,TE,IND,4.39,,,,,,,1.87,2.61,19.86,0.09,0.01,,,,,,,,
Dawson Knox,BUF,TE,DET,4.25,,,,,,,1.59,2.2,17.05,0.16,0.01,,,,,,,,
Will Kacmarek,MIA,TE,SF,4.11,,,,,,,1.81,2.21,15.96,0.12,0.01,,,,,,,,
Daniel Bellinger,TEN,TE,PHI,4.07,,,,,,,1.75,2.46,17.38,0.1,0.01,,,,,,,,
Cole Kmet,CHI,TE,MIN,4.04,,,,0.1,0.43,0.0,1.77,2.34,16.72,0.1,0.01,,,,,,,,
Charlie Kolar,LAC,TE,LV,3.99,,,,,,,1.72,2.25,15.71,0.1,0.01,,,,,,,,
David Njoku,LAC,TE,LV,3.91,,,,,,,1.67,2.28,15.08,0.12,0.01,,,,,,,,
Eli Raridon,NE,TE,PIT,3.91,,,,,,,1.65,2.18,15.72,0.12,0.01,,,,,,,,
Elijah Arroyo,SEA,TE,ARI,3.79,,,,,,,1.38,2.3,17.65,0.11,0.01,,,,,,,,
Michael Mayer,LV,TE,LAC,3.61,,,,,,,1.72,2.67,15.7,0.05,0.01,,,,,,,,
Terrance Ferguson,LAR,TE,NYG,3.58,,,,,,,1.31,2.59,15.15,0.12,0.01,,,,,,,,
Theo Johnson,NYG,TE,LAR,3.38,,,,,,,1.3,1.99,14.2,0.11,0.0,,,,,,,,
Evan Engram,DEN,TE,JAX,3.38,,,,,,,1.74,2.44,13.64,0.05,0.01,,,,,,,,
Noah Fant,NO,TE,BAL,3.22,,,,,,,1.43,1.76,13.69,0.07,0.01,,,,,,,,
Marlin Klein,HOU,TE,CIN,2.96,,,,,,,1.21,1.53,11.32,0.1,0.0,,,,,,,,
Tommy Tremble,CAR,TE,ATL,2.87,,,,,,,1.19,1.67,10.3,0.11,0.01,,,,,,,,
Elijah Higgins,ARI,TE,SEA,2.78,,,,,,,1.33,1.75,11.47,0.05,0.0,,,,,,,,
Erick All,CIN,TE,HOU,2.71,,,,,,,1.2,1.64,10.23,0.08,0.0,,,,,,,,
Josh Oliver,MIN,TE,CHI,2.67,,,,,,,1.06,1.35,11.03,0.08,0.0,,,,,,,,
Austin Hooper,ATL,TE,CAR,2.44,,,,,,,1.05,1.39,10.15,0.06,0.0,,,,,,,,
Jake Tonges,SF,TE,MIA,2.36,,,,,,,0.9,1.23,9.18,0.09,0.01,,,,,,,,
John Bates,WAS,TE,DAL,2.32,,,,,,,0.92,1.17,9.86,0.07,0.0,,,,,,,,
Brock Wright,DET,TE,BUF,2.31,,,,,,,1.04,1.45,8.94,0.06,0.0,,,,,,,,
Oscar Delp,NO,TE,BAL,2.25,,,,,,,1.03,1.41,9.73,0.04,0.0,,,,,,,,
Drew Sample,CIN,TE,HOU,1.91,,,,,,,0.88,1.17,7.01,0.06,0.0,,,,,,,,
Adam Trautman,DEN,TE,JAX,1.88,,,,,,,0.76,1.08,7.3,0.06,0.0,,,,,,,,
Jonnu Smith,GB,TE,NYJ,1.86,,,,,,,0.78,1.01,7.05,0.06,0.0,,,,,,,,
Cade Stover,HOU,TE,CIN,1.82,,,,0.12,0.54,0.0,0.72,0.96,6.77,0.06,0.0,,,,,,,,
Matt Hibner,BAL,TE,NO,1.78,,,,,,,0.73,1.02,7.29,0.06,0.0,,,,,,,,
Luke Schoonmaker,DAL,TE,WAS,1.78,,,,,,,0.69,0.94,7.64,0.05,0.0,,,,,,,,
Jackson Hawes,BUF,TE,DET,1.74,,,,,,,0.72,0.92,6.8,0.06,0.0,,,,,,,,
Sam Roush,CHI,TE,MIN,1.71,,,,,,,0.76,1.12,6.97,0.04,0.0,,,,,,,,
Tyler Higbee,LAR,TE,NYG,1.7,,,,,,,0.69,0.99,7.14,0.05,0.0,,,,,,,,
Brevyn Spann-Ford,DAL,TE,WAS,1.45,,,,,,,0.56,0.76,6.13,0.05,0.0,,,,,,,,
Ben Sinnott,WAS,TE,DAL,1.29,,,,,,,0.53,0.63,5.16,0.04,0.0,,,,,,,,
Nate Boerkircher,JAX,TE,DEN,1.26,,,,,,,0.57,0.89,4.97,0.03,0.0,,,,,,,,
Mo Alie-Cox,IND,TE,KC,1.11,,,,,,,0.46,0.68,4.57,0.03,0.0,,,,,,,,
Johnny Mundt,PHI,TE,TEN,1.09,,,,,,,0.42,0.58,4.48,0.04,,,,,,,,,
Max Klare,LAR,TE,NYG,1.07,,,,,,,0.46,0.67,4.54,0.03,0.0,,,,,,,,
Tanner Koziol,JAX,TE,DEN,1.07,,,,,,,0.47,0.74,4.17,0.03,0.0,,,,,,,,
Mitchell Evans,CAR,TE,ATL,0.98,,,,,,,0.4,0.55,3.94,0.03,0.0,,,,,,,,
Jeremy Ruckert,NYJ,TE,GB,0.94,,,,,,,0.44,0.55,3.29,0.03,0.0,,,,,,,,
Josh Cuevas,BAL,TE,NO,0.88,,,,,,,0.35,0.49,3.44,0.03,0.0,,,,,,,,
Seydou Traore,MIA,TE,SF,0.85,,,,,,,0.36,0.47,3.51,0.02,0.0,,,,,,,,
Durham Smythe,BAL,TE,NO,0.85,,,,,,,0.36,0.48,3.45,0.03,0.0,,,,,,,,
Foster Griffin,TEN,TE,PHI,0.81,,,,,,,0.29,0.4,3.17,0.03,0.0,,,,,,,,
Cameron Dicker,LAC,K,LV,7.6,,,,,,,,,,,,2.15,58.44,2.82,,,,,
Ka'imi Fairbairn,HOU,K,CIN,7.4,,,,,,,,,,,,2.21,57.64,2.61,,,,,
Brandon Aubrey,DAL,K,WAS,7.29,,,,,,,,,,,,2.23,54.23,2.84,,,,,
Trey Smack,GB,K,NYJ,7.22,,,,,,,,,,,,1.67,56.56,2.58,,,,,
Matt Gay,LV,K,LAC,7.21,,,,,,,,,,,,1.65,61.08,2.2,,,,,
Nick Folk,ATL,K,CAR,7.07,,,,,,,,,,,,1.92,53.26,2.67,,,,,
Harrison Mevis,LAR,K,NYG,7.0,,,,,,,,,,,,1.9,49.89,2.91,,,,,
Jason Myers,SEA,K,ARI,6.99,,,,,,,,,,,,2.0,52.29,2.71,,,,,
Eddy Pineiro,SF,K,MIA,6.97,,,,,,,,,,,,1.97,51.53,2.78,,,,,
Tyler Loop,BAL,K,NO,6.86,,,,,,,,,,,,1.86,51.23,2.69,,,,,
Drew Stevens,WAS,K,DAL,6.8,,,,,,,,,,,,1.63,53.07,2.45,,,,,
Spencer Shrader,IND,K,KC,6.66,,,,,,,,,,,,1.65,52.79,2.28,,,,,
Chase McLaughlin,TB,K,CLE,6.48,,,,,,,,,,,,1.94,47.97,2.58,,,,,
Tyler Bass,BUF,K,DET,6.43,,,,,,,,,,,,1.77,45.6,2.71,,,,,
Harrison Butker,KC,K,IND,6.41,,,,,,,,,,,,1.83,47.85,2.52,,,,,
Andy Borregales,NE,K,PIT,6.33,,,,,,,,,,,,1.7,45.72,2.49,,,,,
Evan McPherson,CIN,K,HOU,6.27,,,,,,,,,,,,1.7,46.82,2.46,,,,,
Wil Lutz,DEN,K,JAX,6.26,,,,,,,,,,,,1.78,46.74,2.46,,,,,
Ryan Fitzgerald,CAR,K,ATL,6.26,,,,,,,,,,,,1.73,47.57,2.31,,,,,
Cairo Santos,CHI,K,MIN,6.24,,,,,,,,,,,,1.78,46.59,2.45,,,,,
Jake Bates,DET,K,BUF,6.2,,,,,,,,,,,,1.68,44.12,2.61,,,,,
Will Reichard,MIN,K,CHI,6.17,,,,,,,,,,,,1.84,46.73,2.31,,,,,
Jake Elliott,PHI,K,TEN,6.09,,,,,,,,,,,,1.65,44.22,2.48,,,,,
Cam Little,JAX,K,DEN,6.01,,,,,,,,,,,,1.84,43.32,2.5,,,,,
Daniel Carlson,NO,K,BAL,5.92,,,,,,,,,,,,1.67,44.79,2.25,,,,,
Dominic Zvada,NYG,K,LAR,5.86,,,,,,,,,,,,1.46,46.53,1.98,,,,,
Chad Ryland,ARI,K,SEA,5.79,,,,,,,,,,,,1.66,45.41,2.08,,,,,
Blake Grupe,NYJ,K,GB,5.72,,,,,,,,,,,,1.63,42.21,2.28,,,,,
Jason Sanders,NYJ,K,GB,5.58,,,,,,,,,,,,1.52,43.02,1.98,,,,,
Chris Boswell,PIT,K,NE,5.56,,,,,,,,,,,,1.79,42.09,2.08,,,,,
Riley Patterson,MIA,K,SF,5.19,,,,,,,,,,,,1.4,43.22,1.63,,,,,
Joey Slye,TEN,K,PHI,5.02,,,,,,,,,,,,1.45,38.87,1.79,,,,,
Andre Szmyt,CLE,K,TB,4.79,,,,,,,,,,,,1.39,36.5,1.78,,,,,
Tampa Bay Buccaneers,TB,DEF,CLE,9.74,,,,,,,,,,,,,,,16.25,3.45,0.92,0.67,0.17
Philadelphia Eagles,PHI,DEF,TEN,9.6,,,,,,,,,,,,,,,16.25,2.87,0.93,0.62,0.25
San Francisco 49ers,SF,DEF,MIA,9.51,,,,,,,,,,,,,,,16.0,3.21,0.96,0.72,0.16
Baltimore Ravens,BAL,DEF,NO,9.21,,,,,,,,,,,,,,,19.25,2.91,0.9,0.65,0.19
Green Bay Packers,GB,DEF,NYJ,8.95,,,,,,,,,,,,,,,20.5,2.85,0.82,0.61,0.2
Seattle Seahawks,SEA,DEF,ARI,8.94,,,,,,,,,,,,,,,18.75,2.49,0.85,0.58,0.21
Kansas City Chiefs,KC,DEF,IND,8.83,,,,,,,,,,,,,,,20.5,2.85,0.8,0.6,0.2
Los Angeles Rams,LAR,DEF,NYG,8.78,,,,,,,,,,,,,,,20.75,2.66,0.77,0.56,0.2
New England Patriots,NE,DEF,PIT,8.57,,,,,,,,,,,,,,,18.25,2.69,0.79,0.61,0.12
Los Angeles Chargers,LAC,DEF,LV,8.55,,,,,,,,,,,,,,,18.25,3.17,0.91,0.68,0.15
Chicago Bears,CHI,DEF,MIN,7.23,,,,,,,,,,,,,,,22.0,2.72,0.8,0.6,0.13
Houston Texans,HOU,DEF,CIN,6.99,,,,,,,,,,,,,,,21.75,2.22,0.74,0.51,0.19
Dallas Cowboys,DAL,DEF,WAS,6.96,,,,,,,,,,,,,,,23.5,2.71,0.77,0.58,0.06
Buffalo Bills,BUF,DEF,DET,6.91,,,,,,,,,,,,,,,24.5,2.56,0.77,0.58,0.13
Denver Broncos,DEN,DEF,JAX,6.84,,,,,,,,,,,,,,,21.0,2.43,0.71,0.46,0.2
Atlanta Falcons,ATL,DEF,CAR,6.74,,,,,,,,,,,,,,,22.75,2.58,0.69,0.57,0.13
Carolina Panthers,CAR,DEF,ATL,6.66,,,,,,,,,,,,,,,21.25,2.52,0.71,0.58,0.06
Minnesota Vikings,MIN,DEF,CHI,6.48,,,,,,,,,,,,,,,27.5,2.3,0.68,0.52,0.1
Jacksonville Jaguars,JAX,DEF,DEN,6.26,,,,,,,,,,,,,,,23.5,2.21,0.67,0.51,0.15
Cincinnati Bengals,CIN,DEF,HOU,6.04,,,,,,,,,,,,,,,24.75,2.48,0.7,0.51,0.1
Pittsburgh Steelers,PIT,DEF,NE,5.76,,,,,,,,,,,,,,,23.75,2.16,0.67,0.46,0.1
Detroit Lions,DET,DEF,BUF,5.24,,,,,,,,,,,,,,,29.0,2.16,0.67,0.57,0.1
Indianapolis Colts,IND,DEF,KC,5.2,,,,,,,,,,,,,,,27.0,1.94,0.58,0.44,0.1
Washington Commanders,WAS,DEF,DAL,5.1,,,,,,,,,,,,,,,27.0,2.21,0.57,0.4,0.06
Cleveland Browns,CLE,DEF,TB,5.05,,,,,,,,,,,,,,,24.75,1.84,0.51,0.41,0.1
New Orleans Saints,NO,DEF,BAL,4.93,,,,,,,,,,,,,,,27.75,2.07,0.53,0.42,
New York Jets,NYJ,DEF,GB,4.91,,,,,,,,,,,,,,,24.0,2.11,0.44,0.44,0.06
Tennessee Titans,TEN,DEF,PHI,4.84,,,,,,,,,,,,,,,23.25,1.93,0.53,0.41,0.06
Arizona Cardinals,ARI,DEF,SEA,4.43,,,,,,,,,,,,,,,22.75,1.86,0.44,0.38,0.05
Las Vegas Raiders,LV,DEF,LAC,4.33,,,,,,,,,,,,,,,25.25,1.79,0.43,0.38,0.05
New York Giants,NYG,DEF,LAR,3.98,,,,,,,,,,,,,,,27.75,1.55,0.44,0.33,0.07
Miami Dolphins,MIA,DEF,SF,2.99,,,,,,,,,,,,,,,29.5,1.76,0.36,0.31,0.05
