player,tm,pos,pts,pulled_at
Jordan Love,GB,QB,36.06,2026-10-08T20:40:10+00:00
Chase Brown,CIN,RB,16.52,2026-10-08T20:40:10+00:00
Puka Nacua,LAR,WR,22.49,2026-10-08T20:40:10+00:00
Tyler Warren,IND,TE,10.96,2026-10-08T20:40:10+00:00
Dontayvion Wicks,PHI,WR,8.40,2026-10-08T20:40:10+00:00
George Pickens,DAL,WR,14.73,2026-10-08T20:40:10+00:00
Deshaun Watson,CLE,QB,32.62,2026-10-08T20:40:10+00:00
Josh Jacobs,GB,RB,0.00,2026-10-08T20:40:10+00:00
Courtland Sutton,DEN,WR,9.65,2026-10-08T20:40:10+00:00
Breece Hall,NYJ,RB,0.78,2026-10-08T20:40:10+00:00
Chase McLaughlin,TB,K,9.79,2026-10-08T20:40:10+00:00
Raiders,LV,DEF,20.77,2026-10-08T20:40:10+00:00
Packers,GB,DEF,23.02,2026-10-08T20:40:10+00:00
Nakobe Dean,LV,LB,22.47,2026-10-08T20:40:10+00:00
Quentin Lake,LAR,"DB,S",16.97,2026-10-08T20:40:10+00:00
Andrew Van Ginkel,MIN,"LB,DE",15.50,2026-10-08T20:40:10+00:00
Ernest Jones IV,SEA,LB,19.59,2026-10-08T20:40:10+00:00
Keisean Nixon,GB,CB,14.34,2026-10-08T20:40:10+00:00
Kevin Byard III,NE,S,18.65,2026-10-08T20:40:10+00:00
Donovan Ezeiruaku,DAL,"LB,DE",14.80,2026-10-08T20:40:10+00:00
Quincy Williams,CLE,LB,17.90,2026-10-08T20:40:10+00:00
Josh Allen,BUF,QB,39.10,2026-10-08T20:40:10+00:00
Jonathan Taylor,IND,RB,16.10,2026-10-08T20:40:10+00:00
Jaylen Waddle,DEN,WR,13.50,2026-10-08T20:40:10+00:00
Dalton Schultz,HOU,TE,7.99,2026-10-08T20:40:10+00:00
Aaron Jones Sr.,MIN,RB,13.57,2026-10-08T20:40:10+00:00
DK Metcalf,PIT,WR,14.42,2026-10-08T20:40:10+00:00
Bo Nix,DEN,QB,35.70,2026-10-08T20:40:10+00:00
David Montgomery,HOU,RB,11.50,2026-10-08T20:40:10+00:00
Omarion Hampton,LAC,RB,9.72,2026-10-08T20:40:10+00:00
Kyle Monangai,CHI,RB,9.34,2026-10-08T20:40:10+00:00
AJ Barner,SEA,TE,7.60,2026-10-08T20:40:10+00:00
Evan McPherson,CIN,K,10.98,2026-10-08T20:40:10+00:00
Jason Myers,SEA,K,11.12,2026-10-08T20:40:10+00:00
Browns,CLE,DEF,29.03,2026-10-08T20:40:10+00:00
Bears,CHI,DEF,24.45,2026-10-08T20:40:10+00:00
Alex Singleton,DEN,LB,19.32,2026-10-08T20:40:10+00:00
Dillon Thieneman,CHI,S,20.55,2026-10-08T20:40:10+00:00
Danielle Hunter,HOU,"LB,DE",12.55,2026-10-08T20:40:10+00:00
Jamien Sherwood,NYJ,LB,19.45,2026-10-08T20:40:10+00:00
Dax Hill,CIN,"S,CB",14.98,2026-10-08T20:40:10+00:00
Caleb Downs,DAL,S,22.21,2026-10-08T20:40:10+00:00
Jaishawn Barham,DAL,"LB,DE",15.73,2026-10-08T20:40:10+00:00
Brock Purdy,SF,QB,35.32,2026-10-08T20:40:10+00:00
James Cook III,BUF,RB,13.46,2026-10-08T20:40:10+00:00
Malik Nabers,NYG,WR,12.20,2026-10-08T20:40:10+00:00
Tucker Kraft,GB,TE,11.10,2026-10-08T20:40:10+00:00
Jacory Croskey-Merritt,WAS,RB,8.55,2026-10-08T20:40:10+00:00
Emeka Egbuka,TB,WR,10.08,2026-10-08T20:40:10+00:00
DeVonta Smith,PHI,WR,6.57,2026-10-08T20:40:10+00:00
Ladd McConkey,LAC,WR,9.15,2026-10-08T20:40:10+00:00
Saquon Barkley,PHI,RB,4.75,2026-10-08T20:40:10+00:00
Brian Thomas Jr.,JAX,WR,7.23,2026-10-08T20:40:10+00:00
Blake Corum,LAR,RB,7.33,2026-10-08T20:40:10+00:00
Mark Andrews,BAL,TE,8.28,2026-10-08T20:40:10+00:00
Baker Mayfield,TB,QB,0.00,2026-10-08T20:40:10+00:00
Matt Gay,LV,K,10.03,2026-10-08T20:40:10+00:00
Patriots,NE,DEF,24.88,2026-10-08T20:40:10+00:00
Jaquan Brisker,PIT,"DB,S",17.12,2026-10-08T20:40:10+00:00
Cole Bishop,BUF,S,17.53,2026-10-08T20:40:10+00:00
Dallas Turner,MIN,"LB,DE",12.99,2026-10-08T20:40:10+00:00
Nate Wiggins,BAL,CB,14.41,2026-10-08T20:40:10+00:00
Talanoa Hufanga,DEN,S,17.84,2026-10-08T20:40:10+00:00
Keondre Jackson,BAL,S,1.72,2026-10-08T20:40:10+00:00
Xavier McKinney,GB,S,16.41,2026-10-08T20:40:10+00:00
Azeez Al-Shaair,HOU,LB,22.11,2026-10-08T20:40:10+00:00
Daniel Jones,IND,QB,33.52,2026-10-08T20:40:10+00:00
Bijan Robinson,ATL,RB,22.00,2026-10-08T20:40:10+00:00
Garrett Wilson,NYJ,WR,15.30,2026-10-08T20:40:10+00:00
Harold Fannin Jr.,CLE,TE,10.08,2026-10-08T20:40:10+00:00
De'Von Achane,MIA,RB,0.00,2026-10-08T20:40:10+00:00
Ashton Jeanty,LV,RB,14.78,2026-10-08T20:40:10+00:00
Javonte Williams,DAL,RB,15.61,2026-10-08T20:40:10+00:00
Caleb Williams,CHI,QB,0.00,2026-10-08T20:40:10+00:00
Quinshon Judkins,CLE,RB,12.04,2026-10-08T20:40:10+00:00
Mike Evans,SF,WR,12.26,2026-10-08T20:40:10+00:00
Tony Pollard,TEN,RB,9.52,2026-10-08T20:40:10+00:00
Rico Dowdle,PIT,RB,8.76,2026-10-08T20:40:10+00:00
Jordan Addison,MIN,WR,8.90,2026-10-08T20:40:10+00:00
Isaiah Likely,NYG,TE,10.31,2026-10-08T20:40:10+00:00
Cam Little,JAX,K,11.41,2026-10-08T20:40:10+00:00
Steelers,PIT,DEF,24.62,2026-10-08T20:40:10+00:00
Malik Mustapha,SF,"DB,S",16.25,2026-10-08T20:40:10+00:00
Will Anderson Jr.,HOU,DE,12.10,2026-10-08T20:40:10+00:00
Divine Deablo,ATL,LB,16.01,2026-10-08T20:40:10+00:00
Kamari Lassiter,HOU,"DB,CB",15.30,2026-10-08T20:40:10+00:00
Julian Love,SEA,S,17.12,2026-10-08T20:40:10+00:00
Jonas Sanker,NO,S,12.51,2026-10-08T20:40:10+00:00
Trevor Lawrence,JAX,QB,34.38,2026-10-08T20:40:10+00:00
Christian McCaffrey,SF,RB,17.32,2026-10-08T20:40:10+00:00
Josh Downs,IND,WR,11.16,2026-10-08T20:40:10+00:00
Sam LaPorta,DET,TE,12.88,2026-10-08T20:40:10+00:00
Justin Jefferson,MIN,WR,16.64,2026-10-08T20:40:10+00:00
Jeremiyah Love,ARI,RB,13.28,2026-10-08T20:40:10+00:00
Kyler Murray,MIN,QB,35.20,2026-10-08T20:40:10+00:00
Rhamondre Stevenson,NE,RB,11.26,2026-10-08T20:40:10+00:00
Deebo Samuel Sr.,SF,WR,10.58,2026-10-08T20:40:10+00:00
Jake Ferguson,DAL,TE,8.38,2026-10-08T20:40:10+00:00
Devaughn Vele,NO,WR,9.37,2026-10-08T20:40:10+00:00
A.J. Brown,NE,WR,0.00,2026-10-08T20:40:10+00:00
Eddy Pineiro,SF,K,9.84,2026-10-08T20:40:10+00:00
Ravens,BAL,DEF,20.80,2026-10-08T20:40:10+00:00
Fred Warner,SF,LB,18.93,2026-10-08T20:40:10+00:00
Jordan Battle,CIN,S,16.67,2026-10-08T20:40:10+00:00
Jeffery Simmons,TEN,"DT,DE",11.97,2026-10-08T20:40:10+00:00
Blake Cashman,MIN,LB,18.07,2026-10-08T20:40:10+00:00
D.J. Reed,DET,CB,15.76,2026-10-08T20:40:10+00:00
Amani Hooker,TEN,"DB,S",12.47,2026-10-08T20:40:10+00:00
Byron Murphy Jr.,MIN,CB,13.26,2026-10-08T20:40:10+00:00
Antoine Winfield Jr.,TB,S,0.00,2026-10-08T20:40:10+00:00
Edgerrin Cooper,GB,LB,0.00,2026-10-08T20:40:10+00:00
Dak Prescott,DAL,QB,40.79,2026-10-08T20:40:10+00:00
Jaylen Warren,PIT,RB,13.84,2026-10-08T20:40:10+00:00
Ja'Marr Chase,CIN,WR,19.39,2026-10-08T20:40:10+00:00
Trey McBride,ARI,TE,18.71,2026-10-08T20:40:10+00:00
Drake London,ATL,WR,17.11,2026-10-08T20:40:10+00:00
Jameson Williams,DET,WR,12.07,2026-10-08T20:40:10+00:00
Jared Goff,DET,QB,41.17,2026-10-08T20:40:10+00:00
Rome Odunze,CHI,WR,9.45,2026-10-08T20:40:10+00:00
Matthew Stafford,LAR,QB,38.89,2026-10-08T20:40:10+00:00
Malik Washington,MIA,WR,11.69,2026-10-08T20:40:10+00:00
Denzel Boston,CLE,WR,10.35,2026-10-08T20:40:10+00:00
Cairo Santos,CHI,K,10.21,2026-10-08T20:40:10+00:00
Texans,HOU,DEF,28.67,2026-10-08T20:40:10+00:00
Foyesade Oluokun,JAX,LB,22.69,2026-10-08T20:40:10+00:00
Budda Baker,ARI,S,19.87,2026-10-08T20:40:10+00:00
T.J. Watt,PIT,"LB,DE",12.94,2026-10-08T20:40:10+00:00
Carson Schwesinger,CLE,LB,21.23,2026-10-08T20:40:10+00:00
Cooper DeJean,PHI,"DB,CB",17.14,2026-10-08T20:40:10+00:00
Kam Curl,LAR,S,15.67,2026-10-08T20:40:10+00:00
Nick Cross,WAS,S,19.27,2026-10-08T20:40:10+00:00
Alontae Taylor,TEN,CB,13.69,2026-10-08T20:40:10+00:00
Brian Burns,NYG,"LB,DE",0.00,2026-10-08T20:40:10+00:00
Myles Garrett,LAR,"LB,DE",0.00,2026-10-08T20:40:10+00:00
Joe Burrow,CIN,QB,41.39,2026-10-08T20:40:10+00:00
Derrick Henry,BAL,RB,15.01,2026-10-08T20:40:10+00:00
Parker Washington,JAX,WR,14.69,2026-10-08T20:40:10+00:00
Mike Gesicki,CIN,TE,7.31,2026-10-08T20:40:10+00:00
Michael Wilson,ARI,WR,16.31,2026-10-08T20:40:10+00:00
Christian Watson,GB,WR,15.46,2026-10-08T20:40:10+00:00
Aaron Rodgers,PIT,QB,35.52,2026-10-08T20:40:10+00:00
Tyler Shough,NO,QB,36.65,2026-10-08T20:40:10+00:00
Dalton Kincaid,BUF,TE,10.01,2026-10-08T20:40:10+00:00
D'Andre Swift,CHI,RB,11.99,2026-10-08T20:40:10+00:00
Bucky Irving,TB,RB,12.93,2026-10-08T20:40:10+00:00
Tyreek Hill,MIA,WR,0.00,2026-10-08T20:40:10+00:00
Jordyn Tyson,NO,WR,0.00,2026-10-08T20:40:10+00:00
Zach Charbonnet,SEA,RB,0.00,2026-10-08T20:40:10+00:00
Brandon Aubrey,DAL,K,12.10,2026-10-08T20:40:10+00:00
Bengals,CIN,DEF,30.58,2026-10-08T20:40:10+00:00
Broncos,DEN,DEF,27.07,2026-10-08T20:40:10+00:00
Roquan Smith,BAL,LB,21.57,2026-10-08T20:40:10+00:00
Kyle Hamilton,BAL,S,19.39,2026-10-08T20:40:10+00:00
Maxx Crosby,LV,DE,13.68,2026-10-08T20:40:10+00:00
Jack Campbell,DET,LB,26.44,2026-10-08T20:40:10+00:00
Marlon Humphrey,BAL,CB,11.31,2026-10-08T20:40:10+00:00
Nick Emmanwori,SEA,"S,CB",17.98,2026-10-08T20:40:10+00:00
Jordyn Brooks,MIA,LB,19.22,2026-10-08T20:40:10+00:00
Tykee Smith,TB,"DB,S",16.97,2026-10-08T20:40:10+00:00
Derwin James Jr.,LAC,S,16.50,2026-10-08T20:40:10+00:00
Jacoby Brissett,ARI,QB,40.37,2026-10-08T20:40:10+00:00
Kyren Williams,LAR,RB,15.82,2026-10-08T20:40:10+00:00
Jaxon Smith-Njigba,SEA,WR,26.83,2026-10-08T20:40:10+00:00
Juwan Johnson,NO,TE,9.46,2026-10-08T20:40:10+00:00
Chris Olave,NO,WR,16.14,2026-10-08T20:40:10+00:00
George Kittle,SF,TE,11.88,2026-10-08T20:40:10+00:00
Kirk Cousins,LV,QB,33.25,2026-10-08T20:40:10+00:00
Sam Darnold,SEA,QB,35.07,2026-10-08T20:40:10+00:00
DJ Moore,BUF,WR,9.35,2026-10-08T20:40:10+00:00
Spencer Shrader,IND,K,10.97,2026-10-08T20:40:10+00:00
Ka'imi Fairbairn,HOU,K,11.48,2026-10-08T20:40:10+00:00
Vikings,MIN,DEF,25.56,2026-10-08T20:40:10+00:00
Terrel Bernard,BUF,LB,21.26,2026-10-08T20:40:10+00:00
Joshua Metellus,MIN,"S,CB",15.11,2026-10-08T20:40:10+00:00
Greg Rousseau,BUF,"LB,DE",14.09,2026-10-08T20:40:10+00:00
Demetrius Knight Jr.,CIN,LB,22.13,2026-10-08T20:40:10+00:00
Devon Witherspoon,SEA,CB,14.30,2026-10-08T20:40:10+00:00
Reed Blankenship,HOU,S,14.27,2026-10-08T20:40:10+00:00
Kevin Winston Jr.,TEN,S,12.89,2026-10-08T20:40:10+00:00
Jihaad Campbell,PHI,LB,15.07,2026-10-08T20:40:10+00:00
Lamar Jackson,BAL,QB,13.60,2026-10-08T20:40:10+00:00
Cam Skattebo,NYG,RB,12.32,2026-10-08T20:40:10+00:00
Amon-Ra St. Brown,DET,WR,22.03,2026-10-08T20:40:10+00:00
Colston Loveland,CHI,TE,9.82,2026-10-08T20:40:10+00:00
CeeDee Lamb,DAL,WR,21.26,2026-10-08T20:40:10+00:00
Davante Adams,LAR,WR,15.32,2026-10-08T20:40:10+00:00
Jalen Hurts,PHI,QB,31.85,2026-10-08T20:40:10+00:00
Matthew Golden,GB,WR,14.25,2026-10-08T20:40:10+00:00
Terry McLaurin,WAS,WR,10.41,2026-10-08T20:40:10+00:00
MarShawn Lloyd,GB,RB,8.09,2026-10-08T20:40:10+00:00
Travis Etienne Jr.,NO,RB,0.00,2026-10-08T20:40:10+00:00
Tyler Loop,BAL,K,9.75,2026-10-08T20:40:10+00:00
Seahawks,SEA,DEF,18.80,2026-10-08T20:40:10+00:00
Zack Baun,PHI,LB,18.63,2026-10-08T20:40:10+00:00
Jeremy Chinn,LV,S,16.71,2026-10-08T20:40:10+00:00
Aidan Hutchinson,DET,"DL,DE",14.94,2026-10-08T20:40:10+00:00
Sonny Styles,WAS,LB,20.08,2026-10-08T20:40:10+00:00
Kool-Aid McKinstry,NO,"DB,CB",15.33,2026-10-08T20:40:10+00:00
Xavier Watts,ATL,S,18.21,2026-10-08T20:40:10+00:00
Austin Booker,CHI,"DL,DE",13.34,2026-10-08T20:40:10+00:00
Evan Williams,GB,"DB,S",15.21,2026-10-08T20:40:10+00:00
Justin Herbert,LAC,QB,31.88,2026-10-08T20:40:10+00:00
Jahmyr Gibbs,DET,RB,24.60,2026-10-08T20:40:10+00:00
Nico Collins,HOU,WR,18.09,2026-10-08T20:40:10+00:00
Brock Bowers,LV,TE,13.96,2026-10-08T20:40:10+00:00
Tee Higgins,CIN,WR,14.68,2026-10-08T20:40:10+00:00
Zay Flowers,BAL,WR,16.04,2026-10-08T20:40:10+00:00
Luther Burden III,CHI,WR,12.03,2026-10-08T20:40:10+00:00
Bhayshul Tuten,JAX,RB,12.03,2026-10-08T20:40:10+00:00
Jadarian Price,SEA,RB,0.00,2026-10-08T20:40:10+00:00
Chris Godwin Jr.,TB,WR,8.98,2026-10-08T20:40:10+00:00
J.K. Dobbins,DEN,RB,7.97,2026-10-08T20:40:10+00:00
Stefon Diggs,WAS,WR,10.04,2026-10-08T20:40:10+00:00
Dallas Goedert,PHI,TE,3.65,2026-10-08T20:40:10+00:00
C.J. Stroud,HOU,QB,35.47,2026-10-08T20:40:10+00:00
Will Reichard,MIN,K,11.25,2026-10-08T20:40:10+00:00
Jaguars,JAX,DEF,26.88,2026-10-08T20:40:10+00:00
Juanyeh Thomas,DAL,S,0.00,2026-10-08T20:40:10+00:00
Josh Blackwell,CHI,"DB,CB",0.00,2026-10-08T20:40:10+00:00
Nick Bosa,SF,"DL,DE",0.00,2026-10-08T20:40:10+00:00
Jalen Reeves-Maybin,CHI,LB,0.00,2026-10-08T20:40:10+00:00
Andrew Mukuba,PHI,S,10.46,2026-10-08T20:40:10+00:00
Kitan Crawford,ARI,S,0.00,2026-10-08T20:40:10+00:00
Ifeatu Melifonwu,TB,S,0.00,2026-10-08T20:40:10+00:00
