ticker,yes_bid,yes_ask,last_price,volume
KXNFLPASSYDS-26SEP24ATLGB-ATLMPENIX9-325,0.0500,0.0600,0.0800,98.44
KXNFLPASSYDS-26SEP24ATLGB-ATLMPENIX9-300,0.0800,0.0900,0.0900,3872.14
KXNFLPASSYDS-26SEP24ATLGB-ATLMPENIX9-125,0.8500,0.8900,0.0000,0.00
KXNFLPASSYDS-26SEP24ATLGB-GBJLOVE10-200,0.6700,0.6800,0.6800,35669.45
KXNFLPASSYDS-26SEP24ATLGB-GBJLOVE10-250,0.3700,0.3800,0.3700,26685.71
KXNFLPASSYDS-26SEP24ATLGB-GBJLOVE10-300,0.1300,0.1400,0.1500,6302.26
KXNFLPASSYDS-26SEP24ATLGB-ATLMPENIX9-250,0.2100,0.2300,0.2300,2739.89
KXNFLPASSYDS-26SEP24ATLGB-ATLMPENIX9-275,0.1200,0.1500,0.1500,2657.30
KXNFLPASSYDS-26SEP24ATLGB-ATLMPENIX9-175,0.6400,0.6700,0.6400,104.53
KXNFLPASSYDS-26SEP24ATLGB-GBJLOVE10-350,0.0500,0.0600,0.0500,862.58
KXNFLPASSYDS-26SEP24ATLGB-GBJLOVE10-325,0.0700,0.0800,0.0800,5395.78
KXNFLPASSYDS-26SEP24ATLGB-ATLMPENIX9-225,0.3400,0.3700,0.3600,2277.12
KXNFLPASSYDS-26SEP24ATLGB-GBJLOVE10-275,0.2300,0.2400,0.2300,5402.65
KXNFLPASSYDS-26SEP24ATLGB-ATLMPENIX9-200,0.5200,0.5300,0.5400,4060.36
KXNFLPASSYDS-26SEP24ATLGB-ATLMPENIX9-150,0.7800,0.8300,0.8300,11.81
KXNFLPASSYDS-26SEP24ATLGB-GBJLOVE10-150,0.8800,0.8900,0.8900,23253.57
KXNFLPASSYDS-26SEP24ATLGB-GBJLOVE10-225,0.5200,0.5300,0.5300,42092.86
KXNFLPASSYDS-26SEP24ATLGB-GBJLOVE10-175,0.7900,0.8100,0.8000,11176.47
