event_id,away,home,player,team,prop_type,line,over_odds,under_odds
401872932,DET,BUF,Jared Goff,DET,Total Passing Yards (incl. overtime),265.5,NONE,NONE
401872932,DET,BUF,Jared Goff,DET,Total Pass Completions (incl. overtime),23.5,NONE,NONE
401872932,DET,BUF,Jared Goff,DET,Total Passing Touchdowns (incl. overtime),1.5,NONE,NONE
401872932,DET,BUF,Jared Goff,DET,Total Passing Interceptions (incl. overtime),0.5,NONE,NONE
401872932,DET,BUF,Jared Goff,DET,Total Passing Attempts (incl. overtime),35.5,NONE,NONE
401872932,DET,BUF,Jared Goff,DET,Longest Passing Completion (incl. overtime),34.5,NONE,NONE
401872932,DET,BUF,Jared Goff,DET,Anytime Touchdown Scorer,NONE,NONE,NONE
401872932,DET,BUF,Josh Allen,BUF,Total Pass Completions (incl. overtime),20.5,NONE,NONE
401872932,DET,BUF,Josh Allen,BUF,Total Passing Touchdowns (incl. overtime),1.5,NONE,NONE
401872932,DET,BUF,Josh Allen,BUF,Total Carries (incl. overtime),7.5,NONE,NONE
401872932,DET,BUF,Josh Allen,BUF,Total Rushing Yards (incl. overtime),30.5,NONE,NONE
401872932,DET,BUF,Josh Allen,BUF,Total Passing Interceptions (incl. overtime),0.5,NONE,NONE
401872932,DET,BUF,Josh Allen,BUF,Total Passing Attempts (incl. overtime),30.5,NONE,NONE
401872932,DET,BUF,Josh Allen,BUF,Longest Passing Completion (incl. overtime),39.5,NONE,NONE
401872932,DET,BUF,Josh Allen,BUF,Total Passing Plus Rushing Yards (incl. overtime),284.5,NONE,NONE
401872932,DET,BUF,Josh Allen,BUF,Longest Rush (incl. overtime),12.5,NONE,NONE
401872932,DET,BUF,Josh Allen,BUF,Anytime Touchdown Scorer,NONE,NONE,NONE
401872932,DET,BUF,James Cook III,BUF,Total Carries (incl. overtime),18.5,NONE,NONE
401872932,DET,BUF,James Cook III,BUF,Total Rushing Yards (incl. overtime),79.5,NONE,NONE
401872932,DET,BUF,James Cook III,BUF,Anytime Touchdown Scorer,NONE,NONE,NONE
401872932,DET,BUF,Jahmyr Gibbs,DET,Total Carries (incl. overtime),19.5,NONE,NONE
401872932,DET,BUF,Jahmyr Gibbs,DET,Total Receiving Yards (incl. overtime),30.5,NONE,NONE
401872932,DET,BUF,Jahmyr Gibbs,DET,Total Receptions (incl. overtime),4.5,NONE,NONE
401872932,DET,BUF,Jahmyr Gibbs,DET,Longest Reception (incl. overtime),13.5,NONE,NONE
401872932,DET,BUF,Jahmyr Gibbs,DET,Total Rushing Plus Receiving Yards (incl. overtime),124.5,NONE,NONE
401872932,DET,BUF,Jahmyr Gibbs,DET,Longest Rush (incl. overtime),18.5,NONE,NONE
401872932,DET,BUF,Jahmyr Gibbs,DET,Anytime Touchdown Scorer,NONE,NONE,NONE
401872932,DET,BUF,Amon-Ra St. Brown,DET,Total Receiving Yards (incl. overtime),79.5,NONE,NONE
401872932,DET,BUF,Amon-Ra St. Brown,DET,Total Receptions (incl. overtime),7.5,NONE,NONE
401872932,DET,BUF,Amon-Ra St. Brown,DET,Longest Reception (incl. overtime),21.5,NONE,NONE
401872932,DET,BUF,Amon-Ra St. Brown,DET,Anytime Touchdown Scorer,NONE,NONE,NONE
401872932,DET,BUF,Jameson Williams,DET,Total Receiving Yards (incl. overtime),56.5,NONE,NONE
401872932,DET,BUF,Jameson Williams,DET,Total Receptions (incl. overtime),3.5,NONE,NONE
401872932,DET,BUF,Jameson Williams,DET,Longest Reception (incl. overtime),24.5,NONE,NONE
401872932,DET,BUF,Jameson Williams,DET,Anytime Touchdown Scorer,NONE,NONE,NONE
401872932,DET,BUF,Sam LaPorta,DET,Total Receiving Yards (incl. overtime),45.5,NONE,NONE
401872932,DET,BUF,Sam LaPorta,DET,Total Receptions (incl. overtime),4.5,NONE,NONE
401872932,DET,BUF,Sam LaPorta,DET,Longest Reception (incl. overtime),17.5,NONE,NONE
401872932,DET,BUF,Sam LaPorta,DET,Anytime Touchdown Scorer,NONE,NONE,NONE
401872932,DET,BUF,Isaac TeSlaa,DET,Total Receiving Yards (incl. overtime),16.5,NONE,NONE
401872932,DET,BUF,Isaac TeSlaa,DET,Total Receptions (incl. overtime),1.5,NONE,NONE
401872932,DET,BUF,Isaac TeSlaa,DET,Anytime Touchdown Scorer,NONE,NONE,NONE
401872932,DET,BUF,DJ Moore,BUF,Total Receiving Yards (incl. overtime),57.5,NONE,NONE
401872932,DET,BUF,DJ Moore,BUF,Total Receptions (incl. overtime),4.5,NONE,NONE
401872932,DET,BUF,DJ Moore,BUF,Longest Reception (incl. overtime),23.5,NONE,NONE
401872932,DET,BUF,DJ Moore,BUF,Anytime Touchdown Scorer,NONE,NONE,NONE
401872932,DET,BUF,Khalil Shakir,BUF,Total Receiving Yards (incl. overtime),43.5,NONE,NONE
401872932,DET,BUF,Khalil Shakir,BUF,Total Receptions (incl. overtime),4.5,NONE,NONE
401872932,DET,BUF,Khalil Shakir,BUF,Longest Reception (incl. overtime),17.5,NONE,NONE
401872932,DET,BUF,Khalil Shakir,BUF,Anytime Touchdown Scorer,NONE,NONE,NONE
401872932,DET,BUF,Dalton Kincaid,BUF,Total Receiving Yards (incl. overtime),50.5,NONE,NONE
401872932,DET,BUF,Dalton Kincaid,BUF,Total Receptions (incl. overtime),3.5,NONE,NONE
401872932,DET,BUF,Dalton Kincaid,BUF,Longest Reception (incl. overtime),21.5,NONE,NONE
401872932,DET,BUF,Dalton Kincaid,BUF,Anytime Touchdown Scorer,NONE,NONE,NONE
401872932,DET,BUF,Dawson Knox,BUF,Total Receiving Yards (incl. overtime),13.5,NONE,NONE
401872932,DET,BUF,Dawson Knox,BUF,Total Receptions (incl. overtime),1.5,NONE,NONE
401872932,DET,BUF,Dawson Knox,BUF,Anytime Touchdown Scorer,NONE,NONE,NONE
401872932,DET,BUF,Joshua Palmer,BUF,Total Receiving Yards (incl. overtime),14.5,NONE,NONE
401872932,DET,BUF,Joshua Palmer,BUF,Total Receptions (incl. overtime),1.5,NONE,NONE
401872932,DET,BUF,Joshua Palmer,BUF,Anytime Touchdown Scorer,NONE,NONE,NONE
401872932,DET,BUF,Keon Coleman,BUF,Total Receiving Yards (incl. overtime),11.5,NONE,NONE
401872932,DET,BUF,Keon Coleman,BUF,Total Receptions (incl. overtime),1.5,NONE,NONE
401872932,DET,BUF,Keon Coleman,BUF,Anytime Touchdown Scorer,NONE,NONE,NONE
401872932,DET,BUF,Aidan Hutchinson,DET,Total Sacks (incl. overtime),0.75,NONE,NONE
401872932,DET,BUF,Jack Campbell,DET,Total Sacks (incl. overtime),0.25,NONE,NONE
401872932,DET,BUF,Bradley Chubb,BUF,Total Sacks (incl. overtime),0.25,NONE,NONE
401872932,DET,BUF,Ed Oliver,BUF,Total Sacks (incl. overtime),0.25,NONE,NONE
401872932,DET,BUF,Greg Rousseau,BUF,Total Sacks (incl. overtime),0.25,NONE,NONE
401872932,DET,BUF,Tom Kennedy,DET,Anytime Touchdown Scorer,NONE,NONE,NONE
401872932,DET,BUF,Tyler Conklin,DET,Anytime Touchdown Scorer,NONE,NONE,NONE
401872932,DET,BUF,Greg Dortch,DET,Anytime Touchdown Scorer,NONE,NONE,NONE
401872932,DET,BUF,Brock Wright,DET,Anytime Touchdown Scorer,NONE,NONE,NONE
401872932,DET,BUF,Tay Martin,DET,Anytime Touchdown Scorer,NONE,NONE,NONE
401872932,DET,BUF,Jacob Saylors,DET,Anytime Touchdown Scorer,NONE,NONE,NONE
401872932,DET,BUF,Sione Vaki,DET,Anytime Touchdown Scorer,NONE,NONE,NONE
401872932,DET,BUF,Ray Davis,BUF,Anytime Touchdown Scorer,NONE,NONE,NONE
401872932,DET,BUF,Jackson Hawes,BUF,Anytime Touchdown Scorer,NONE,NONE,NONE
401872932,DET,BUF,Keleki Latu,BUF,Anytime Touchdown Scorer,NONE,NONE,NONE
401872933,CAR,ATL,Chuba Hubbard,CAR,Anytime Touchdown Scorer,NONE,NONE,NONE
401872933,CAR,ATL,Tetairoa McMillan,CAR,Anytime Touchdown Scorer,NONE,NONE,NONE
401872933,CAR,ATL,Drake London,ATL,Anytime Touchdown Scorer,NONE,NONE,NONE
401872933,CAR,ATL,Bijan Robinson,ATL,Anytime Touchdown Scorer,NONE,NONE,NONE
401872934,CIN,HOU,Tee Higgins,CIN,Anytime Touchdown Scorer,NONE,NONE,NONE
401872934,CIN,HOU,Ja'Marr Chase,CIN,Anytime Touchdown Scorer,NONE,NONE,NONE
401872934,CIN,HOU,Chase Brown,CIN,Anytime Touchdown Scorer,NONE,NONE,NONE
401872934,CIN,HOU,David Montgomery,HOU,Anytime Touchdown Scorer,NONE,NONE,NONE
401872934,CIN,HOU,Nico Collins,HOU,Anytime Touchdown Scorer,NONE,NONE,NONE
401872934,CIN,HOU,Woody Marks,HOU,Anytime Touchdown Scorer,NONE,NONE,NONE
401872935,CLE,TB,Quinshon Judkins,CLE,Anytime Touchdown Scorer,NONE,NONE,NONE
401872935,CLE,TB,Emeka Egbuka,TB,Anytime Touchdown Scorer,NONE,NONE,NONE
401872935,CLE,TB,Bucky Irving,TB,Anytime Touchdown Scorer,NONE,NONE,NONE
401872936,GB,NYJ,Christian Watson,GB,Anytime Touchdown Scorer,NONE,NONE,NONE
401872936,GB,NYJ,Breece Hall,NYJ,Anytime Touchdown Scorer,NONE,NONE,NONE
401872936,GB,NYJ,Garrett Wilson,NYJ,Anytime Touchdown Scorer,NONE,NONE,NONE
401872938,NO,BAL,Travis Etienne Jr.,NO,Anytime Touchdown Scorer,NONE,NONE,NONE
401872938,NO,BAL,Chris Olave,NO,Anytime Touchdown Scorer,NONE,NONE,NONE
401872938,NO,BAL,Derrick Henry,BAL,Anytime Touchdown Scorer,NONE,NONE,NONE
401872938,NO,BAL,Lamar Jackson,BAL,Anytime Touchdown Scorer,NONE,NONE,NONE
401872939,PHI,TEN,Dallas Goedert,PHI,Anytime Touchdown Scorer,NONE,NONE,NONE
401872939,PHI,TEN,Saquon Barkley,PHI,Anytime Touchdown Scorer,NONE,NONE,NONE
401872939,PHI,TEN,Jalen Hurts,PHI,Anytime Touchdown Scorer,NONE,NONE,NONE
401872939,PHI,TEN,DeVonta Smith,PHI,Anytime Touchdown Scorer,NONE,NONE,NONE
401872939,PHI,TEN,Tony Pollard,TEN,Anytime Touchdown Scorer,NONE,NONE,NONE
401872940,JAX,DEN,Chris Rodriguez Jr.,JAX,Anytime Touchdown Scorer,NONE,NONE,NONE
401872940,JAX,DEN,Parker Washington,JAX,Anytime Touchdown Scorer,NONE,NONE,NONE
401872940,JAX,DEN,Bhayshul Tuten,JAX,Anytime Touchdown Scorer,NONE,NONE,NONE
401872940,JAX,DEN,Courtland Sutton,DEN,Anytime Touchdown Scorer,NONE,NONE,NONE
401872940,JAX,DEN,J.K. Dobbins,DEN,Anytime Touchdown Scorer,NONE,NONE,NONE
401872940,JAX,DEN,Jaylen Waddle,DEN,Anytime Touchdown Scorer,NONE,NONE,NONE
401872940,JAX,DEN,RJ Harvey,DEN,Anytime Touchdown Scorer,NONE,NONE,NONE
401872941,LV,LAC,Ashton Jeanty,LV,Anytime Touchdown Scorer,NONE,NONE,NONE
401872941,LV,LAC,Omarion Hampton,LAC,Anytime Touchdown Scorer,NONE,NONE,NONE
401872942,MIA,SF,De'Von Achane,MIA,Anytime Touchdown Scorer,NONE,NONE,NONE
401872942,MIA,SF,Mike Evans,SF,Anytime Touchdown Scorer,NONE,NONE,NONE
401872942,MIA,SF,George Kittle,SF,Anytime Touchdown Scorer,NONE,NONE,NONE
401872942,MIA,SF,Christian McCaffrey,SF,Anytime Touchdown Scorer,NONE,NONE,NONE
401872942,MIA,SF,Deebo Samuel Sr.,SF,Anytime Touchdown Scorer,NONE,NONE,NONE
401872942,MIA,SF,Kaelon Black,SF,Anytime Touchdown Scorer,NONE,NONE,NONE
401872944,WSH,DAL,Stefon Diggs,WSH,Anytime Touchdown Scorer,NONE,NONE,NONE
401872944,WSH,DAL,Terry McLaurin,WSH,Anytime Touchdown Scorer,NONE,NONE,NONE
401872944,WSH,DAL,Jayden Daniels,WSH,Anytime Touchdown Scorer,NONE,NONE,NONE
401872944,WSH,DAL,Jacory Croskey-Merritt,WSH,Anytime Touchdown Scorer,NONE,NONE,NONE
401872944,WSH,DAL,CeeDee Lamb,DAL,Anytime Touchdown Scorer,NONE,NONE,NONE
401872944,WSH,DAL,Jake Ferguson,DAL,Anytime Touchdown Scorer,NONE,NONE,NONE
401872944,WSH,DAL,Javonte Williams,DAL,Anytime Touchdown Scorer,NONE,NONE,NONE
401872944,WSH,DAL,George Pickens,DAL,Anytime Touchdown Scorer,NONE,NONE,NONE
401872945,IND,KC,Jonathan Taylor,IND,Anytime Touchdown Scorer,NONE,NONE,NONE
401872945,IND,KC,Tyler Warren,IND,Anytime Touchdown Scorer,NONE,NONE,NONE
401872945,IND,KC,Travis Kelce,KC,Anytime Touchdown Scorer,NONE,NONE,NONE
401872945,IND,KC,Rashee Rice,KC,Anytime Touchdown Scorer,NONE,NONE,NONE
401872945,IND,KC,Kenneth Walker III,KC,Anytime Touchdown Scorer,NONE,NONE,NONE
401872946,PIT,NE,Rico Dowdle,PIT,Anytime Touchdown Scorer,NONE,NONE,NONE
401872946,PIT,NE,DK Metcalf,PIT,Anytime Touchdown Scorer,NONE,NONE,NONE
401872946,PIT,NE,Jaylen Warren,PIT,Anytime Touchdown Scorer,NONE,NONE,NONE
401872946,PIT,NE,Rhamondre Stevenson,NE,Anytime Touchdown Scorer,NONE,NONE,NONE
401872947,NYG,LAR,Isaiah Likely,NYG,Anytime Touchdown Scorer,NONE,NONE,NONE
401872947,NYG,LAR,Malik Nabers,NYG,Anytime Touchdown Scorer,NONE,NONE,NONE
401872947,NYG,LAR,Jaxson Dart,NYG,Anytime Touchdown Scorer,NONE,NONE,NONE
401872947,NYG,LAR,Cam Skattebo,NYG,Anytime Touchdown Scorer,NONE,NONE,NONE
401872947,NYG,LAR,Davante Adams,LAR,Anytime Touchdown Scorer,NONE,NONE,NONE
401872947,NYG,LAR,Puka Nacua,LAR,Anytime Touchdown Scorer,NONE,NONE,NONE
401872947,NYG,LAR,Kyren Williams,LAR,Anytime Touchdown Scorer,NONE,NONE,NONE
