event_id,away,home,kickoff,spread_team,spread,over_under,over_odds,under_odds,away_ml,home_ml,status,away_score,home_score
401872948,ATL,GB,2026-09-25T00:15Z,GB,-4.5,42.5,,,,,STATUS_SCHEDULED,0,0
401772969,CAR,TB,2026-01-03T21:30Z,,,,,,,,STATUS_FINAL,14,16
401772961,SEA,SF,2026-01-04T01:00Z,,,,,,,,STATUS_FINAL,13,3
401772966,NO,ATL,2026-01-04T18:00Z,,,,,,,,STATUS_FINAL,17,19
401772964,CLE,CIN,2026-01-04T18:00Z,,,,,,,,STATUS_FINAL,20,18
401772968,GB,MIN,2026-01-04T18:00Z,,,,,,,,STATUS_FINAL,3,16
401772963,DAL,NYG,2026-01-04T18:00Z,,,,,,,,STATUS_FINAL,17,34
401772970,TEN,JAX,2026-01-04T18:00Z,,,,,,,,STATUS_FINAL,7,41
401772962,IND,HOU,2026-01-04T18:00Z,,,,,,,,STATUS_FINAL,30,38
401772967,NYJ,BUF,2026-01-04T21:25Z,,,,,,,,STATUS_FINAL,8,35
401772965,DET,CHI,2026-01-04T21:25Z,,,,,,,,STATUS_FINAL,19,16
401772956,LAC,DEN,2026-01-04T21:25Z,,,,,,,,STATUS_FINAL,3,19
401772957,KC,LV,2026-01-04T21:25Z,,,,,,,,STATUS_FINAL,12,14
401772955,ARI,LAR,2026-01-04T21:25Z,,,,,,,,STATUS_FINAL,20,37
401772958,MIA,NE,2026-01-04T21:25Z,,,,,,,,STATUS_FINAL,10,38
401772959,WSH,PHI,2026-01-04T21:25Z,,,,,,,,STATUS_FINAL,24,17
401772960,BAL,PIT,2026-01-05T01:20Z,,,,,,,,STATUS_FINAL,24,26
401772979,LAR,CAR,2026-01-10T21:30Z,,,,,,,,STATUS_FINAL,34,31
401772981,GB,CHI,2026-01-11T01:00Z,,,,,,,,STATUS_FINAL,27,31
401772977,BUF,JAX,2026-01-11T18:00Z,,,,,,,,STATUS_FINAL,27,24
401772980,SF,PHI,2026-01-11T21:30Z,,,,,,,,STATUS_FINAL,23,19
401772978,LAC,NE,2026-01-12T01:15Z,,,,,,,,STATUS_FINAL,3,16
401772976,HOU,PIT,2026-01-13T01:15Z,,,,,,,,STATUS_FINAL,30,6
401772982,BUF,DEN,2026-01-17T21:30Z,,,,,,,,STATUS_FINAL,30,33
401772984,SF,SEA,2026-01-18T01:00Z,,,,,,,,STATUS_FINAL,6,41
401772983,HOU,NE,2026-01-18T20:00Z,,,,,,,,STATUS_FINAL,16,28
401772985,LAR,CHI,2026-01-18T23:30Z,,,,,,,,STATUS_FINAL,20,17
401772986,NE,DEN,2026-01-25T20:00Z,,,,,,,,STATUS_FINAL,10,7
401772987,LAR,SEA,2026-01-25T23:30Z,,,,,,,,STATUS_FINAL,27,31
401831718,NFC,AFC,2026-02-04T01:00Z,,,,,,,,STATUS_FINAL,66,52
401772988,SEA,NE,2026-02-08T23:30Z,,,,,,,,STATUS_FINAL,29,13
401873271,CAR,ARI,2026-08-07T00:00Z,,,,,,,,STATUS_FINAL,33,30
401873272,DET,CIN,2026-08-13T23:00Z,,,,,,,,STATUS_FINAL,14,16
401873275,GB,PIT,2026-08-13T23:00Z,,,,,,,,STATUS_FINAL,9,28
401873273,IND,NE,2026-08-13T23:30Z,,,,,,,,STATUS_FINAL,13,13
401873640,ARI,LV,2026-08-14T00:00Z,,,,,,,,STATUS_FINAL,27,14
401873274,LAC,HOU,2026-08-14T00:00Z,,,,,,,,STATUS_FINAL,27,7
401874392,TEN,SF,2026-08-14T01:00Z,,,,,,,,STATUS_FINAL,19,13
401873278,DEN,ATL,2026-08-14T23:00Z,,,,,,,,STATUS_FINAL,27,7
401873276,TB,NYJ,2026-08-14T23:00Z,,,,,,,,STATUS_FINAL,24,16
401873277,MIA,WSH,2026-08-14T23:00Z,,,,,,,,STATUS_FINAL,7,20
401873282,CAR,BUF,2026-08-15T17:00Z,,,,,,,,STATUS_FINAL,14,29
401874393,CLE,CHI,2026-08-15T17:00Z,,,,,,,,STATUS_FINAL,10,34
401873280,MIN,NYG,2026-08-15T17:00Z,,,,,,,,STATUS_FINAL,13,10
401873283,LAR,KC,2026-08-15T20:00Z,,,,,,,,STATUS_FINAL,20,12
401873281,JAX,NO,2026-08-15T20:00Z,,,,,,,,STATUS_FINAL,24,20
401873284,PHI,BAL,2026-08-15T23:00Z,,,,,,,,STATUS_FINAL,7,24
401873279,DAL,SEA,2026-08-16T00:00Z,,,,,,,,STATUS_FINAL,17,7
401873286,LV,HOU,2026-08-21T00:00Z,,,,,,,,STATUS_FINAL,22,20
401873285,SF,LAC,2026-08-21T02:00Z,,,,,,,,STATUS_FINAL,41,17
401873288,NYJ,PIT,2026-08-21T23:00Z,,,,,,,,STATUS_FINAL,17,0
401873287,CAR,JAX,2026-08-21T23:30Z,,,,,,,,STATUS_FINAL,34,17
401873613,GB,DEN,2026-08-22T01:00Z,,,,,,,,STATUS_FINAL,33,13
401873601,WSH,DET,2026-08-22T16:00Z,,,,,,,,STATUS_FINAL,13,17
401873294,BUF,CLE,2026-08-22T17:00Z,,,,,,,,STATUS_FINAL,31,7
401873295,ATL,IND,2026-08-22T17:00Z,,,,,,,,STATUS_FINAL,34,6
401873291,BAL,MIN,2026-08-22T17:00Z,,,,,,,,STATUS_FINAL,13,3
401873290,NO,LAR,2026-08-22T20:00Z,,,,,,,,STATUS_FINAL,0,34
401873292,NYG,MIA,2026-08-22T20:00Z,,,,,,,,STATUS_FINAL,26,3
401873289,CHI,CIN,2026-08-22T23:00Z,,,,,,,,STATUS_FINAL,9,27
401873293,PHI,NE,2026-08-22T23:00Z,,,,,,,,STATUS_FINAL,21,24
401873296,KC,TB,2026-08-22T23:30Z,,,,,,,,STATUS_FINAL,15,16
401874101,DAL,ARI,2026-08-23T02:00Z,,,,,,,,STATUS_FINAL,34,13
401873297,SEA,TEN,2026-08-24T00:00Z,,,,,,,,STATUS_FINAL,16,19
401873298,PIT,BUF,2026-08-27T23:00Z,,,,,,,,STATUS_FINAL,27,28
401873299,NE,CLE,2026-08-28T00:00Z,,,,,,,,STATUS_FINAL,13,37
401873641,SF,LV,2026-08-28T00:00Z,,,,,,,,STATUS_FINAL,18,12
401873300,LAR,LAC,2026-08-28T02:00Z,,,,,,,,STATUS_FINAL,20,18
401873302,WSH,BAL,2026-08-28T22:00Z,,,,,,,,STATUS_FINAL,3,41
401873304,ATL,MIA,2026-08-28T23:00Z,,,,,,,,STATUS_FINAL,17,12
401873307,HOU,CAR,2026-08-28T23:00Z,,,,,,,,STATUS_FINAL,13,16
401873303,NYG,NYJ,2026-08-28T23:30Z,,,,,,,,STATUS_FINAL,23,6
401873306,TB,JAX,2026-08-28T23:30Z,,,,,,,,STATUS_FINAL,0,19
401874048,NO,DAL,2026-08-29T00:00Z,,,,,,,,STATUS_FINAL,27,24
401874102,ARI,GB,2026-08-29T00:00Z,,,,,,,,STATUS_FINAL,38,42
401873305,SEA,KC,2026-08-29T00:00Z,,,,,,,,STATUS_FINAL,9,9
401873301,CIN,PHI,2026-08-29T00:00Z,,,,,,,,STATUS_FINAL,30,13
401873614,MIN,DEN,2026-08-29T01:00Z,,,,,,,,STATUS_FINAL,6,34
401873308,DET,IND,2026-08-29T17:00Z,,,,,,,,STATUS_FINAL,25,16
401874394,CHI,TEN,2026-08-29T22:00Z,,,,,,,,STATUS_FINAL,24,15
401872656,NE,SEA,2026-09-10T00:20Z,,,,,,,,STATUS_FINAL,10,13
401872657,SF,LAR,2026-09-11T00:35Z,,,,,,,,STATUS_FINAL,27,7
401872925,TB,CIN,2026-09-13T17:00Z,,,,,,,,STATUS_FINAL,27,33
401872923,NO,DET,2026-09-13T17:00Z,,,,,,,,STATUS_FINAL,30,31
401872924,NYJ,TEN,2026-09-13T17:00Z,,,,,,,,STATUS_FINAL,23,10
401872659,BAL,IND,2026-09-13T17:00Z,,,,,,,,STATUS_FINAL,41,23
401872658,ATL,PIT,2026-09-13T17:00Z,,,,,,,,STATUS_FINAL,13,20
401872661,CHI,CAR,2026-09-13T17:00Z,,,,,,,,STATUS_FINAL,59,37
401872922,CLE,JAX,2026-09-13T17:00Z,,,,,,,,STATUS_FINAL,10,34
401872660,BUF,HOU,2026-09-13T17:00Z,,,,,,,,STATUS_FINAL,36,31
401872928,MIA,LV,2026-09-13T20:25Z,,,,,,,,STATUS_FINAL,13,27
401872927,GB,MIN,2026-09-13T20:25Z,,,,,,,,STATUS_FINAL,22,39
401872929,WSH,PHI,2026-09-13T20:25Z,,,,,,,,STATUS_FINAL,22,24
401872926,ARI,LAC,2026-09-13T20:25Z,,,,,,,,STATUS_FINAL,26,14
401872930,DAL,NYG,2026-09-14T00:20Z,,,,,,,,STATUS_FINAL,20,28
401872931,DEN,KC,2026-09-15T00:15Z,,,,,,,,STATUS_FINAL,10,31
401872932,DET,BUF,2026-09-18T00:15Z,,,,,,,,STATUS_FINAL,31,41
401872933,CAR,ATL,2026-09-20T17:00Z,,,,,,,,STATUS_FINAL,34,3
401872937,MIN,CHI,2026-09-20T17:00Z,,,,,,,,STATUS_FINAL,9,3
401872939,PHI,TEN,2026-09-20T17:00Z,,,,,,,,STATUS_FINAL,24,20
