key,player,owner,pos,tm,slot,engine,sleeper,yahoo,kalshi_fields,kick,locked,post,logged,commit,pulled
christian watson,Christian Watson,Regulators,WR,GB,WR1,15.32,15.53,15.27,"rec,rec_yd,td",2026-09-24T20:15-04:00,1,0,2026-09-24T13:33-04:00,9b11f65e9e,2026-09-24T13:28-04:00
matt golden,Matthew Golden,65 SOUTH,WR,GB,WR2,12.45,11.16,11.66,"rec,rec_yd,td",2026-09-24T20:15-04:00,1,0,2026-09-24T13:33-04:00,9b11f65e9e,2026-09-24T13:28-04:00
jordan love,Jordan Love,Ain’t No Waller-Back Girl,QB,GB,QB,20.37,20.82,22.46,"rush_yd,pass_yd,pass_td,td",2026-09-24T20:15-04:00,1,0,2026-09-24T13:33-04:00,9b11f65e9e,2026-09-24T13:28-04:00
trey smack,Trey Smack,Deadites,K,GB,K,8.74,8.74,8.93,,2026-09-24T20:15-04:00,1,0,2026-09-24T13:33-04:00,9b11f65e9e,2026-09-24T13:28-04:00
jayden reed,Jayden Reed,FWU,WR,GB,BN,0.00,0.00,0.00,,2026-09-24T20:15-04:00,1,0,2026-09-24T13:33-04:00,9b11f65e9e,2026-09-24T13:28-04:00
marshawn lloyd,MarShawn Lloyd,OVERKILL,RB,GB,RB2,7.31,10.12,8.88,"rec,rec_yd,rush_yd,td",2026-09-24T20:15-04:00,1,0,2026-09-24T13:33-04:00,9b11f65e9e,2026-09-24T13:28-04:00
drake london,Drake London,OVERKILL,WR,ATL,WR2,14.87,13.43,14.56,"rec,rec_yd,td",2026-09-24T20:15-04:00,1,0,2026-09-24T13:33-04:00,9b11f65e9e,2026-09-24T13:28-04:00
josh jacobs,Josh Jacobs,OVERKILL,RB,GB,BN,0.00,0.00,0.00,,2026-09-24T20:15-04:00,1,0,2026-09-24T13:33-04:00,9b11f65e9e,2026-09-24T13:28-04:00
tucker kraft,Tucker Kraft,Rayland,TE,GB,TE,11.30,11.41,11.43,"rec,rec_yd,td",2026-09-24T20:15-04:00,1,0,2026-09-24T13:33-04:00,9b11f65e9e,2026-09-24T13:28-04:00
bijan robinson,Bijan Robinson,Short Bus,RB,ATL,RB1,21.85,20.04,20.12,"rec,rec_yd,rush_yd,td",2026-09-24T20:15-04:00,1,0,2026-09-24T13:33-04:00,9b11f65e9e,2026-09-24T13:28-04:00
brian robinson,Brian Robinson,Short Bus,RB,ATL,BN,4.76,4.36,5.01,"rush_yd,td",2026-09-24T20:15-04:00,1,0,2026-09-24T13:33-04:00,9b11f65e9e,2026-09-24T13:28-04:00
green bay,Green Bay,Sycawhores,DEF,GB,DEF,8.50,8.50,,,2026-09-24T20:15-04:00,1,0,2026-09-24T13:33-04:00,9b11f65e9e,2026-09-24T13:28-04:00
kyle pitts,Kyle Pitts Sr.,Bad News Bears,TE,ATL,TE,8.97,9.47,9.16,"rec,rec_yd,td",2026-09-24T20:15-04:00,1,0,2026-09-24T13:33-04:00,9b11f65e9e,2026-09-24T13:28-04:00
DST:GB,Packers,Sycawhores,DEF,GB,DEF,8.50,8.50,7.27,,2026-09-24T20:15-04:00,1,0,2026-09-24T13:33-04:00,9b11f65e9e,2026-09-24T13:28-04:00
kenny walker,Kenneth Walker III,Regulators,RB,KC,RB1,20.55,20.12,18.78,"rec,rec_yd,td",2026-09-27T13:00-04:00,1,0,2026-09-27T12:41-04:00,982c30fec8,2026-09-27T12:36-04:00
breece hall,Breece Hall,Regulators,RB,NYJ,RB2,15.69,15.87,16.60,"rec,rec_yd,rush_yd,td",2026-09-27T13:00-04:00,1,0,2026-09-27T12:41-04:00,982c30fec8,2026-09-27T12:36-04:00
dalton kincaid,Dalton Kincaid,Regulators,TE,BUF,TE,12.89,13.19,11.88,"rec,rec_yd,td",2026-09-27T13:00-04:00,1,0,2026-09-27T12:41-04:00,982c30fec8,2026-09-27T12:36-04:00
alec pierce,Alec Pierce,Regulators,WR,IND,BN,0.00,0.00,0.00,,2026-09-27T13:00-04:00,1,0,2026-09-27T12:41-04:00,982c30fec8,2026-09-27T12:36-04:00
aj brown,A.J. Brown,Regulators,WR,NE,BN,0.00,0.00,0.00,,2026-09-27T13:00-04:00,1,0,2026-09-27T12:41-04:00,982c30fec8,2026-09-27T12:36-04:00
dan jones,Daniel Jones,Regulators,QB,IND,BN,17.94,16.86,19.35,"rush_yd,pass_yd,pass_td,td",2026-09-27T13:00-04:00,1,0,2026-09-27T12:41-04:00,982c30fec8,2026-09-27T12:36-04:00
woody marks,Woody Marks,Regulators,RB,HOU,BN,8.45,7.81,8.44,"rec,rec_yd,rush_yd,td",2026-09-27T13:00-04:00,1,0,2026-09-27T12:41-04:00,982c30fec8,2026-09-27T12:36-04:00
kansas city,Kansas City,Regulators,DEF,KC,DEF,9.25,9.25,,,2026-09-27T13:00-04:00,1,0,2026-09-27T12:41-04:00,982c30fec8,2026-09-27T12:36-04:00
justin herbert,Justin Herbert,65 SOUTH,QB,LAC,QB,21.07,20.91,21.64,"rush_yd,pass_yd,pass_td,td",2026-09-27T13:00-04:00,1,0,2026-09-27T12:41-04:00,982c30fec8,2026-09-27T12:36-04:00
cam skattebo,Cam Skattebo,65 SOUTH,RB,NYG,RB1,13.30,15.03,15.02,"rec,rec_yd,rush_yd,td",2026-09-27T13:00-04:00,1,0,2026-09-27T12:41-04:00,982c30fec8,2026-09-27T12:36-04:00
parker washington,Parker Washington,65 SOUTH,WR,JAX,WR1,15.00,15.15,14.84,"rec,rec_yd,td",2026-09-27T13:00-04:00,1,0,2026-09-27T12:41-04:00,982c30fec8,2026-09-27T12:36-04:00
tyler warren,Tyler Warren,65 SOUTH,TE,IND,TE,10.79,10.25,11.76,"rec,td",2026-09-27T13:00-04:00,1,0,2026-09-27T12:41-04:00,982c30fec8,2026-09-27T12:36-04:00
amon ra st brown,Amon-Ra St. Brown,65 SOUTH,WR,DET,W/R/T,19.27,19.38,20.43,"rec,rec_yd,td",2026-09-27T13:00-04:00,1,0,2026-09-27T12:41-04:00,982c30fec8,2026-09-27T12:36-04:00
rashee rice,Rashee Rice,65 SOUTH,WR,KC,BN,12.51,12.17,13.90,"rec,rec_yd,td",2026-09-27T13:00-04:00,1,0,2026-09-27T12:41-04:00,982c30fec8,2026-09-27T12:36-04:00
trevor lawrence,Trevor Lawrence,65 SOUTH,QB,JAX,BN,23.07,24.01,23.62,"rush_yd,pass_yd,pass_td,td",2026-09-27T13:00-04:00,1,0,2026-09-27T12:41-04:00,982c30fec8,2026-09-27T12:36-04:00
jaylen warren,Jaylen Warren,65 SOUTH,RB,PIT,BN,16.33,16.14,17.01,"rec,rec_yd,rush_yd,td",2026-09-27T13:00-04:00,1,0,2026-09-27T12:41-04:00,982c30fec8,2026-09-27T12:36-04:00
kimani vidal,Kimani Vidal,65 SOUTH,RB,LAC,BN,1.09,0.87,1.07,td,2026-09-27T13:00-04:00,1,0,2026-09-27T12:41-04:00,982c30fec8,2026-09-27T12:36-04:00
keenan allen,Keenan Allen,65 SOUTH,WR,IND,BN,8.52,7.72,8.98,"rec,rec_yd,td",2026-09-27T13:00-04:00,1,0,2026-09-27T12:41-04:00,982c30fec8,2026-09-27T12:36-04:00
darius slayton,Darius Slayton,65 SOUTH,WR,IND,BN,3.22,0.00,0.00,"rec,rec_yd,td",2026-09-27T13:00-04:00,1,0,2026-09-27T12:41-04:00,982c30fec8,2026-09-27T12:36-04:00
cam little,Cam Little,65 SOUTH,K,JAX,K,9.60,9.60,9.57,,2026-09-27T13:00-04:00,1,0,2026-09-27T12:41-04:00,982c30fec8,2026-09-27T12:36-04:00
DST:NE,Patriots,65 SOUTH,DEF,NE,DEF,5.26,5.26,5.30,,2026-09-27T13:00-04:00,1,0,2026-09-27T12:41-04:00,982c30fec8,2026-09-27T12:36-04:00
ladd mcconkey,Ladd McConkey,Ain’t No Waller-Back Girl,WR,LAC,WR2,13.26,14.08,12.36,"rec,rec_yd,td",2026-09-27T13:00-04:00,1,0,2026-09-27T12:41-04:00,982c30fec8,2026-09-27T12:36-04:00
harold fannin,Harold Fannin Jr.,Ain’t No Waller-Back Girl,TE,CLE,TE,9.77,9.44,10.57,"rec,rec_yd,td",2026-09-27T13:00-04:00,1,0,2026-09-27T12:41-04:00,982c30fec8,2026-09-27T12:36-04:00
khalil shakir,Khalil Shakir,Ain’t No Waller-Back Girl,WR,BUF,W/R/T,10.69,10.03,9.68,"rec,rec_yd,td",2026-09-27T13:00-04:00,1,0,2026-09-27T12:41-04:00,982c30fec8,2026-09-27T12:36-04:00
drake maye,Drake Maye,Ain’t No Waller-Back Girl,QB,NE,BN,21.16,22.24,23.69,"rush_yd,pass_yd,pass_td,td",2026-09-27T13:00-04:00,1,0,2026-09-27T12:41-04:00,982c30fec8,2026-09-27T12:36-04:00
brian thomas,Brian Thomas Jr.,Ain’t No Waller-Back Girl,WR,JAX,BN,8.39,9.02,9.25,"rec,rec_yd,td",2026-09-27T13:00-04:00,1,0,2026-09-27T12:41-04:00,982c30fec8,2026-09-27T12:36-04:00
tyjae spears,Tyjae Spears,Ain’t No Waller-Back Girl,RB,TEN,BN,6.90,7.49,7.57,"rec,rec_yd,rush_yd,td",2026-09-27T13:00-04:00,1,0,2026-09-27T12:41-04:00,982c30fec8,2026-09-27T12:36-04:00
denzel boston,Denzel Boston,Ain’t No Waller-Back Girl,WR,CLE,BN,10.77,10.12,10.63,"rec,rec_yd,td",2026-09-27T13:00-04:00,1,0,2026-09-27T12:41-04:00,982c30fec8,2026-09-27T12:36-04:00
isaac teslaa,Isaac TeSlaa,Ain’t No Waller-Back Girl,WR,DET,BN,4.55,4.36,5.06,"rec,rec_yd,td",2026-09-27T13:00-04:00,1,0,2026-09-27T12:41-04:00,982c30fec8,2026-09-27T12:36-04:00
xavier legette,Xavier Legette,Ain’t No Waller-Back Girl,WR,CAR,BN,4.14,0.00,0.00,"rec,rec_yd,td",2026-09-27T13:00-04:00,1,0,2026-09-27T12:41-04:00,982c30fec8,2026-09-27T12:36-04:00
chig okonkwo,Chig Okonkwo,Ain’t No Waller-Back Girl,TE,WAS,BN,0.00,0.00,0.00,,2026-09-27T13:00-04:00,1,0,2026-09-27T12:41-04:00,982c30fec8,2026-09-27T12:36-04:00
kaimi fairbairn,Ka'imi Fairbairn,Ain’t No Waller-Back Girl,K,HOU,K,9.94,9.94,9.38,,2026-09-27T13:00-04:00,1,0,2026-09-27T12:41-04:00,982c30fec8,2026-09-27T12:36-04:00
pat mahomes,Patrick Mahomes,Deadites,QB,KC,QB,25.36,26.28,25.71,"rush_yd,pass_yd,pass_td,td",2026-09-27T13:00-04:00,1,0,2026-09-27T12:41-04:00,982c30fec8,2026-09-27T12:36-04:00
chase brown,Chase Brown,Deadites,RB,CIN,RB1,16.59,16.00,16.52,"rec,rec_yd,rush_yd,td",2026-09-27T13:00-04:00,1,0,2026-09-27T12:41-04:00,982c30fec8,2026-09-27T12:36-04:00
david montgomery,David Montgomery,Deadites,RB,HOU,RB2,12.00,14.30,13.28,"rec,rec_yd,rush_yd,td",2026-09-27T13:00-04:00,1,0,2026-09-27T12:41-04:00,982c30fec8,2026-09-27T12:36-04:00
dj moore,DJ Moore,Deadites,WR,BUF,WR2,11.61,12.31,11.85,"rec,rec_yd,td",2026-09-27T13:00-04:00,1,0,2026-09-27T12:41-04:00,982c30fec8,2026-09-27T12:36-04:00
tee higgins,Tee Higgins,Deadites,WR,CIN,WR3,12.47,13.47,14.88,"rec,rec_yd,td",2026-09-27T13:00-04:00,1,0,2026-09-27T12:41-04:00,982c30fec8,2026-09-27T12:36-04:00
chuba hubbard,Chuba Hubbard,Deadites,RB,CAR,W/R/T,15.67,14.61,15.24,"rec,rec_yd,rush_yd,td",2026-09-27T13:00-04:00,1,0,2026-09-27T12:41-04:00,982c30fec8,2026-09-27T12:36-04:00
wandale robinson,Wan'Dale Robinson,Deadites,WR,TEN,BN,8.22,8.81,8.78,"rec,rec_yd,td",2026-09-27T13:00-04:00,1,0,2026-09-27T12:41-04:00,982c30fec8,2026-09-27T12:36-04:00
joe burrow,Joe Burrow,Deadites,QB,CIN,BN,21.41,22.38,23.89,"rush_yd,pass_yd,pass_td,td",2026-09-27T13:00-04:00,1,0,2026-09-27T12:41-04:00,982c30fec8,2026-09-27T12:36-04:00
keaton mitchell,Keaton Mitchell,Deadites,RB,LAC,BN,4.76,6.65,6.38,"rush_yd,td",2026-09-27T13:00-04:00,1,0,2026-09-27T12:41-04:00,982c30fec8,2026-09-27T12:36-04:00
josh palmer,Joshua Palmer,Deadites,WR,BUF,BN,3.59,2.95,3.91,td,2026-09-27T13:00-04:00,1,0,2026-09-27T12:41-04:00,982c30fec8,2026-09-27T12:36-04:00
houston,Houston,Deadites,DEF,HOU,DEF,6.98,6.98,,,2026-09-27T13:00-04:00,1,0,2026-09-27T12:41-04:00,982c30fec8,2026-09-27T12:36-04:00
omarion hampton,Omarion Hampton,Ex-Presidents,RB,LAC,RB1,13.74,14.05,14.61,"rec,rec_yd,rush_yd,td",2026-09-27T13:00-04:00,1,0,2026-09-27T12:41-04:00,982c30fec8,2026-09-27T12:36-04:00
tetairoa mcmillan,Tetairoa McMillan,Ex-Presidents,WR,CAR,WR2,13.73,14.16,14.48,"rec,rec_yd,td",2026-09-27T13:00-04:00,1,0,2026-09-27T12:41-04:00,982c30fec8,2026-09-27T12:36-04:00
quentin johnston,Quentin Johnston,Ex-Presidents,WR,LAC,WR3,9.08,9.03,10.11,"rec,rec_yd,td",2026-09-27T13:00-04:00,1,0,2026-09-27T12:41-04:00,982c30fec8,2026-09-27T12:36-04:00
treveyon henderson,TreVeyon Henderson,Ex-Presidents,RB,NE,W/R/T,10.16,12.44,11.22,"rec,rec_yd,rush_yd,td",2026-09-27T13:00-04:00,1,0,2026-09-27T12:41-04:00,982c30fec8,2026-09-27T12:36-04:00
jonathon brooks,Jonathon Brooks,Ex-Presidents,RB,CAR,BN,0.00,0.00,0.00,,2026-09-27T13:00-04:00,1,0,2026-09-27T12:41-04:00,982c30fec8,2026-09-27T12:36-04:00
romeo doubs,Romeo Doubs,Ex-Presidents,WR,NE,BN,9.63,9.30,11.17,"rec,rec_yd,td",2026-09-27T13:00-04:00,1,0,2026-09-27T12:41-04:00,982c30fec8,2026-09-27T12:36-04:00
jameis winston,Jameis Winston,Ex-Presidents,QB,NYG,BN,17.74,17.94,18.77,"rush_yd,pass_td,td",2026-09-27T13:00-04:00,1,0,2026-09-27T12:41-04:00,982c30fec8,2026-09-27T12:36-04:00
emanuel wilson,Emanuel Wilson,Ex-Presidents,RB,SEA,BN,6.81,6.58,5.61,"rush_yd,td",2026-09-27T13:00-04:00,1,0,2026-09-27T12:41-04:00,982c30fec8,2026-09-27T12:36-04:00
evan mcpherson,Evan McPherson,Ex-Presidents,K,CIN,K,8.59,8.59,8.73,,2026-09-27T13:00-04:00,1,0,2026-09-27T12:41-04:00,982c30fec8,2026-09-27T12:36-04:00
jahmyr gibbs,Jahmyr Gibbs,FWU,RB,DET,RB1,24.47,23.09,23.55,"rec,rec_yd,rush_yd,td",2026-09-27T13:00-04:00,1,0,2026-09-27T12:41-04:00,982c30fec8,2026-09-27T12:36-04:00
xavier worthy,Xavier Worthy,FWU,WR,KC,WR2,10.70,10.39,11.13,"rec,rec_yd,td",2026-09-27T13:00-04:00,1,0,2026-09-27T12:41-04:00,982c30fec8,2026-09-27T12:36-04:00
kayshon boutte,Kayshon Boutte,FWU,WR,HOU,WR3,8.77,8.81,9.89,"rec,td",2026-09-27T13:00-04:00,1,0,2026-09-27T12:41-04:00,982c30fec8,2026-09-27T12:36-04:00
dalton schultz,Dalton Schultz,FWU,TE,HOU,W/R/T,12.61,11.73,11.60,"rec,td",2026-09-27T13:00-04:00,1,0,2026-09-27T12:41-04:00,982c30fec8,2026-09-27T12:36-04:00
caleb douglas,Caleb Douglas,FWU,WR,MIA,BN,0.00,0.00,0.00,,2026-09-27T13:00-04:00,1,0,2026-09-27T12:41-04:00,982c30fec8,2026-09-27T12:36-04:00
bryce young,Bryce Young,FWU,QB,CAR,BN,20.71,20.00,20.70,"rush_yd,pass_yd,pass_td,td",2026-09-27T13:00-04:00,1,0,2026-09-27T12:41-04:00,982c30fec8,2026-09-27T12:36-04:00
tank dell,Tank Dell,FWU,WR,HOU,BN,0.00,0.00,0.00,,2026-09-27T13:00-04:00,1,0,2026-09-27T12:41-04:00,982c30fec8,2026-09-27T12:36-04:00
james cook,James Cook III,OVERKILL,RB,BUF,RB1,17.19,16.47,16.27,"rec,rec_yd,rush_yd,td",2026-09-27T13:00-04:00,1,0,2026-09-27T12:41-04:00,982c30fec8,2026-09-27T12:36-04:00
jaxon smith njigba,Jaxon Smith-Njigba,OVERKILL,WR,SEA,WR1,20.28,21.84,20.81,"rec,rec_yd,td",2026-09-27T13:00-04:00,1,0,2026-09-27T12:41-04:00,982c30fec8,2026-09-27T12:36-04:00
malik washington,Malik Washington,OVERKILL,WR,MIA,WR3,10.03,10.10,9.95,"rec,rec_yd,td",2026-09-27T13:00-04:00,1,0,2026-09-27T12:41-04:00,982c30fec8,2026-09-27T12:36-04:00
sam laporta,Sam LaPorta,OVERKILL,TE,DET,TE,11.86,12.13,11.78,"rec,rec_yd,td",2026-09-27T13:00-04:00,1,0,2026-09-27T12:41-04:00,982c30fec8,2026-09-27T12:36-04:00
isaiah likely,Isaiah Likely,OVERKILL,TE,NYG,W/R/T,9.86,9.79,10.05,"rec,rec_yd,td",2026-09-27T13:00-04:00,1,0,2026-09-27T12:41-04:00,982c30fec8,2026-09-27T12:36-04:00
ray davis,Ray Davis,OVERKILL,RB,BUF,BN,2.24,2.38,2.54,td,2026-09-27T13:00-04:00,1,0,2026-09-27T12:41-04:00,982c30fec8,2026-09-27T12:36-04:00
demario douglas,DeMario Douglas,OVERKILL,WR,NE,BN,7.67,7.26,7.99,"rec,rec_yd,td",2026-09-27T13:00-04:00,1,0,2026-09-27T12:41-04:00,982c30fec8,2026-09-27T12:36-04:00
xavier hutchinson,Xavier Hutchinson,OVERKILL,WR,HOU,BN,8.98,7.79,8.64,"rec,td",2026-09-27T13:00-04:00,1,0,2026-09-27T12:41-04:00,982c30fec8,2026-09-27T12:36-04:00
jason myers,Jason Myers,OVERKILL,K,SEA,K,9.66,9.66,9.84,,2026-09-27T13:00-04:00,1,0,2026-09-27T12:41-04:00,982c30fec8,2026-09-27T12:36-04:00
garrett wilson,Garrett Wilson,Phish Phanatics,WR,NYJ,WR1,17.16,15.78,17.18,"rec,rec_yd,td",2026-09-27T13:00-04:00,1,0,2026-09-27T12:41-04:00,982c30fec8,2026-09-27T12:36-04:00
jameson williams,Jameson Williams,Phish Phanatics,WR,DET,WR2,12.51,12.53,12.73,"rec,rec_yd,td",2026-09-27T13:00-04:00,1,0,2026-09-27T12:41-04:00,982c30fec8,2026-09-27T12:36-04:00
bhayshul tuten,Bhayshul Tuten,Phish Phanatics,RB,JAX,W/R/T,11.36,11.27,10.59,"rec,rec_yd,rush_yd,td",2026-09-27T13:00-04:00,1,0,2026-09-27T12:41-04:00,982c30fec8,2026-09-27T12:36-04:00
emmett johnson,Emmett Johnson,Phish Phanatics,RB,KC,BN,5.97,4.99,5.96,"rec,rec_yd,td",2026-09-27T13:00-04:00,1,0,2026-09-27T12:41-04:00,982c30fec8,2026-09-27T12:36-04:00
brenton strange,Brenton Strange,Phish Phanatics,TE,JAX,BN,7.88,9.10,8.45,"rec,rec_yd,td",2026-09-27T13:00-04:00,1,0,2026-09-27T12:41-04:00,982c30fec8,2026-09-27T12:36-04:00
DST:CIN,Bengals,Phish Phanatics,DEF,CIN,DEF,7.42,7.42,6.98,,2026-09-27T13:00-04:00,1,0,2026-09-27T12:41-04:00,982c30fec8,2026-09-27T12:36-04:00
DST:PIT,Steelers,Phish Phanatics,DEF,PIT,BN,6.02,6.02,6.16,,2026-09-27T13:00-04:00,1,0,2026-09-27T12:41-04:00,982c30fec8,2026-09-27T12:36-04:00
devon achane,De'Von Achane,Rayland,RB,MIA,RB1,16.76,16.31,18.16,"rec,rec_yd,td",2026-09-27T13:00-04:00,1,0,2026-09-27T12:41-04:00,982c30fec8,2026-09-27T12:36-04:00
quinshon judkins,Quinshon Judkins,Rayland,RB,CLE,RB2,14.17,12.34,13.37,"rec,rec_yd,rush_yd,td",2026-09-27T13:00-04:00,1,0,2026-09-27T12:41-04:00,982c30fec8,2026-09-27T12:36-04:00
jamarr chase,Ja'Marr Chase,Rayland,WR,CIN,WR1,17.87,16.71,19.76,"rec,rec_yd,td",2026-09-27T13:00-04:00,1,0,2026-09-27T12:41-04:00,982c30fec8,2026-09-27T12:36-04:00
malik nabers,Malik Nabers,Rayland,WR,NYG,WR3,12.20,13.72,13.01,"rec,rec_yd,td",2026-09-27T13:00-04:00,1,0,2026-09-27T12:41-04:00,982c30fec8,2026-09-27T12:36-04:00
travis kelce,Travis Kelce,Rayland,TE,KC,W/R/T,12.79,11.63,11.60,"rec,rec_yd,td",2026-09-27T13:00-04:00,1,0,2026-09-27T12:41-04:00,982c30fec8,2026-09-27T12:36-04:00
jayden daniels,Jayden Daniels,Rayland,QB,WAS,BN,0.00,0.00,0.00,,2026-09-27T13:00-04:00,1,0,2026-09-27T12:41-04:00,982c30fec8,2026-09-27T12:36-04:00
jakobi meyers,Jakobi Meyers,Rayland,WR,JAX,BN,9.15,8.33,8.84,"rec,rec_yd,td",2026-09-27T13:00-04:00,1,0,2026-09-27T12:41-04:00,982c30fec8,2026-09-27T12:36-04:00
chris rodriguez,Chris Rodriguez Jr.,Rayland,RB,JAX,BN,5.06,4.66,4.86,"rush_yd,td",2026-09-27T13:00-04:00,1,0,2026-09-27T12:41-04:00,982c30fec8,2026-09-27T12:36-04:00
ty tracy,Tyrone Tracy Jr.,Rayland,RB,NYG,BN,3.01,3.26,2.75,td,2026-09-27T13:00-04:00,1,0,2026-09-27T12:41-04:00,982c30fec8,2026-09-27T12:36-04:00
jerry jeudy,Jerry Jeudy,Rayland,WR,CLE,BN,5.42,6.10,5.93,"rec,rec_yd,td",2026-09-27T13:00-04:00,1,0,2026-09-27T12:41-04:00,982c30fec8,2026-09-27T12:36-04:00
harrison butker,Harrison Butker,Rayland,K,KC,K,9.55,9.55,9.81,,2026-09-27T13:00-04:00,1,0,2026-09-27T12:41-04:00,982c30fec8,2026-09-27T12:36-04:00
seattle,Seattle,Rayland,DEF,SEA,DEF,9.61,9.61,,,2026-09-27T13:00-04:00,1,0,2026-09-27T12:41-04:00,982c30fec8,2026-09-27T12:36-04:00
josh allen,Josh Allen,Short Bus,QB,BUF,QB,28.58,28.00,29.01,"rush_yd,pass_yd,pass_td,td",2026-09-27T13:00-04:00,1,0,2026-09-27T12:41-04:00,982c30fec8,2026-09-27T12:36-04:00
mike pittman,Michael Pittman Jr.,Short Bus,WR,PIT,WR3,7.16,9.38,10.11,"rec,rec_yd,td",2026-09-27T13:00-04:00,1,0,2026-09-27T12:41-04:00,982c30fec8,2026-09-27T12:36-04:00
carnell tate,Carnell Tate,Short Bus,WR,TEN,W/R/T,9.06,8.99,9.13,"rec,rec_yd,td",2026-09-27T13:00-04:00,1,0,2026-09-27T12:41-04:00,982c30fec8,2026-09-27T12:36-04:00
adonai mitchell,Adonai Mitchell,Short Bus,WR,NYJ,BN,9.57,0.00,0.00,"rec,rec_yd,td",2026-09-27T13:00-04:00,1,0,2026-09-27T12:41-04:00,982c30fec8,2026-09-27T12:36-04:00
aj barner,AJ Barner,Short Bus,TE,SEA,BN,6.76,8.42,7.26,"rec,rec_yd,td",2026-09-27T13:00-04:00,1,0,2026-09-27T12:41-04:00,982c30fec8,2026-09-27T12:36-04:00
rachaad white,Rachaad White,Short Bus,RB,WAS,BN,8.42,6.97,7.75,"rec,rec_yd,rush_yd,td",2026-09-27T13:00-04:00,1,0,2026-09-27T12:41-04:00,982c30fec8,2026-09-27T12:36-04:00
jared goff,Jared Goff,Short Bus,QB,DET,BN,25.52,25.43,26.16,"rush_yd,pass_yd,pass_td,td",2026-09-27T13:00-04:00,1,0,2026-09-27T12:41-04:00,982c30fec8,2026-09-27T12:36-04:00
george holani,George Holani,Short Bus,RB,SEA,BN,5.34,5.63,4.85,td,2026-09-27T13:00-04:00,1,0,2026-09-27T12:41-04:00,982c30fec8,2026-09-27T12:36-04:00
cj stroud,C.J. Stroud,Sycawhores,QB,HOU,QB,20.79,19.39,21.84,"rush_yd,pass_yd,pass_td,td",2026-09-27T13:00-04:00,1,0,2026-09-27T12:41-04:00,982c30fec8,2026-09-27T12:36-04:00
jadarian price,Jadarian Price,Sycawhores,RB,SEA,RB1,11.51,9.97,11.61,"rec,rec_yd,rush_yd,td",2026-09-27T13:00-04:00,1,0,2026-09-27T12:41-04:00,982c30fec8,2026-09-27T12:36-04:00
rhamondre stevenson,Rhamondre Stevenson,Sycawhores,RB,NE,RB2,10.73,10.60,10.63,"rec,rec_yd,rush_yd,td",2026-09-27T13:00-04:00,1,0,2026-09-27T12:41-04:00,982c30fec8,2026-09-27T12:36-04:00
josh downs,Josh Downs,Sycawhores,WR,IND,WR2,11.97,11.11,12.28,"rec,rec_yd,td",2026-09-27T13:00-04:00,1,0,2026-09-27T12:41-04:00,982c30fec8,2026-09-27T12:36-04:00
hunter henry,Hunter Henry,Sycawhores,TE,NE,TE,10.21,10.51,11.11,"rec,rec_yd,td",2026-09-27T13:00-04:00,1,0,2026-09-27T12:41-04:00,982c30fec8,2026-09-27T12:36-04:00
stefon diggs,Stefon Diggs,Sycawhores,WR,WAS,W/R/T,9.03,9.18,9.65,"rec,rec_yd,td",2026-09-27T13:00-04:00,1,0,2026-09-27T12:41-04:00,982c30fec8,2026-09-27T12:36-04:00
nico collins,Nico Collins,Sycawhores,WR,HOU,BN,0.00,0.00,0.00,,2026-09-27T13:00-04:00,1,0,2026-09-27T12:41-04:00,982c30fec8,2026-09-27T12:36-04:00
jacory croskey merritt,Jacory Croskey-Merritt,Sycawhores,RB,WAS,BN,7.44,9.32,8.80,"rush_yd,td",2026-09-27T13:00-04:00,1,0,2026-09-27T12:41-04:00,982c30fec8,2026-09-27T12:36-04:00
rico dowdle,Rico Dowdle,Sycawhores,RB,PIT,BN,0.00,0.00,0.00,,2026-09-27T13:00-04:00,1,0,2026-09-27T12:41-04:00,982c30fec8,2026-09-27T12:36-04:00
rashid shaheed,Rashid Shaheed,Sycawhores,WR,SEA,BN,7.87,8.39,8.61,"rec,rec_yd,td",2026-09-27T13:00-04:00,1,0,2026-09-27T12:41-04:00,982c30fec8,2026-09-27T12:36-04:00
zach charbonnet,Zach Charbonnet,Sycawhores,RB,SEA,BN,0.00,0.00,0.00,,2026-09-27T13:00-04:00,1,0,2026-09-27T12:41-04:00,982c30fec8,2026-09-27T12:36-04:00
oronde gadsden,Oronde Gadsden,Sycawhores,TE,LAC,BN,9.25,8.98,8.17,"rec,rec_yd,td",2026-09-27T13:00-04:00,1,0,2026-09-27T12:41-04:00,982c30fec8,2026-09-27T12:36-04:00
tyler bass,Tyler Bass,Sycawhores,K,BUF,K,9.34,9.34,9.64,,2026-09-27T13:00-04:00,1,0,2026-09-27T12:41-04:00,982c30fec8,2026-09-27T12:36-04:00
jon taylor,Jonathan Taylor,Bad News Bears,RB,IND,RB1,18.70,19.78,18.49,"rec,rec_yd,rush_yd,td",2026-09-27T13:00-04:00,1,0,2026-09-27T12:41-04:00,982c30fec8,2026-09-27T12:36-04:00
jalen coker,Jalen Coker,Bad News Bears,WR,CAR,WR3,13.05,14.65,13.37,"rec,rec_yd,td",2026-09-27T13:00-04:00,1,0,2026-09-27T12:41-04:00,982c30fec8,2026-09-27T12:36-04:00
dk metcalf,DK Metcalf,Bad News Bears,WR,PIT,BN,12.15,11.15,12.58,"rec,rec_yd,td",2026-09-27T13:00-04:00,1,0,2026-09-27T12:41-04:00,982c30fec8,2026-09-27T12:36-04:00
terry mclaurin,Terry McLaurin,Bad News Bears,WR,WAS,BN,9.51,9.76,10.50,"rec,rec_yd,td",2026-09-27T13:00-04:00,1,0,2026-09-27T12:41-04:00,982c30fec8,2026-09-27T12:36-04:00
tony pollard,Tony Pollard,Bad News Bears,RB,TEN,BN,11.47,12.33,10.79,"rec,rec_yd,rush_yd,td",2026-09-27T13:00-04:00,1,0,2026-09-27T12:41-04:00,982c30fec8,2026-09-27T12:36-04:00
kc concepcion,KC Concepcion Jr.,Bad News Bears,WR,CLE,BN,9.52,9.52,10.38,,2026-09-27T13:00-04:00,1,0,2026-09-27T12:41-04:00,982c30fec8,2026-09-27T12:36-04:00
darren waller,Darren Waller,Bad News Bears,TE,CAR,BN,6.17,7.84,7.13,"rec,rec_yd,td",2026-09-27T13:00-04:00,1,0,2026-09-27T12:41-04:00,982c30fec8,2026-09-27T12:36-04:00
DST:NYG,Giants,Bad News Bears,DEF,NYG,DEF,9.18,9.18,7.54,,2026-09-27T13:00-04:00,1,0,2026-09-27T12:41-04:00,982c30fec8,2026-09-27T12:36-04:00
DST:HOU,Texans,Deadites,DEF,HOU,DEF,6.98,6.98,6.13,,2026-09-27T13:00-04:00,1,0,2026-09-27T12:41-04:00,982c30fec8,2026-09-27T12:36-04:00
DST:SEA,Seahawks,Rayland,DEF,SEA,DEF,9.61,9.61,8.59,,2026-09-27T13:00-04:00,1,0,2026-09-27T12:41-04:00,982c30fec8,2026-09-27T12:36-04:00
DST:LAC,Chargers,Short Bus,DEF,LAC,DEF,2.87,2.87,3.75,,2026-09-27T13:00-04:00,1,0,2026-09-27T12:41-04:00,982c30fec8,2026-09-27T12:36-04:00
DST:KC,Chiefs,Regulators,DEF,KC,DEF,9.25,9.25,8.06,,2026-09-27T13:00-04:00,1,0,2026-09-27T12:41-04:00,982c30fec8,2026-09-27T12:36-04:00
tre harris,Tre' Harris,Regulators,WR,LAC,WR3,7.45,7.28,,"rec,rec_yd,td",2026-09-27T13:00-04:00,1,0,2026-09-27T12:41-04:00,982c30fec8,2026-09-27T12:36-04:00
braelon allen,Braelon Allen,Bad News Bears,RB,NYJ,BN,4.98,6.31,,"rush_yd,td",2026-09-27T13:00-04:00,1,0,2026-09-27T12:41-04:00,982c30fec8,2026-09-27T12:36-04:00
jeremiyah love,Jeremiyah Love,Regulators,RB,ARI,W/R/T,11.62,14.59,13.55,"rec,rec_yd,rush_yd,td",2026-09-27T16:05-04:00,1,0,2026-09-27T14:53-04:00,72c605cba8,2026-09-27T14:48-04:00
kaelon black,Kaelon Black,Regulators,RB,SF,BN,6.56,5.46,5.60,"rush_yd,td",2026-09-27T16:05-04:00,1,0,2026-09-27T14:53-04:00,72c605cba8,2026-09-27T14:48-04:00
chase mclaughlin,Chase McLaughlin,Regulators,K,TB,K,8.93,8.93,8.71,,2026-09-27T16:05-04:00,1,0,2026-09-27T14:53-04:00,72c605cba8,2026-09-27T14:48-04:00
kenny gainwell,Kenny Gainwell,65 SOUTH,RB,TB,BN,7.19,7.67,7.91,"rec,rec_yd,rush_yd,td",2026-09-27T16:05-04:00,1,0,2026-09-27T14:53-04:00,72c605cba8,2026-09-27T14:48-04:00
justin jefferson,Justin Jefferson,Ain’t No Waller-Back Girl,WR,MIN,WR1,16.16,16.64,16.29,"rec,rec_yd,td",2026-09-27T16:05-04:00,1,0,2026-09-27T14:53-04:00,72c605cba8,2026-09-27T14:48-04:00
emeka egbuka,Emeka Egbuka,Ain’t No Waller-Back Girl,WR,TB,WR3,11.50,9.72,11.09,"rec,rec_yd,td",2026-09-27T16:05-04:00,1,0,2026-09-27T14:53-04:00,72c605cba8,2026-09-27T14:48-04:00
george kittle,George Kittle,Deadites,TE,SF,TE,11.60,12.15,11.78,"rec,rec_yd,td",2026-09-27T16:05-04:00,1,0,2026-09-27T14:53-04:00,72c605cba8,2026-09-27T14:48-04:00
jordan mason,Jordan Mason,Deadites,RB,MIN,BN,0.00,0.00,0.00,,2026-09-27T16:05-04:00,1,0,2026-09-27T14:53-04:00,72c605cba8,2026-09-27T14:48-04:00
tj hockenson,T.J. Hockenson,Deadites,TE,MIN,BN,8.26,8.73,7.94,"rec,rec_yd,td",2026-09-27T16:05-04:00,1,0,2026-09-27T14:53-04:00,72c605cba8,2026-09-27T14:48-04:00
bucky irving,Bucky Irving,Ex-Presidents,RB,TB,RB2,13.68,14.63,13.70,"rec,rec_yd,rush_yd,td",2026-09-27T16:05-04:00,1,0,2026-09-27T14:53-04:00,72c605cba8,2026-09-27T14:48-04:00
marvin harrison,Marvin Harrison Jr.,Ex-Presidents,WR,ARI,BN,7.61,7.58,8.98,"rec,rec_yd,td",2026-09-27T16:05-04:00,1,0,2026-09-27T14:53-04:00,72c605cba8,2026-09-27T14:48-04:00
tyler allgeier,Tyler Allgeier,Ex-Presidents,RB,ARI,BN,8.03,7.11,7.29,"rec_yd,rush_yd,td",2026-09-27T16:05-04:00,1,0,2026-09-27T14:53-04:00,72c605cba8,2026-09-27T14:48-04:00
trey mcbride,Trey McBride,FWU,TE,ARI,TE,16.55,16.84,16.00,"rec,rec_yd,td",2026-09-27T16:05-04:00,1,0,2026-09-27T14:53-04:00,72c605cba8,2026-09-27T14:48-04:00
jalen mcmillan,Jalen McMillan,FWU,WR,TB,BN,4.07,2.22,4.07,"rec,rec_yd,td",2026-09-27T16:05-04:00,1,0,2026-09-27T14:53-04:00,72c605cba8,2026-09-27T14:48-04:00
kyler murray,Kyler Murray,FWU,QB,MIN,BN,20.86,21.69,22.55,"rush_yd,pass_yd,pass_td,td",2026-09-27T16:05-04:00,1,0,2026-09-27T14:53-04:00,72c605cba8,2026-09-27T14:48-04:00
jauan jennings,Jauan Jennings,OVERKILL,WR,MIN,BN,4.56,6.88,5.93,"rec,rec_yd,td",2026-09-27T16:05-04:00,1,0,2026-09-27T14:53-04:00,72c605cba8,2026-09-27T14:48-04:00
DST:SF,49ers,OVERKILL,DEF,SF,DEF,7.66,7.66,6.55,,2026-09-27T16:05-04:00,1,0,2026-09-27T14:53-04:00,72c605cba8,2026-09-27T14:48-04:00
DST:MIN,Vikings,OVERKILL,DEF,MIN,BN,7.36,7.36,6.58,,2026-09-27T16:05-04:00,1,0,2026-09-27T14:53-04:00,72c605cba8,2026-09-27T14:48-04:00
brock purdy,Brock Purdy,Phish Phanatics,QB,SF,QB,24.75,27.47,26.16,"rush_yd,pass_yd,pass_td,td",2026-09-27T16:05-04:00,1,0,2026-09-27T14:53-04:00,72c605cba8,2026-09-27T14:48-04:00
mike evans,Mike Evans,Phish Phanatics,WR,SF,WR3,12.52,12.52,13.36,,2026-09-27T16:05-04:00,1,0,2026-09-27T14:53-04:00,72c605cba8,2026-09-27T14:48-04:00
chris godwin,Chris Godwin Jr.,Phish Phanatics,WR,TB,BN,8.70,9.42,9.72,"rec,rec_yd,td",2026-09-27T16:05-04:00,1,0,2026-09-27T14:53-04:00,72c605cba8,2026-09-27T14:48-04:00
eddy pineiro,Eddy Pineiro,Phish Phanatics,K,SF,K,9.63,9.63,9.77,,2026-09-27T16:05-04:00,1,0,2026-09-27T14:53-04:00,72c605cba8,2026-09-27T14:48-04:00
mike wilson,Michael Wilson,Sycawhores,WR,ARI,WR3,10.69,11.91,11.08,"rec,rec_yd,td",2026-09-27T16:05-04:00,1,0,2026-09-27T14:53-04:00,72c605cba8,2026-09-27T14:48-04:00
christian mccaffrey,Christian McCaffrey,Bad News Bears,RB,SF,RB2,21.28,20.51,20.86,"rec,rec_yd,rush_yd,td",2026-09-27T16:05-04:00,1,0,2026-09-27T14:53-04:00,72c605cba8,2026-09-27T14:48-04:00
deebo samuel,Deebo Samuel Sr.,Bad News Bears,WR,SF,WR2,11.56,11.30,11.46,"rec,rec_yd,td",2026-09-27T16:05-04:00,1,0,2026-09-27T14:53-04:00,72c605cba8,2026-09-27T14:48-04:00
aaron jones,Aaron Jones Sr.,Bad News Bears,RB,MIN,W/R/T,12.76,12.82,12.53,"rec,rec_yd,rush_yd,td",2026-09-27T16:05-04:00,1,0,2026-09-27T14:53-04:00,72c605cba8,2026-09-27T14:48-04:00
jordan addison,Jordan Addison,Bad News Bears,WR,MIN,BN,9.23,9.17,9.35,"rec,rec_yd,td",2026-09-27T16:05-04:00,1,0,2026-09-27T14:53-04:00,72c605cba8,2026-09-27T14:48-04:00
ted hurst,Ted Hurst III,Phish Phanatics,WR,TB,BN,6.28,5.45,5.71,"rec,rec_yd,td",2026-09-27T16:05-04:00,1,0,2026-09-27T14:53-04:00,72c605cba8,2026-09-27T14:48-04:00
kendrick bourne,Kendrick Bourne,Deadites,WR,ARI,BN,6.20,5.57,,"rec,rec_yd,td",2026-09-27T16:05-04:00,1,0,2026-09-27T14:53-04:00,72c605cba8,2026-09-27T14:48-04:00
zay flowers,Zay Flowers,Regulators,WR,BAL,WR3,13.98,13.98,15.34,,2026-09-27T16:25-04:00,1,0,2026-09-27T14:53-04:00,72c605cba8,2026-09-27T14:48-04:00
lajohntay wester,LaJohntay Wester,Regulators,WR,BAL,BN,5.26,2.36,4.87,"rec,rec_yd,td",2026-09-27T16:25-04:00,1,0,2026-09-27T14:53-04:00,72c605cba8,2026-09-27T14:48-04:00
mike washington,Mike Washington Jr.,65 SOUTH,RB,LV,BN,3.89,3.19,3.97,"rush_yd,td",2026-09-27T16:25-04:00,1,0,2026-09-27T14:53-04:00,72c605cba8,2026-09-27T14:48-04:00
javonte williams,Javonte Williams,Ain’t No Waller-Back Girl,RB,DAL,RB1,15.38,15.34,14.60,"rec,rec_yd,rush_yd,td",2026-09-27T16:25-04:00,1,0,2026-09-27T14:53-04:00,72c605cba8,2026-09-27T14:48-04:00
ceedee lamb,CeeDee Lamb,Deadites,WR,DAL,WR1,18.22,17.34,18.68,"rec,rec_yd,td",2026-09-27T16:25-04:00,1,0,2026-09-27T14:53-04:00,72c605cba8,2026-09-27T14:48-04:00
juwan johnson,Juwan Johnson,Deadites,TE,NO,BN,8.89,10.26,10.04,"rec,rec_yd,td",2026-09-27T16:25-04:00,1,0,2026-09-27T14:53-04:00,72c605cba8,2026-09-27T14:48-04:00
mark andrews,Mark Andrews,Deadites,TE,BAL,BN,11.90,11.75,12.27,"rec,rec_yd,td",2026-09-27T16:25-04:00,1,0,2026-09-27T14:53-04:00,72c605cba8,2026-09-27T14:48-04:00
travis etienne,Travis Etienne Jr.,Ex-Presidents,RB,NO,BN,10.43,11.18,10.97,"rec,rec_yd,rush_yd,td",2026-09-27T16:25-04:00,1,0,2026-09-27T14:53-04:00,72c605cba8,2026-09-27T14:48-04:00
jakobi lane,Ja'Kobi Lane,Ex-Presidents,WR,BAL,BN,0.00,0.00,0.00,,2026-09-27T16:25-04:00,1,0,2026-09-27T14:53-04:00,72c605cba8,2026-09-27T14:48-04:00
dak prescott,Dak Prescott,FWU,QB,DAL,QB,24.10,24.43,26.15,"rush_yd,pass_yd,pass_td,td",2026-09-27T16:25-04:00,1,0,2026-09-27T14:53-04:00,72c605cba8,2026-09-27T14:48-04:00
chris olave,Chris Olave,FWU,WR,NO,WR1,16.86,17.80,17.84,"rec,rec_yd,td",2026-09-27T16:25-04:00,1,0,2026-09-27T14:53-04:00,72c605cba8,2026-09-27T14:48-04:00
jalen nailor,Jalen Nailor,FWU,WR,LV,BN,6.29,6.64,6.81,"rec,rec_yd,td",2026-09-27T16:25-04:00,1,0,2026-09-27T14:53-04:00,72c605cba8,2026-09-27T14:48-04:00
jordyn tyson,Jordyn Tyson,FWU,WR,NO,BN,0.00,0.00,0.00,,2026-09-27T16:25-04:00,1,0,2026-09-27T14:53-04:00,72c605cba8,2026-09-27T14:48-04:00
tyler loop,Tyler Loop,FWU,K,BAL,K,9.59,9.59,9.50,,2026-09-27T16:25-04:00,1,0,2026-09-27T14:53-04:00,72c605cba8,2026-09-27T14:48-04:00
ryan flournoy,Ryan Flournoy,OVERKILL,WR,DAL,BN,8.08,7.80,8.75,"rec,rec_yd,td",2026-09-27T16:25-04:00,1,0,2026-09-27T14:53-04:00,72c605cba8,2026-09-27T14:48-04:00
derrick henry,Derrick Henry,Phish Phanatics,RB,BAL,RB1,18.66,18.76,18.14,"rec,rec_yd,rush_yd,td",2026-09-27T16:25-04:00,1,0,2026-09-27T14:53-04:00,72c605cba8,2026-09-27T14:48-04:00
jake ferguson,Jake Ferguson,Phish Phanatics,TE,DAL,BN,8.34,9.19,9.58,"rec,rec_yd,td",2026-09-27T16:25-04:00,1,0,2026-09-27T14:53-04:00,72c605cba8,2026-09-27T14:48-04:00
tyler shough,Tyler Shough,Rayland,QB,NO,QB,23.42,23.23,24.53,"rush_yd,pass_yd,pass_td,td",2026-09-27T16:25-04:00,1,0,2026-09-27T14:53-04:00,72c605cba8,2026-09-27T14:48-04:00
tre tucker,Tre Tucker,Rayland,WR,LV,BN,9.68,8.85,8.97,"rec,rec_yd,td",2026-09-27T16:25-04:00,1,0,2026-09-27T14:53-04:00,72c605cba8,2026-09-27T14:48-04:00
rashod bateman,Rashod Bateman,Rayland,WR,BAL,BN,11.41,10.84,10.24,"rec,rec_yd,td",2026-09-27T16:25-04:00,1,0,2026-09-27T14:53-04:00,72c605cba8,2026-09-27T14:48-04:00
justice hill,Justice Hill,Rayland,RB,BAL,BN,6.70,6.93,6.06,"rec,rec_yd,rush_yd,td",2026-09-27T16:25-04:00,1,0,2026-09-27T14:53-04:00,72c605cba8,2026-09-27T14:48-04:00
ashton jeanty,Ashton Jeanty,Short Bus,RB,LV,RB2,17.30,15.81,16.12,"rec,rec_yd,rush_yd,td",2026-09-27T16:25-04:00,1,0,2026-09-27T14:53-04:00,72c605cba8,2026-09-27T14:48-04:00
devaughn vele,Devaughn Vele,Short Bus,WR,NO,WR2,10.93,9.99,10.39,"rec,rec_yd,td",2026-09-27T16:25-04:00,1,0,2026-09-27T14:53-04:00,72c605cba8,2026-09-27T14:48-04:00
brock bowers,Brock Bowers,Short Bus,TE,LV,TE,13.01,13.01,13.15,,2026-09-27T16:25-04:00,1,0,2026-09-27T14:53-04:00,72c605cba8,2026-09-27T14:48-04:00
fernando mendoza,Fernando Mendoza,Short Bus,QB,LV,BN,0.00,0.00,0.00,,2026-09-27T16:25-04:00,1,0,2026-09-27T14:53-04:00,72c605cba8,2026-09-27T14:48-04:00
george pickens,George Pickens,Sycawhores,WR,DAL,WR1,14.74,14.86,15.87,"rec,rec_yd,td",2026-09-27T16:25-04:00,1,0,2026-09-27T14:53-04:00,72c605cba8,2026-09-27T14:48-04:00
lamar jackson,Lamar Jackson,Bad News Bears,QB,BAL,QB,27.52,29.87,28.37,"rush_yd,pass_yd,pass_td,td",2026-09-27T16:25-04:00,1,0,2026-09-27T14:53-04:00,72c605cba8,2026-09-27T14:48-04:00
alvin kamara,Alvin Kamara,Bad News Bears,RB,NO,BN,9.74,8.04,8.24,"rec,rec_yd,rush_yd,td",2026-09-27T16:25-04:00,1,0,2026-09-27T14:53-04:00,72c605cba8,2026-09-27T14:48-04:00
brandon aubrey,Brandon Aubrey,Bad News Bears,K,DAL,K,10.04,10.04,9.56,,2026-09-27T16:25-04:00,1,0,2026-09-27T14:53-04:00,72c605cba8,2026-09-27T14:48-04:00
jk dobbins,J.K. Dobbins,65 SOUTH,RB,DEN,RB2,10.34,11.24,9.22,"rush_yd,td",2026-09-27T20:20-04:00,1,0,2026-09-27T20:01-04:00,41c8c1e781,2026-09-27T19:56-04:00
jaylen waddle,Jaylen Waddle,65 SOUTH,WR,DEN,WR3,13.51,13.29,14.25,"rec,rec_yd,td",2026-09-27T20:20-04:00,1,0,2026-09-27T20:01-04:00,41c8c1e781,2026-09-27T19:56-04:00
kyren williams,Kyren Williams,Ain’t No Waller-Back Girl,RB,LAR,RB2,13.63,13.45,13.20,"rec,rec_yd,rush_yd,td",2026-09-27T20:20-04:00,1,0,2026-09-27T20:01-04:00,41c8c1e781,2026-09-27T19:56-04:00
rj harvey,RJ Harvey,Ain’t No Waller-Back Girl,RB,DEN,BN,8.78,10.70,10.90,"rec,rec_yd,rush_yd,td",2026-09-27T20:20-04:00,1,0,2026-09-27T20:01-04:00,41c8c1e781,2026-09-27T19:56-04:00
DST:DEN,Broncos,Ain’t No Waller-Back Girl,DEF,DEN,DEF,6.23,6.23,5.47,,2026-09-27T20:20-04:00,1,0,2026-09-27T20:01-04:00,41c8c1e781,2026-09-27T19:56-04:00
bo nix,Bo Nix,Ex-Presidents,QB,DEN,QB,19.53,21.52,22.42,"rush_yd,pass_yd,pass_td,td",2026-09-27T20:20-04:00,1,0,2026-09-27T20:01-04:00,41c8c1e781,2026-09-27T19:56-04:00
DST:LAR,Rams,Ex-Presidents,DEF,LAR,DEF,6.26,6.26,5.57,,2026-09-27T20:20-04:00,1,0,2026-09-27T20:01-04:00,41c8c1e781,2026-09-27T19:56-04:00
matt stafford,Matthew Stafford,OVERKILL,QB,LAR,QB,20.12,20.69,21.46,"pass_yd,pass_td,td",2026-09-27T20:20-04:00,1,0,2026-09-27T20:01-04:00,41c8c1e781,2026-09-27T19:56-04:00
terrance ferguson,Terrance Ferguson,Phish Phanatics,TE,LAR,TE,11.51,7.61,9.35,"rec,rec_yd,td",2026-09-27T20:20-04:00,1,0,2026-09-27T20:01-04:00,41c8c1e781,2026-09-27T19:56-04:00
puka nacua,Puka Nacua,Phish Phanatics,WR,LAR,BN,0.00,0.00,0.00,,2026-09-27T20:20-04:00,1,0,2026-09-27T20:01-04:00,41c8c1e781,2026-09-27T19:56-04:00
pat bryant,Pat Bryant,Phish Phanatics,WR,DEN,BN,7.07,7.38,,"rec,rec_yd,td",2026-09-27T20:20-04:00,1,0,2026-09-27T20:01-04:00,41c8c1e781,2026-09-27T19:56-04:00
davante adams,Davante Adams,Short Bus,WR,LAR,WR1,16.32,14.17,15.06,"rec,rec_yd,td",2026-09-27T20:20-04:00,1,0,2026-09-27T20:01-04:00,41c8c1e781,2026-09-27T19:56-04:00
los angeles,Los Angeles,Ex-Presidents,DEF,LAR,DEF,0.72,,,,2026-09-27T20:20-04:00,1,0,2026-09-27T20:01-04:00,41c8c1e781,2026-09-27T19:56-04:00
courtland sutton,Courtland Sutton,Sycawhores,WR,DEN,BN,9.28,10.21,10.64,"rec,rec_yd,td",2026-09-27T20:20-04:00,1,0,2026-09-27T20:01-04:00,41c8c1e781,2026-09-27T19:56-04:00
blake corum,Blake Corum,Bad News Bears,RB,LAR,BN,7.89,8.17,8.69,"rec,rush_yd,td",2026-09-27T20:20-04:00,1,0,2026-09-27T20:01-04:00,41c8c1e781,2026-09-27T19:56-04:00
jonah coleman,Jonah Coleman,Phish Phanatics,RB,DEN,BN,0.00,0.00,,,2026-09-27T20:20-04:00,1,0,2026-09-27T20:01-04:00,41c8c1e781,2026-09-27T19:56-04:00
jalen hurts,Jalen Hurts,Regulators,QB,PHI,QB,22.37,21.64,23.18,"rush_yd,pass_yd,pass_td,td",2026-09-28T20:15-04:00,1,0,2026-09-28T16:49-04:00,f27c0de8fc,2026-09-28T16:44-04:00
dontayvion wicks,Dontayvion Wicks,Regulators,WR,PHI,WR2,9.62,9.20,8.97,"rec,rec_yd,td",2026-09-28T20:15-04:00,1,0,2026-09-28T16:49-04:00,f27c0de8fc,2026-09-28T16:44-04:00
dallas goedert,Dallas Goedert,Regulators,TE,PHI,BN,0.00,0.00,0.00,,2026-09-28T20:15-04:00,1,0,2026-09-28T16:49-04:00,f27c0de8fc,2026-09-28T16:44-04:00
tank bigsby,Tank Bigsby,Regulators,RB,PHI,BN,3.48,4.66,3.95,"rush_yd,td",2026-09-28T20:15-04:00,1,0,2026-09-28T16:49-04:00,f27c0de8fc,2026-09-28T16:44-04:00
luther burden,Luther Burden III,Ex-Presidents,WR,CHI,WR1,9.11,9.63,10.43,"rec,rec_yd,td",2026-09-28T20:15-04:00,1,0,2026-09-28T16:49-04:00,f27c0de8fc,2026-09-28T16:44-04:00
colston loveland,Colston Loveland,Ex-Presidents,TE,CHI,TE,8.37,8.94,9.25,"rec,rec_yd,td",2026-09-28T20:15-04:00,1,0,2026-09-28T16:49-04:00,f27c0de8fc,2026-09-28T16:44-04:00
saquon barkley,Saquon Barkley,FWU,RB,PHI,RB2,15.10,15.81,14.86,"rec,rec_yd,rush_yd,td",2026-09-28T20:15-04:00,1,0,2026-09-28T16:49-04:00,f27c0de8fc,2026-09-28T16:44-04:00
philadelphia,Philadelphia,FWU,DEF,PHI,DEF,8.34,8.34,,,2026-09-28T20:15-04:00,1,0,2026-09-28T16:49-04:00,f27c0de8fc,2026-09-28T16:44-04:00
makai lemon,Makai Lemon,OVERKILL,WR,PHI,BN,7.26,5.92,6.96,"rec,rec_yd,td",2026-09-28T20:15-04:00,1,0,2026-09-28T16:49-04:00,f27c0de8fc,2026-09-28T16:44-04:00
dandre swift,D'Andre Swift,Phish Phanatics,RB,CHI,RB2,13.47,13.87,13.09,"rec,rec_yd,rush_yd,td",2026-09-28T20:15-04:00,1,0,2026-09-28T16:49-04:00,f27c0de8fc,2026-09-28T16:44-04:00
kyle monangai,Kyle Monangai,Phish Phanatics,RB,CHI,BN,8.80,7.62,8.22,"rec,rec_yd,rush_yd,td",2026-09-28T20:15-04:00,1,0,2026-09-28T16:49-04:00,f27c0de8fc,2026-09-28T16:44-04:00
rome odunze,Rome Odunze,Rayland,WR,CHI,WR2,6.60,8.20,8.54,"rec,rec_yd,td",2026-09-28T20:15-04:00,1,0,2026-09-28T16:49-04:00,f27c0de8fc,2026-09-28T16:44-04:00
kalif raymond,Kalif Raymond,Short Bus,WR,CHI,BN,6.43,6.65,6.32,"rec,rec_yd,td",2026-09-28T20:15-04:00,1,0,2026-09-28T16:49-04:00,f27c0de8fc,2026-09-28T16:44-04:00
cairo santos,Cairo Santos,Short Bus,K,CHI,K,8.42,8.42,8.19,,2026-09-28T20:15-04:00,1,0,2026-09-28T16:49-04:00,f27c0de8fc,2026-09-28T16:44-04:00
caleb williams,Caleb Williams,Sycawhores,QB,CHI,BN,0.00,0.00,0.00,,2026-09-28T20:15-04:00,1,0,2026-09-28T16:49-04:00,f27c0de8fc,2026-09-28T16:44-04:00
devonta smith,DeVonta Smith,Bad News Bears,WR,PHI,WR1,15.46,15.07,15.12,"rec,rec_yd,td",2026-09-28T20:15-04:00,1,0,2026-09-28T16:49-04:00,f27c0de8fc,2026-09-28T16:44-04:00
DST:PHI,Eagles,FWU,DEF,PHI,DEF,8.34,8.34,7.83,,2026-09-28T20:15-04:00,1,0,2026-09-28T16:49-04:00,f27c0de8fc,2026-09-28T16:44-04:00
