key,player,owner,pos,tm,slot,engine,sleeper,yahoo,kalshi_fields,kick,locked,post,logged
jordan love,Jordan Love,My Team is on IR,QB,GB,QB,34.23,34.23,35.94,,2026-10-11T13:00-04:00,0,0,2026-10-07T03:43-04:00
chase brown,Chase Brown,My Team is on IR,RB,CIN,RB,17.67,17.33,16.53,td,2026-10-11T13:00-04:00,0,0,2026-10-07T03:43-04:00
puka nacua,Puka Nacua,My Team is on IR,WR,LAR,WR,21.22,21.22,22.50,,2026-10-12T20:15-04:00,0,0,2026-10-07T03:43-04:00
tyler warren,Tyler Warren,My Team is on IR,TE,IND,TE,10.81,10.51,10.92,td,2026-10-11T13:00-04:00,0,0,2026-10-07T03:43-04:00
dontayvion wicks,Dontayvion Wicks,My Team is on IR,WR,PHI,W/R,7.60,7.43,8.39,td,2026-10-11T09:30-04:00,0,0,2026-10-07T03:43-04:00
george pickens,George Pickens,My Team is on IR,WR,DAL,W/R/T,14.54,13.42,14.45,"rec,rec_yd,td",2026-10-08T20:15-04:00,0,0,2026-10-07T03:43-04:00
deshaun watson,Deshaun Watson,My Team is on IR,QB,CLE,Q/W/R/T,31.31,30.29,32.82,"rush_yd,pass_yd,pass_td,td",2026-10-11T13:00-04:00,0,0,2026-10-07T03:43-04:00
bryce young,Bryce Young,My Team is on IR,QB,CAR,BN,0.00,0.00,,,,0,0,2026-10-07T03:43-04:00
chuba hubbard,Chuba Hubbard,My Team is on IR,RB,CAR,BN,0.00,0.00,,,,0,0,2026-10-07T03:43-04:00
josh jacobs,Josh Jacobs,My Team is on IR,RB,GB,BN,0.00,0.00,0.00,,2026-10-11T13:00-04:00,0,0,2026-10-07T03:43-04:00
courtland sutton,Courtland Sutton,My Team is on IR,WR,DEN,BN,8.54,8.43,9.71,"rec_yd,td",2026-10-11T16:05-04:00,0,0,2026-10-07T03:43-04:00
breece hall,Breece Hall,My Team is on IR,RB,NYJ,BN,13.16,13.16,11.41,,2026-10-11T13:00-04:00,0,0,2026-10-07T03:43-04:00
chase mclaughlin,Chase McLaughlin,My Team is on IR,K,TB,K,12.40,12.40,9.79,,2026-10-08T20:15-04:00,0,0,2026-10-07T03:43-04:00
DST:LV,Raiders,My Team is on IR,DEF,LV,DEF,21.53,21.53,20.79,,2026-10-11T13:00-04:00,0,0,2026-10-07T03:43-04:00
DST:GB,Packers,My Team is on IR,DEF,GB,BN,23.67,23.67,22.77,,2026-10-11T13:00-04:00,0,0,2026-10-07T03:43-04:00
nakobe dean,Nakobe Dean,My Team is on IR,LB,LV,D,22.43,22.43,22.47,,2026-10-11T13:00-04:00,0,0,2026-10-07T03:43-04:00
quentin lake,Quentin Lake,My Team is on IR,"DB,S",LAR,DB,16.98,16.98,16.97,,2026-10-12T20:15-04:00,0,0,2026-10-07T03:43-04:00
andrew van ginkel,Andrew Van Ginkel,My Team is on IR,"LB,DE",MIN,DL,15.44,15.44,15.43,,2026-10-11T13:00-04:00,0,0,2026-10-07T03:43-04:00
ernest jones,Ernest Jones IV,My Team is on IR,LB,SEA,LB,19.57,19.57,19.59,,2026-10-11T16:25-04:00,0,0,2026-10-07T03:43-04:00
keisean nixon,Keisean Nixon,My Team is on IR,CB,GB,CB,14.07,14.07,14.16,,2026-10-11T13:00-04:00,0,0,2026-10-07T03:43-04:00
kevin byard,Kevin Byard III,My Team is on IR,S,NE,S,18.58,18.58,18.65,,2026-10-11T13:00-04:00,0,0,2026-10-07T03:43-04:00
donovan ezeiruaku,Donovan Ezeiruaku,My Team is on IR,"LB,DE",DAL,BN,14.52,14.52,14.50,,2026-10-08T20:15-04:00,0,0,2026-10-07T03:43-04:00
quincy williams,Quincy Williams,My Team is on IR,LB,CLE,BN,18.10,18.10,18.07,,2026-10-11T13:00-04:00,0,0,2026-10-07T03:43-04:00
josh allen,Josh Allen,JETS,QB,BUF,QB,37.66,37.66,39.07,,2026-10-12T20:15-04:00,0,0,2026-10-07T03:43-04:00
jon taylor,Jonathan Taylor,JETS,RB,IND,RB,18.92,19.07,16.12,td,2026-10-11T13:00-04:00,0,0,2026-10-07T03:43-04:00
jaylen waddle,Jaylen Waddle,JETS,WR,DEN,WR,11.99,12.51,13.50,"rec_yd,td",2026-10-11T16:05-04:00,0,0,2026-10-07T03:43-04:00
dalton schultz,Dalton Schultz,JETS,TE,HOU,TE,8.16,8.16,7.98,,2026-10-11T13:00-04:00,0,0,2026-10-07T03:43-04:00
aaron jones,Aaron Jones Sr.,JETS,RB,MIN,W/R,14.44,14.44,13.46,,2026-10-11T13:00-04:00,0,0,2026-10-07T03:43-04:00
dk metcalf,DK Metcalf,JETS,WR,PIT,W/R/T,12.65,13.10,13.55,td,2026-10-11T13:00-04:00,0,0,2026-10-07T03:43-04:00
bo nix,Bo Nix,JETS,QB,DEN,Q/W/R/T,33.84,34.86,35.78,"rush_yd,pass_yd,pass_td,td",2026-10-11T16:05-04:00,0,0,2026-10-07T03:43-04:00
david montgomery,David Montgomery,JETS,RB,HOU,BN,11.97,12.85,11.55,td,2026-10-11T13:00-04:00,0,0,2026-10-07T03:43-04:00
pat mahomes,Patrick Mahomes,JETS,QB,KC,BN,0.00,0.00,,,,0,0,2026-10-07T03:43-04:00
omarion hampton,Omarion Hampton,JETS,RB,LAC,BN,8.36,8.70,9.92,"rush_yd,td",2026-10-11T16:05-04:00,0,0,2026-10-07T03:43-04:00
kyle monangai,Kyle Monangai,JETS,RB,CHI,BN,9.15,9.15,9.21,,2026-10-11T13:00-04:00,0,0,2026-10-07T03:43-04:00
aj barner,AJ Barner,JETS,TE,SEA,BN,7.33,8.14,7.61,"rec_yd,td",2026-10-11T16:25-04:00,0,0,2026-10-07T03:43-04:00
evan mcpherson,Evan McPherson,JETS,K,CIN,K,13.34,13.34,11.03,,2026-10-11T13:00-04:00,0,0,2026-10-07T03:43-04:00
jason myers,Jason Myers,JETS,K,SEA,BN,13.94,13.94,11.12,,2026-10-11T16:25-04:00,0,0,2026-10-07T03:43-04:00
DST:CLE,Browns,JETS,DEF,CLE,DEF,25.06,25.06,29.16,,2026-10-11T13:00-04:00,0,0,2026-10-07T03:43-04:00
DST:CHI,Bears,JETS,DEF,CHI,BN,24.57,24.57,24.75,,2026-10-11T13:00-04:00,0,0,2026-10-07T03:43-04:00
alex singleton,Alex Singleton,JETS,LB,DEN,D,19.45,19.45,19.41,,2026-10-11T16:05-04:00,0,0,2026-10-07T03:43-04:00
dillon thieneman,Dillon Thieneman,JETS,S,CHI,DB,20.76,20.76,20.81,,2026-10-11T13:00-04:00,0,0,2026-10-07T03:43-04:00
danielle hunter,Danielle Hunter,JETS,"LB,DE",HOU,DL,12.53,12.53,12.49,,2026-10-11T13:00-04:00,0,0,2026-10-07T03:43-04:00
jamien sherwood,Jamien Sherwood,JETS,LB,NYJ,LB,19.46,19.46,19.45,,2026-10-11T13:00-04:00,0,0,2026-10-07T03:43-04:00
dax hill,Dax Hill,JETS,"S,CB",CIN,CB,15.01,15.01,15.04,,2026-10-11T13:00-04:00,0,0,2026-10-07T03:43-04:00
caleb downs,Caleb Downs,JETS,S,DAL,S,21.78,21.78,21.77,,2026-10-08T20:15-04:00,0,0,2026-10-07T03:43-04:00
jaishawn barham,Jaishawn Barham,JETS,"LB,DE",DAL,BN,15.43,15.43,15.42,,2026-10-08T20:15-04:00,0,0,2026-10-07T03:43-04:00
brock purdy,Brock Purdy,Pound the Rock,QB,SF,QB,34.34,34.70,35.55,"rush_yd,pass_yd,pass_td,td",2026-10-11T16:25-04:00,0,0,2026-10-07T03:43-04:00
james cook,James Cook III,Pound the Rock,RB,BUF,RB,14.94,14.94,13.37,,2026-10-12T20:15-04:00,0,0,2026-10-07T03:43-04:00
malik nabers,Malik Nabers,Pound the Rock,WR,NYG,WR,14.71,14.73,12.38,td,2026-10-11T13:00-04:00,0,0,2026-10-07T03:43-04:00
tucker kraft,Tucker Kraft,Pound the Rock,TE,GB,TE,10.62,10.62,11.10,,2026-10-11T13:00-04:00,0,0,2026-10-07T03:43-04:00
saquon barkley,Saquon Barkley,Pound the Rock,RB,PHI,W/R,0.00,0.00,4.71,,2026-10-11T09:30-04:00,0,0,2026-10-07T03:43-04:00
emeka egbuka,Emeka Egbuka,Pound the Rock,WR,TB,W/R/T,8.42,9.78,10.44,"rec,rec_yd,td",2026-10-08T20:15-04:00,0,0,2026-10-07T03:43-04:00
ladd mcconkey,Ladd McConkey,Pound the Rock,WR,LAC,Q/W/R/T,7.49,7.49,9.14,,2026-10-11T16:05-04:00,0,0,2026-10-07T03:43-04:00
devonta smith,DeVonta Smith,Pound the Rock,WR,PHI,BN,12.62,12.62,13.56,,2026-10-11T09:30-04:00,0,0,2026-10-07T03:43-04:00
brian thomas,Brian Thomas Jr.,Pound the Rock,WR,JAX,BN,6.32,6.45,7.21,"rec_yd,td",2026-10-11T09:30-04:00,0,0,2026-10-07T03:43-04:00
jacory croskey merritt,Jacory Croskey-Merritt,Pound the Rock,RB,WAS,BN,8.46,8.46,8.56,,2026-10-11T13:00-04:00,0,0,2026-10-07T03:43-04:00
blake corum,Blake Corum,Pound the Rock,RB,LAR,BN,6.52,6.52,7.32,,2026-10-12T20:15-04:00,0,0,2026-10-07T03:43-04:00
mark andrews,Mark Andrews,Pound the Rock,TE,BAL,BN,8.12,9.27,8.27,"rec_yd,td",2026-10-11T20:20-04:00,0,0,2026-10-07T03:43-04:00
baker mayfield,Baker Mayfield,Pound the Rock,QB,TB,BN,0.00,0.00,0.00,,2026-10-08T20:15-04:00,0,0,2026-10-07T03:43-04:00
matt gay,Matt Gay,Pound the Rock,K,LV,K,11.84,11.84,10.03,,2026-10-11T13:00-04:00,0,0,2026-10-07T03:43-04:00
DST:NE,Patriots,Pound the Rock,DEF,NE,DEF,24.68,24.68,24.89,,2026-10-11T13:00-04:00,0,0,2026-10-07T03:43-04:00
jaquan brisker,Jaquan Brisker,Pound the Rock,"DB,S",PIT,D,16.65,16.65,17.12,,2026-10-11T13:00-04:00,0,0,2026-10-07T03:43-04:00
cole bishop,Cole Bishop,Pound the Rock,S,BUF,DB,17.47,17.47,17.53,,2026-10-12T20:15-04:00,0,0,2026-10-07T03:43-04:00
dallas turner,Dallas Turner,Pound the Rock,"LB,DE",MIN,DL,12.94,12.94,12.94,,2026-10-11T13:00-04:00,0,0,2026-10-07T03:43-04:00
nate wiggins,Nate Wiggins,Pound the Rock,CB,BAL,CB,13.80,13.80,14.35,,2026-10-11T20:20-04:00,0,0,2026-10-07T03:43-04:00
talanoa hufanga,Talanoa Hufanga,Pound the Rock,S,DEN,S,17.44,17.44,17.92,,2026-10-11T16:05-04:00,0,0,2026-10-07T03:43-04:00
keondre jackson,Keondre Jackson,Pound the Rock,S,BAL,BN,1.70,1.70,1.72,,2026-10-11T20:20-04:00,0,0,2026-10-07T03:43-04:00
xavier mckinney,Xavier McKinney,Pound the Rock,S,GB,BN,16.13,16.13,16.20,,2026-10-11T13:00-04:00,0,0,2026-10-07T03:43-04:00
dan jones,Daniel Jones,Eatin Pigskins,QB,IND,QB,28.48,28.48,33.48,,2026-10-11T13:00-04:00,0,0,2026-10-07T03:43-04:00
bijan robinson,Bijan Robinson,Eatin Pigskins,RB,ATL,RB,21.99,24.21,22.08,"rec_yd,rush_yd,td",2026-10-11T20:20-04:00,0,0,2026-10-07T03:43-04:00
garrett wilson,Garrett Wilson,Eatin Pigskins,WR,NYJ,WR,15.63,14.94,14.71,"rec_yd,td",2026-10-11T13:00-04:00,0,0,2026-10-07T03:43-04:00
harold fannin,Harold Fannin Jr.,Eatin Pigskins,TE,CLE,TE,9.69,10.38,10.16,"rec_yd,td",2026-10-11T13:00-04:00,0,0,2026-10-07T03:43-04:00
devon achane,De'Von Achane,Eatin Pigskins,RB,MIA,W/R,0.00,0.00,0.00,,2026-10-11T13:00-04:00,0,0,2026-10-07T03:43-04:00
ashton jeanty,Ashton Jeanty,Eatin Pigskins,RB,LV,W/R/T,16.48,15.92,14.76,td,2026-10-11T13:00-04:00,0,0,2026-10-07T03:43-04:00
javonte williams,Javonte Williams,Eatin Pigskins,RB,DAL,Q/W/R/T,18.41,18.28,15.18,"rec,rec_yd,rush_yd,td",2026-10-08T20:15-04:00,0,0,2026-10-07T03:43-04:00
caleb williams,Caleb Williams,Eatin Pigskins,QB,CHI,BN,0.00,0.00,0.00,,2026-10-11T13:00-04:00,0,0,2026-10-07T03:43-04:00
quinshon judkins,Quinshon Judkins,Eatin Pigskins,RB,CLE,BN,12.61,11.84,12.11,"rush_yd,td",2026-10-11T13:00-04:00,0,0,2026-10-07T03:43-04:00
mike evans,Mike Evans,Eatin Pigskins,WR,SF,BN,11.61,13.64,12.19,"rec_yd,td",2026-10-11T16:25-04:00,0,0,2026-10-07T03:43-04:00
tony pollard,Tony Pollard,Eatin Pigskins,RB,TEN,BN,9.68,9.21,9.44,"rush_yd,td",2026-10-11T13:00-04:00,0,0,2026-10-07T03:43-04:00
rico dowdle,Rico Dowdle,Eatin Pigskins,RB,PIT,BN,9.77,9.77,8.73,,2026-10-11T13:00-04:00,0,0,2026-10-07T03:43-04:00
jordan addison,Jordan Addison,Eatin Pigskins,WR,MIN,BN,7.83,7.83,8.89,,2026-10-11T13:00-04:00,0,0,2026-10-07T03:43-04:00
isaiah likely,Isaiah Likely,Eatin Pigskins,TE,NYG,BN,10.64,11.48,10.44,td,2026-10-11T13:00-04:00,0,0,2026-10-07T03:43-04:00
cam little,Cam Little,Eatin Pigskins,K,JAX,K,13.94,13.94,11.38,,2026-10-11T09:30-04:00,0,0,2026-10-07T03:43-04:00
DST:PIT,Steelers,Eatin Pigskins,DEF,PIT,DEF,25.10,25.10,24.62,,2026-10-11T13:00-04:00,0,0,2026-10-07T03:43-04:00
drue tranquill,Drue Tranquill,Eatin Pigskins,LB,KC,D,0.00,0.00,,,,0,0,2026-10-07T03:43-04:00
malik mustapha,Malik Mustapha,Eatin Pigskins,"DB,S",SF,DB,16.20,16.20,16.25,,2026-10-11T16:25-04:00,0,0,2026-10-07T03:43-04:00
will anderson,Will Anderson Jr.,Eatin Pigskins,DE,HOU,DL,12.04,12.04,12.04,,2026-10-11T13:00-04:00,0,0,2026-10-07T03:43-04:00
divine deablo,Divine Deablo,Eatin Pigskins,LB,ATL,LB,16.10,16.10,16.07,,2026-10-11T20:20-04:00,0,0,2026-10-07T03:43-04:00
kamari lassiter,Kamari Lassiter,Eatin Pigskins,"DB,CB",HOU,CB,15.15,15.15,15.23,,2026-10-11T13:00-04:00,0,0,2026-10-07T03:43-04:00
julian love,Julian Love,Eatin Pigskins,S,SEA,S,17.14,17.14,17.12,,2026-10-11T16:25-04:00,0,0,2026-10-07T03:43-04:00
jonas sanker,Jonas Sanker,Eatin Pigskins,S,NO,BN,12.48,12.48,12.58,,2026-10-11T13:00-04:00,0,0,2026-10-07T03:43-04:00
trevor lawrence,Trevor Lawrence,Grey Poop On Bijan Mustard,QB,JAX,QB,34.03,33.67,34.38,"rush_yd,pass_yd,pass_td,td",2026-10-11T09:30-04:00,0,0,2026-10-07T03:43-04:00
christian mccaffrey,Christian McCaffrey,Grey Poop On Bijan Mustard,RB,SF,RB,18.97,17.75,17.52,"rec_yd,rush_yd,td",2026-10-11T16:25-04:00,0,0,2026-10-07T03:43-04:00
josh downs,Josh Downs,Grey Poop On Bijan Mustard,WR,IND,WR,10.42,10.42,11.15,,2026-10-11T13:00-04:00,0,0,2026-10-07T03:43-04:00
sam laporta,Sam LaPorta,Grey Poop On Bijan Mustard,TE,DET,TE,12.72,12.79,12.86,td,2026-10-11T16:25-04:00,0,0,2026-10-07T03:43-04:00
tetairoa mcmillan,Tetairoa McMillan,Grey Poop On Bijan Mustard,WR,CAR,W/R,0.00,0.00,,,,0,0,2026-10-07T03:43-04:00
jeremiyah love,Jeremiyah Love,Grey Poop On Bijan Mustard,RB,ARI,W/R/T,12.16,12.16,13.52,,2026-10-11T16:25-04:00,0,0,2026-10-07T03:43-04:00
kyler murray,Kyler Murray,Grey Poop On Bijan Mustard,QB,MIN,Q/W/R/T,31.28,31.28,35.29,,2026-10-11T13:00-04:00,0,0,2026-10-07T03:43-04:00
justin jefferson,Justin Jefferson,Grey Poop On Bijan Mustard,WR,MIN,BN,16.42,16.42,16.65,,2026-10-11T13:00-04:00,0,0,2026-10-07T03:43-04:00
rhamondre stevenson,Rhamondre Stevenson,Grey Poop On Bijan Mustard,RB,NE,BN,11.81,12.27,11.25,td,2026-10-11T13:00-04:00,0,0,2026-10-07T03:43-04:00
deebo samuel,Deebo Samuel Sr.,Grey Poop On Bijan Mustard,WR,SF,BN,9.29,9.70,10.61,"rec_yd,td",2026-10-11T16:25-04:00,0,0,2026-10-07T03:43-04:00
jake ferguson,Jake Ferguson,Grey Poop On Bijan Mustard,TE,DAL,BN,7.99,8.23,8.10,"rec,rec_yd,td",2026-10-08T20:15-04:00,0,0,2026-10-07T03:43-04:00
devaughn vele,Devaughn Vele,Grey Poop On Bijan Mustard,WR,NO,BN,9.52,9.52,9.37,,2026-10-11T13:00-04:00,0,0,2026-10-07T03:43-04:00
eddy pineiro,Eddy Pineiro,Grey Poop On Bijan Mustard,K,SF,K,11.77,11.77,9.85,,2026-10-11T16:25-04:00,0,0,2026-10-07T03:43-04:00
DST:BAL,Ravens,Grey Poop On Bijan Mustard,DEF,BAL,DEF,23.59,23.59,20.72,,2026-10-11T20:20-04:00,0,0,2026-10-07T03:43-04:00
fred warner,Fred Warner,Grey Poop On Bijan Mustard,LB,SF,D,18.94,18.94,18.93,,2026-10-11T16:25-04:00,0,0,2026-10-07T03:43-04:00
jordan battle,Jordan Battle,Grey Poop On Bijan Mustard,S,CIN,DB,16.66,16.66,16.74,,2026-10-11T13:00-04:00,0,0,2026-10-07T03:43-04:00
jeff simmons,Jeffery Simmons,Grey Poop On Bijan Mustard,"DT,DE",TEN,DL,11.90,11.90,11.90,,2026-10-11T13:00-04:00,0,0,2026-10-07T03:43-04:00
blake cashman,Blake Cashman,Grey Poop On Bijan Mustard,LB,MIN,LB,18.02,18.02,17.99,,2026-10-11T13:00-04:00,0,0,2026-10-07T03:43-04:00
dj reed,D.J. Reed,Grey Poop On Bijan Mustard,CB,DET,CB,15.72,15.72,15.76,,2026-10-11T16:25-04:00,0,0,2026-10-07T03:43-04:00
amani hooker,Amani Hooker,Grey Poop On Bijan Mustard,"DB,S",TEN,S,12.42,12.42,12.41,,2026-10-11T13:00-04:00,0,0,2026-10-07T03:43-04:00
byron murphy,Byron Murphy Jr.,Grey Poop On Bijan Mustard,CB,MIN,BN,13.13,13.13,13.21,,2026-10-11T13:00-04:00,0,0,2026-10-07T03:43-04:00
antoine winfield,Antoine Winfield Jr.,Grey Poop On Bijan Mustard,S,TB,BN,0.00,0.00,0.00,,2026-10-08T20:15-04:00,0,0,2026-10-07T03:43-04:00
edgerrin cooper,Edgerrin Cooper,Grey Poop On Bijan Mustard,LB,GB,BN,0.00,0.00,0.00,,2026-10-11T13:00-04:00,0,0,2026-10-07T03:43-04:00
dak prescott,Dak Prescott,Tecmo Bowlers,QB,DAL,QB,39.98,38.60,40.35,"rush_yd,pass_yd,pass_td,td",2026-10-08T20:15-04:00,0,0,2026-10-07T03:43-04:00
jaylen warren,Jaylen Warren,Tecmo Bowlers,RB,PIT,RB,15.82,14.74,13.35,td,2026-10-11T13:00-04:00,0,0,2026-10-07T03:43-04:00
jamarr chase,Ja'Marr Chase,Tecmo Bowlers,WR,CIN,WR,17.68,17.68,19.42,,2026-10-11T13:00-04:00,0,0,2026-10-07T03:43-04:00
trey mcbride,Trey McBride,Tecmo Bowlers,TE,ARI,TE,17.42,17.91,18.69,td,2026-10-11T16:25-04:00,0,0,2026-10-07T03:43-04:00
drake london,Drake London,Tecmo Bowlers,WR,ATL,W/R,17.09,18.23,16.98,"rec_yd,td",2026-10-11T20:20-04:00,0,0,2026-10-07T03:43-04:00
jameson williams,Jameson Williams,Tecmo Bowlers,WR,DET,W/R/T,12.23,11.84,12.09,td,2026-10-11T16:25-04:00,0,0,2026-10-07T03:43-04:00
jared goff,Jared Goff,Tecmo Bowlers,QB,DET,Q/W/R/T,40.58,41.86,41.20,"pass_yd,td",2026-10-11T16:25-04:00,0,0,2026-10-07T03:43-04:00
travis kelce,Travis Kelce,Tecmo Bowlers,TE,KC,BN,0.00,0.00,,,,0,0,2026-10-07T03:43-04:00
rome odunze,Rome Odunze,Tecmo Bowlers,WR,CHI,BN,9.14,9.14,9.44,,2026-10-11T13:00-04:00,0,0,2026-10-07T03:43-04:00
matt stafford,Matthew Stafford,Tecmo Bowlers,QB,LAR,BN,37.04,37.04,38.93,,2026-10-12T20:15-04:00,0,0,2026-10-07T03:43-04:00
malik washington,Malik Washington,Tecmo Bowlers,WR,MIA,BN,10.36,10.36,11.37,,2026-10-11T13:00-04:00,0,0,2026-10-07T03:43-04:00
denzel boston,Denzel Boston,Tecmo Bowlers,WR,CLE,BN,10.29,10.42,10.44,"rec_yd,td",2026-10-11T13:00-04:00,0,0,2026-10-07T03:43-04:00
cairo santos,Cairo Santos,Tecmo Bowlers,K,CHI,K,12.16,12.16,10.34,,2026-10-11T13:00-04:00,0,0,2026-10-07T03:43-04:00
DST:HOU,Texans,Tecmo Bowlers,DEF,HOU,DEF,27.76,27.76,28.57,,2026-10-11T13:00-04:00,0,0,2026-10-07T03:43-04:00
DST:KC,Chiefs,Tecmo Bowlers,DEF,KC,BN,,,,,,0,0,2026-10-07T03:43-04:00
foyesade oluokun,Foyesade Oluokun,Tecmo Bowlers,LB,JAX,D,22.61,22.61,22.69,,2026-10-11T09:30-04:00,0,0,2026-10-07T03:43-04:00
budda baker,Budda Baker,Tecmo Bowlers,S,ARI,DB,19.83,19.83,19.87,,2026-10-11T16:25-04:00,0,0,2026-10-07T03:43-04:00
tj watt,T.J. Watt,Tecmo Bowlers,"LB,DE",PIT,DL,12.91,12.91,12.94,,2026-10-11T13:00-04:00,0,0,2026-10-07T03:43-04:00
carson schwesinger,Carson Schwesinger,Tecmo Bowlers,LB,CLE,LB,21.41,21.41,21.44,,2026-10-11T13:00-04:00,0,0,2026-10-07T03:43-04:00
cooper dejean,Cooper DeJean,Tecmo Bowlers,"DB,CB",PHI,CB,16.63,16.63,17.14,,2026-10-11T09:30-04:00,0,0,2026-10-07T03:43-04:00
kam curl,Kam Curl,Tecmo Bowlers,S,LAR,S,15.64,15.64,15.67,,2026-10-12T20:15-04:00,0,0,2026-10-07T03:43-04:00
nick cross,Nick Cross,Tecmo Bowlers,S,WAS,BN,19.47,19.47,19.52,,2026-10-11T13:00-04:00,0,0,2026-10-07T03:43-04:00
alontae taylor,Alontae Taylor,Tecmo Bowlers,CB,TEN,BN,13.19,13.19,13.62,,2026-10-11T13:00-04:00,0,0,2026-10-07T03:43-04:00
joe burrow,Joe Burrow,The STRIB Club,QB,CIN,QB,39.23,39.23,41.52,,2026-10-11T13:00-04:00,0,0,2026-10-07T03:43-04:00
derrick henry,Derrick Henry,The STRIB Club,RB,BAL,RB,15.77,17.86,15.02,"rush_yd,td",2026-10-11T20:20-04:00,0,0,2026-10-07T03:43-04:00
parker washington,Parker Washington,The STRIB Club,WR,JAX,WR,13.65,14.24,13.55,"rec_yd,td",2026-10-11T09:30-04:00,0,0,2026-10-07T03:43-04:00
mike gesicki,Mike Gesicki,The STRIB Club,TE,CIN,TE,7.55,7.55,7.32,,2026-10-11T13:00-04:00,0,0,2026-10-07T03:43-04:00
mike wilson,Michael Wilson,The STRIB Club,WR,ARI,W/R,16.06,16.06,16.35,,2026-10-11T16:25-04:00,0,0,2026-10-07T03:43-04:00
christian watson,Christian Watson,The STRIB Club,WR,GB,W/R/T,15.38,15.38,15.42,,2026-10-11T13:00-04:00,0,0,2026-10-07T03:43-04:00
aaron rodgers,Aaron Rodgers,The STRIB Club,QB,PIT,Q/W/R/T,34.52,34.52,35.42,,2026-10-11T13:00-04:00,0,0,2026-10-07T03:43-04:00
tyler shough,Tyler Shough,The STRIB Club,QB,NO,BN,33.08,33.08,36.61,,2026-10-11T13:00-04:00,0,0,2026-10-07T03:43-04:00
dalton kincaid,Dalton Kincaid,The STRIB Club,TE,BUF,BN,10.14,10.14,10.07,,2026-10-12T20:15-04:00,0,0,2026-10-07T03:43-04:00
dandre swift,D'Andre Swift,The STRIB Club,RB,CHI,BN,13.90,13.90,12.29,,2026-10-11T13:00-04:00,0,0,2026-10-07T03:43-04:00
bucky irving,Bucky Irving,The STRIB Club,RB,TB,BN,12.52,15.69,12.89,"rec,rec_yd,rush_yd,td",2026-10-08T20:15-04:00,0,0,2026-10-07T03:43-04:00
tyreek hill,Tyreek Hill,The STRIB Club,WR,MIA,BN,0.00,0.00,0.00,,2026-10-11T13:00-04:00,0,0,2026-10-07T03:43-04:00
brandon aubrey,Brandon Aubrey,The STRIB Club,K,DAL,K,15.45,15.45,12.14,,2026-10-08T20:15-04:00,0,0,2026-10-07T03:43-04:00
DST:CIN,Bengals,The STRIB Club,DEF,CIN,DEF,27.37,27.37,30.76,,2026-10-11T13:00-04:00,0,0,2026-10-07T03:43-04:00
DST:DEN,Broncos,The STRIB Club,DEF,DEN,BN,25.95,25.95,27.14,,2026-10-11T16:05-04:00,0,0,2026-10-07T03:43-04:00
roquan smith,Roquan Smith,The STRIB Club,LB,BAL,D,21.45,21.45,21.46,,2026-10-11T20:20-04:00,0,0,2026-10-07T03:43-04:00
kyle hamilton,Kyle Hamilton,The STRIB Club,S,BAL,DB,19.26,19.26,19.30,,2026-10-11T20:20-04:00,0,0,2026-10-07T03:43-04:00
maxx crosby,Maxx Crosby,The STRIB Club,DE,LV,DL,13.69,13.69,13.68,,2026-10-11T13:00-04:00,0,0,2026-10-07T03:43-04:00
jack campbell,Jack Campbell,The STRIB Club,LB,DET,LB,26.45,26.45,26.44,,2026-10-11T16:25-04:00,0,0,2026-10-07T03:43-04:00
marlon humphrey,Marlon Humphrey,The STRIB Club,CB,BAL,CB,11.16,11.16,11.26,,2026-10-11T20:20-04:00,0,0,2026-10-07T03:43-04:00
nick emmanwori,Nick Emmanwori,The STRIB Club,S,SEA,S,17.94,17.94,17.98,,2026-10-11T16:25-04:00,0,0,2026-10-07T03:43-04:00
jordyn brooks,Jordyn Brooks,The STRIB Club,LB,MIA,BN,19.13,19.13,19.12,,2026-10-11T13:00-04:00,0,0,2026-10-07T03:43-04:00
tykee smith,Tykee Smith,The STRIB Club,"DB,S",TB,BN,16.88,16.88,16.89,,2026-10-08T20:15-04:00,0,0,2026-10-07T03:43-04:00
jacoby brissett,Jacoby Brissett,T-rex,QB,ARI,QB,38.10,37.38,40.39,"pass_yd,td",2026-10-11T16:25-04:00,0,0,2026-10-07T03:43-04:00
kyren williams,Kyren Williams,T-rex,RB,LAR,RB,17.82,17.82,15.80,,2026-10-12T20:15-04:00,0,0,2026-10-07T03:43-04:00
jaxon smith njigba,Jaxon Smith-Njigba,T-rex,WR,SEA,WR,20.77,23.17,26.92,"rec_yd,td",2026-10-11T16:25-04:00,0,0,2026-10-07T03:43-04:00
juwan johnson,Juwan Johnson,T-rex,TE,NO,TE,9.96,9.96,9.46,,2026-10-11T13:00-04:00,0,0,2026-10-07T03:43-04:00
chris olave,Chris Olave,T-rex,WR,NO,W/R,16.70,16.70,16.14,,2026-10-11T13:00-04:00,0,0,2026-10-07T03:43-04:00
george kittle,George Kittle,T-rex,TE,SF,W/R/T,13.07,12.54,12.05,"rec_yd,td",2026-10-11T16:25-04:00,0,0,2026-10-07T03:43-04:00
sam darnold,Sam Darnold,T-rex,QB,SEA,Q/W/R/T,33.38,33.34,35.23,"rush_yd,pass_yd,pass_td,td",2026-10-11T16:25-04:00,0,0,2026-10-07T03:43-04:00
dj moore,DJ Moore,T-rex,WR,BUF,BN,9.17,9.17,9.39,,2026-10-12T20:15-04:00,0,0,2026-10-07T03:43-04:00
kenny walker,Kenneth Walker III,T-rex,RB,KC,BN,0.00,0.00,,,,0,0,2026-10-07T03:43-04:00
kirk cousins,Kirk Cousins,T-rex,QB,LV,BN,32.79,32.46,33.20,"pass_yd,pass_td,td",2026-10-11T13:00-04:00,0,0,2026-10-07T03:43-04:00
rashee rice,Rashee Rice,T-rex,WR,KC,BN,0.00,0.00,,,,0,0,2026-10-07T03:43-04:00
spencer shrader,Spencer Shrader,T-rex,K,IND,K,12.71,12.71,10.97,,2026-10-11T13:00-04:00,0,0,2026-10-07T03:43-04:00
kaimi fairbairn,Ka'imi Fairbairn,T-rex,K,HOU,BN,14.05,14.05,11.42,,2026-10-11T13:00-04:00,0,0,2026-10-07T03:43-04:00
DST:MIN,Vikings,T-rex,DEF,MIN,DEF,24.89,24.89,25.53,,2026-10-11T13:00-04:00,0,0,2026-10-07T03:43-04:00
terrel bernard,Terrel Bernard,T-rex,LB,BUF,D,21.26,21.26,21.26,,2026-10-12T20:15-04:00,0,0,2026-10-07T03:43-04:00
josh metellus,Joshua Metellus,T-rex,"S,CB",MIN,DB,14.98,14.98,15.04,,2026-10-11T13:00-04:00,0,0,2026-10-07T03:43-04:00
greg rousseau,Greg Rousseau,T-rex,"LB,DE",BUF,DL,14.09,14.09,14.09,,2026-10-12T20:15-04:00,0,0,2026-10-07T03:43-04:00
jihaad campbell,Jihaad Campbell,T-rex,LB,PHI,LB,15.00,15.00,15.07,,2026-10-11T09:30-04:00,0,0,2026-10-07T03:43-04:00
devon witherspoon,Devon Witherspoon,T-rex,CB,SEA,CB,14.29,14.29,14.30,,2026-10-11T16:25-04:00,0,0,2026-10-07T03:43-04:00
kevin winston,Kevin Winston Jr.,T-rex,S,TEN,S,12.80,12.80,12.83,,2026-10-11T13:00-04:00,0,0,2026-10-07T03:43-04:00
demetrius knight,Demetrius Knight Jr.,T-rex,LB,CIN,BN,22.11,22.11,22.22,,2026-10-11T13:00-04:00,0,0,2026-10-07T03:43-04:00
nohl williams,Nohl Williams,T-rex,CB,KC,BN,0.00,0.00,,,,0,0,2026-10-07T03:43-04:00
reed blankenship,Reed Blankenship,T-rex,S,HOU,BN,14.16,14.16,14.20,,2026-10-11T13:00-04:00,0,0,2026-10-07T03:43-04:00
lamar jackson,Lamar Jackson,Maker's Mark,QB,BAL,QB,0.00,0.00,13.59,,2026-10-11T20:20-04:00,0,0,2026-10-07T03:43-04:00
cam skattebo,Cam Skattebo,Maker's Mark,RB,NYG,RB,13.39,12.66,12.41,td,2026-10-11T13:00-04:00,0,0,2026-10-07T03:43-04:00
amon ra st brown,Amon-Ra St. Brown,Maker's Mark,WR,DET,WR,20.21,21.09,24.07,td,2026-10-11T16:25-04:00,0,0,2026-10-07T03:43-04:00
colston loveland,Colston Loveland,Maker's Mark,TE,CHI,TE,9.17,9.17,9.82,,2026-10-11T13:00-04:00,0,0,2026-10-07T03:43-04:00
ceedee lamb,CeeDee Lamb,Maker's Mark,WR,DAL,W/R,19.51,20.30,20.64,"rec,rec_yd,td",2026-10-08T20:15-04:00,0,0,2026-10-07T03:43-04:00
davante adams,Davante Adams,Maker's Mark,WR,LAR,W/R/T,16.22,16.22,15.33,,2026-10-12T20:15-04:00,0,0,2026-10-07T03:43-04:00
jalen hurts,Jalen Hurts,Maker's Mark,QB,PHI,Q/W/R/T,29.62,30.50,32.13,"rush_yd,pass_yd,pass_td,td",2026-10-11T09:30-04:00,0,0,2026-10-07T03:43-04:00
matt golden,Matthew Golden,Maker's Mark,WR,GB,BN,13.01,13.01,14.22,,2026-10-11T13:00-04:00,0,0,2026-10-07T03:43-04:00
terry mclaurin,Terry McLaurin,Maker's Mark,WR,WAS,BN,10.15,10.15,10.53,,2026-10-11T13:00-04:00,0,0,2026-10-07T03:43-04:00
marshawn lloyd,MarShawn Lloyd,Maker's Mark,RB,GB,BN,7.86,7.86,8.03,,2026-10-11T13:00-04:00,0,0,2026-10-07T03:43-04:00
tyler loop,Tyler Loop,Maker's Mark,K,BAL,K,11.80,11.80,9.76,,2026-10-11T20:20-04:00,0,0,2026-10-07T03:43-04:00
DST:SEA,Seahawks,Maker's Mark,DEF,SEA,DEF,23.65,23.65,18.75,,2026-10-11T16:25-04:00,0,0,2026-10-07T03:43-04:00
zack baun,Zack Baun,Maker's Mark,LB,PHI,D,18.59,18.59,18.63,,2026-10-11T09:30-04:00,0,0,2026-10-07T03:43-04:00
jeremy chinn,Jeremy Chinn,Maker's Mark,S,LV,DB,16.69,16.69,16.71,,2026-10-11T13:00-04:00,0,0,2026-10-07T03:43-04:00
aidan hutchinson,Aidan Hutchinson,Maker's Mark,"DL,DE",DET,DL,14.65,14.65,14.94,,2026-10-11T16:25-04:00,0,0,2026-10-07T03:43-04:00
sonny styles,Sonny Styles,Maker's Mark,LB,WAS,LB,20.35,20.35,20.35,,2026-10-11T13:00-04:00,0,0,2026-10-07T03:43-04:00
kool aid mckinstry,Kool-Aid McKinstry,Maker's Mark,"DB,CB",NO,CB,14.82,14.82,15.41,,2026-10-11T13:00-04:00,0,0,2026-10-07T03:43-04:00
xavier watts,Xavier Watts,Maker's Mark,S,ATL,S,18.26,18.26,18.30,,2026-10-11T20:20-04:00,0,0,2026-10-07T03:43-04:00
chamarri conner,Chamarri Conner,Maker's Mark,"DB,S",KC,BN,0.00,0.00,,,,0,0,2026-10-07T03:43-04:00
nick bolton,Nick Bolton,Maker's Mark,LB,KC,BN,0.00,0.00,,,,0,0,2026-10-07T03:43-04:00
trevon moehrig,Tre'von Moehrig,Maker's Mark,S,CAR,BN,0.00,0.00,,,,0,0,2026-10-07T03:43-04:00
austin booker,Austin Booker,Maker's Mark,"DL,DE",CHI,BN,13.48,13.48,13.51,,2026-10-11T13:00-04:00,0,0,2026-10-07T03:43-04:00
evan williams,Evan Williams,Maker's Mark,"DB,S",GB,BN,14.97,14.97,15.01,,2026-10-11T13:00-04:00,0,0,2026-10-07T03:43-04:00
justin herbert,Justin Herbert,Fumbling Idiot,QB,LAC,QB,30.12,29.74,32.03,"pass_yd,pass_td,td",2026-10-11T16:05-04:00,0,0,2026-10-07T03:43-04:00
jahmyr gibbs,Jahmyr Gibbs,Fumbling Idiot,RB,DET,RB,25.88,25.38,24.57,td,2026-10-11T16:25-04:00,0,0,2026-10-07T03:43-04:00
nico collins,Nico Collins,Fumbling Idiot,WR,HOU,WR,16.41,16.99,17.89,"rec_yd,td",2026-10-11T13:00-04:00,0,0,2026-10-07T03:43-04:00
brock bowers,Brock Bowers,Fumbling Idiot,TE,LV,TE,15.32,15.42,13.87,td,2026-10-11T13:00-04:00,0,0,2026-10-07T03:43-04:00
tee higgins,Tee Higgins,Fumbling Idiot,WR,CIN,W/R,13.36,13.36,14.70,,2026-10-11T13:00-04:00,0,0,2026-10-07T03:43-04:00
zay flowers,Zay Flowers,Fumbling Idiot,WR,BAL,W/R/T,14.14,17.44,16.01,"rec_yd,td",2026-10-11T20:20-04:00,0,0,2026-10-07T03:43-04:00
luther burden,Luther Burden III,Fumbling Idiot,WR,CHI,Q/W/R/T,11.20,11.20,12.01,,2026-10-11T13:00-04:00,0,0,2026-10-07T03:43-04:00
bhayshul tuten,Bhayshul Tuten,Fumbling Idiot,RB,JAX,BN,13.33,12.48,11.99,"rec_yd,rush_yd,td",2026-10-11T09:30-04:00,0,0,2026-10-07T03:43-04:00
jadarian price,Jadarian Price,Fumbling Idiot,RB,SEA,BN,0.00,0.00,0.00,,2026-10-11T16:25-04:00,0,0,2026-10-07T03:43-04:00
chris godwin,Chris Godwin Jr.,Fumbling Idiot,WR,TB,BN,7.45,9.55,9.12,"rec,rec_yd,td",2026-10-08T20:15-04:00,0,0,2026-10-07T03:43-04:00
jk dobbins,J.K. Dobbins,Fumbling Idiot,RB,DEN,BN,9.47,9.06,7.98,"rush_yd,td",2026-10-11T16:05-04:00,0,0,2026-10-07T03:43-04:00
stefon diggs,Stefon Diggs,Fumbling Idiot,WR,WAS,BN,11.10,11.10,10.18,,2026-10-11T13:00-04:00,0,0,2026-10-07T03:43-04:00
dallas goedert,Dallas Goedert,Fumbling Idiot,TE,PHI,BN,0.00,0.00,0.01,,2026-10-11T09:30-04:00,0,0,2026-10-07T03:43-04:00
cj stroud,C.J. Stroud,Fumbling Idiot,QB,HOU,BN,32.66,30.66,35.51,"pass_td,td",2026-10-11T13:00-04:00,0,0,2026-10-07T03:43-04:00
will reichard,Will Reichard,Fumbling Idiot,K,MIN,K,14.19,14.19,11.23,,2026-10-11T13:00-04:00,0,0,2026-10-07T03:43-04:00
DST:JAX,Jaguars,Fumbling Idiot,DEF,JAX,DEF,26.93,26.93,27.16,,2026-10-11T09:30-04:00,0,0,2026-10-07T03:43-04:00
juanyeh thomas,Juanyeh Thomas,Fumbling Idiot,S,DAL,D,0.00,0.00,0.00,,2026-10-08T20:15-04:00,0,0,2026-10-07T03:43-04:00
josh blackwell,Josh Blackwell,Fumbling Idiot,"DB,CB",CHI,DB,0.00,0.00,0.00,,2026-10-11T13:00-04:00,0,0,2026-10-07T03:43-04:00
nick bosa,Nick Bosa,Fumbling Idiot,"DL,DE",SF,DL,9.86,9.86,9.84,,2026-10-11T16:25-04:00,0,0,2026-10-07T03:43-04:00
jalen reeves maybin,Jalen Reeves-Maybin,Fumbling Idiot,LB,CHI,LB,0.00,0.00,0.00,,2026-10-11T13:00-04:00,0,0,2026-10-07T03:43-04:00
andrew mukuba,Andrew Mukuba,Fumbling Idiot,S,PHI,S,10.38,10.38,10.46,,2026-10-11T09:30-04:00,0,0,2026-10-07T03:43-04:00
kitan crawford,Kitan Crawford,Fumbling Idiot,S,ARI,BN,0.00,0.00,0.00,,2026-10-11T16:25-04:00,0,0,2026-10-07T03:43-04:00
ifeatu melifonwu,Ifeatu Melifonwu,Fumbling Idiot,S,TB,BN,0.00,0.00,0.00,,2026-10-08T20:15-04:00,0,0,2026-10-07T03:43-04:00
devin lloyd,Devin Lloyd,Pound the Rock,LB,CAR,BN,0.00,0.00,,,,0,0,2026-10-07T03:43-04:00
kyle pitts,Kyle Pitts Sr.,Maker's Mark,TE,ATL,TE,7.23,7.23,7.34,,2026-10-11T20:20-04:00,0,0,2026-10-06T18:48-04:00
harrison butker,Harrison Butker,Tecmo Bowlers,K,KC,K,0.00,0.00,,,,0,0,2026-10-06T18:28-04:00
